code,name,price,position,vol_ratio,pct_20d,stage,confidence,reasons,date
sh600018,上港集团,5.36,78.28054298642539,1.0112693790823954,3.4749034749034866,出货,85.71428571428571,位置分位78.3%（中高位）,2026-09-18
sh600113,浙江东日,30.21,14.859437751004018,0.9160836024398995,-0.6249999999999926,建仓后期,66.66666666666666,位置分位14.9%（低位）,2026-09-18
sh603790,雅运股份,24.54,43.03253529772866,0.8385105696304663,1.029230135858378,建仓后期,57.14285714285714,"位置分位43.0%（中低位）, MA20之上",2026-09-18
sh688153,唯捷创芯,25.67,22.200452147701593,1.3276381640971906,0.15606710885681896,建仓后期,90.9090909090909,"位置分位22.2%（低位）, 当日涨3.63%, MA20之上, 价升量增",2026-09-18
sh601609,金田股份,13.28,79.08448083364345,1.0719372052165728,0.37792894935751276,出货,66.66666666666666,位置分位79.1%（中高位）,2026-09-18
sh600520,三佳科技,26.23,29.32668329177057,1.8186158717394583,6.280388978930311,建仓后期,94.44444444444444,"位置分位29.3%（低位）, 低位放量（量比1.82）, 低位涨6.3%, 当日涨6.11%, MA20之上, 价升量增",2026-09-18
sh688689,常州银河微电,40.95,19.56307669863963,1.371577596177024,1.5373171336474203,建仓后期,90.9090909090909,"位置分位19.6%（低位）, 当日涨3.54%, MA20之上, 价升量增",2026-09-18
sh603536,惠发食品,9.81,63.60946745562133,0.9095072580869856,3.263157894736848,洗盘,66.66666666666666,位置分位63.6%（中位）,2026-09-18
sh603356,华菱精工,17.01,58.01104972375693,1.1965746242572528,-0.11743981209629813,洗盘,66.66666666666666,位置分位58.0%（中位）,2026-09-18
sh603230,内蒙新华,13.48,100.0,2.9755839425041226,48.458149779735685,拉升,50.0,"20日大涨48.5%, 当日大涨10.04%, MA20之上, MA60之上, 价升量增",2026-09-18
sh600395,盘江股份,5.03,34.2391304347826,1.2893790920231512,-7.87545787545787,建仓后期,50.0,位置分位34.2%（中低位）,2026-09-18
sh600383,金地集团,2.25,17.886178861788636,1.960647638374205,1.8099547511312233,建仓后期,87.5,"位置分位17.9%（低位）, 低位放量（量比1.96）, 当日涨4.65%, 价升量增",2026-09-18
sh603033,三维股份,7.32,8.704061895551263,1.253456600912971,-3.43007915567282,建仓初期,91.66666666666666,"位置分位8.7%（极低位）, MA20之下（低位）, MA60之下（低位）",2026-09-18
sh688295,中复神鹰碳纤维,38.72,6.838880048752401,1.7796988256373392,-0.3602676273803411,建仓初期,50.0,"位置分位6.8%（极低位）, MA60之下（低位）",2026-09-18
sh688480,赛恩斯环保,69.6,16.086793864571632,0.6819482298610253,-12.869303955933903,建仓初期,50.0,"低位缩量（量比0.68）, MA20之下（低位）, MA60之下（低位）",2026-09-18
sh600149,廊坊发展,4.93,24.012158054711247,0.8522919196841825,-0.4040404040404133,建仓后期,75.0,位置分位24.0%（低位）,2026-09-18
sh601789,宁波建工,4.14,11.49425287356321,1.0532270278654314,-2.1276595744681024,建仓后期,66.66666666666666,位置分位11.5%（低位）,2026-09-18
sh603229,奥翔药业,7.58,12.092238470191221,1.4286527205722956,-6.419753086419748,建仓后期,66.66666666666666,位置分位12.1%（低位）,2026-09-18
sh688114,华大智造,71.97,76.05277933745087,1.589238443478725,-3.770557561171289,出货,57.89473684210527,"位置分位76.1%（中高位）, 高位放量（量比1.59）",2026-09-18
sh601877,正泰电器,25.26,17.412935323383095,1.3110951375003532,-2.168861347792404,建仓后期,77.77777777777779,"位置分位17.4%（低位）, 价升量增",2026-09-18
sh600199,金种子酒,7.01,29.705882352941167,1.0704493122462584,0.42979942693408824,建仓后期,66.66666666666666,位置分位29.7%（低位）,2026-09-18
sh600063,皖维高新,5.51,8.831168831168828,0.9035542332485564,-5.000000000000001,建仓初期,100.0,"位置分位8.8%（极低位）, MA20之下（低位）, MA60之下（低位）",2026-09-18
sh603486,科沃斯,49.93,10.840707964601782,0.9573441366424078,-18.3483237939493,建仓初期,50.0,"低位跌-18.3%, MA20之下（低位）, MA60之下（低位）",2026-09-18
sh600136,ST明诚,1.49,32.926829268292686,0.881361447160525,5.6737588652482325,建仓后期,66.66666666666666,"位置分位32.9%（中低位）, 低位涨5.7%, MA20之上",2026-09-18
sh688193,仁度生物,45.55,24.568393094289494,0.7845545211860195,-5.222638368705795,建仓后期,66.66666666666666,位置分位24.6%（低位）,2026-09-18
sh603203,快克智能,46.85,36.10432813108256,1.5890967069050694,7.380242952097178,建仓后期,52.94117647058824,"位置分位36.1%（中低位）, 低位涨7.4%, 当日涨4.27%, MA20之上, 价升量增",2026-09-18
sh600416,湘电股份,8.52,7.428571428571405,0.9219885304480817,1.428571428571419,建仓初期,100.0,"位置分位7.4%（极低位）, MA20之下（低位）, MA60之下（低位）",2026-09-18
sh601136,首创证券,14.21,27.17277486910995,1.0586952169921375,3.495994173343048,建仓后期,66.66666666666666,位置分位27.2%（低位）,2026-09-18
sh688096,江苏京源环保,7.59,15.310492505353315,1.6442509860264873,-13.750000000000009,建仓后期,82.35294117647058,"位置分位15.3%（低位）, 低位放量（量比1.64）, 当日涨3.55%, 价升量增",2026-09-18
sh603869,ST智知,8.49,29.175050301810874,1.0370231461637376,-4.713804713804713,建仓后期,75.0,位置分位29.2%（低位）,2026-09-18
sh600399,抚顺特钢,4.43,27.822580645161278,0.910495521151556,2.3094688221708926,建仓后期,75.0,位置分位27.8%（低位）,2026-09-18
sh601117,中国化学,7.19,7.023255813953519,0.8196851848832216,-4.388297872340416,建仓初期,100.0,"位置分位7.0%（极低位）, MA20之下（低位）, MA60之下（低位）",2026-09-18
sh600281,华阳新材,4.53,45.33333333333335,1.008136978653244,-1.948051948051945,建仓后期,50.0,位置分位45.3%（中低位）,2026-09-18
sh603729,ST龙韵,12.59,39.16570104287369,0.45854346781940447,12.010676156583626,洗盘,64.70588235294117,"中位缩量（量比0.46）, 连续3天缩量",2026-09-18
sh603079,圣达生物,12.8,34.83556638246043,0.9930825055876155,-8.766928011404126,建仓后期,50.0,位置分位34.8%（中低位）,2026-09-18
sh600173,卧龙新能,5.89,17.2661870503597,0.9755604155276107,-2.8052805280528044,建仓后期,66.66666666666666,位置分位17.3%（低位）,2026-09-18
sh600704,物产中大,4.9,55.71428571428578,0.7588316066065278,1.0309278350515612,洗盘,100.0,位置分位55.7%（中位）,2026-09-18
sh601999,出版传媒,6.82,44.51038575667657,1.0278211102106969,11.803278688524601,建仓后期,66.66666666666666,"位置分位44.5%（中低位）, 低位涨11.8%, MA20之上",2026-09-18
sh688577,海德曼装备,40.76,14.648165888933509,1.0203755815382858,-3.1368821292775677,建仓后期,66.66666666666666,位置分位14.6%（低位）,2026-09-18
sh600103,青山纸业,3.73,40.169133192389005,1.1280324035107019,29.513888888888896,建仓后期,75.0,"位置分位40.2%（中低位）, 低位涨29.5%, 当日涨5.07%, MA20之上",2026-09-18
sh603569,长久物流,5.73,38.4146341463415,0.9656548124064948,-2.2184300341296908,建仓后期,50.0,位置分位38.4%（中低位）,2026-09-18
sh601127,赛力斯,47.19,6.944713870029096,0.7344145067997635,-6.5544554455445585,建仓初期,100.0,"位置分位6.9%（极低位）, MA20之下（低位）, MA60之下（低位）",2026-09-18
sh605589,圣泉集团,41.09,27.871329879101907,0.9340323826419703,5.629820051413895,建仓后期,90.0,"位置分位27.9%（低位）, 低位涨5.6%, MA20之上",2026-09-18
sh605118,力鼎光电,33.08,29.265148259561663,0.6105001881056679,14.26597582037996,建仓后期,64.28571428571429,"位置分位29.3%（低位）, 低位涨14.3%, MA20之上",2026-09-18
sh603041,美思德,10.88,31.609195402298862,0.8864358294870219,-2.333931777378813,建仓后期,50.0,位置分位31.6%（中低位）,2026-09-18
sh688308,欧科亿数控刀具,88.15,9.753412593571118,1.0666717440844027,-9.385279605263152,建仓初期,100.0,"位置分位9.8%（极低位）, MA20之下（低位）, MA60之下（低位）",2026-09-18
sh600295,鄂尔多斯,13.21,55.405405405405425,0.9757785467128027,0.9938837920489355,洗盘,85.71428571428571,位置分位55.4%（中位）,2026-09-18
sh600338,西藏珠峰,12.63,9.391304347826093,0.9779845378097305,-8.80866425992779,建仓初期,100.0,"位置分位9.4%（极低位）, MA20之下（低位）, MA60之下（低位）",2026-09-18
sh600208,衢州发展,2.86,5.017921146953394,1.5686459409739437,-2.3890784982935247,建仓初期,64.70588235294117,"位置分位5.0%（极低位）, MA20之下（低位）, MA60之下（低位）",2026-09-18
sh603061,金海通股份,348.79,46.508326421233974,1.2160024267313796,-4.699581955791139,建仓后期,40.0,"位置分位46.5%（中低位）, MA20之上",2026-09-18
sh600624,ST复华,4.57,83.73493975903617,0.7822962657169445,12.56157635467982,拉升,50.0,"20日涨12.6%, MA20之上, MA60之上",2026-09-18
sh601318,中国平安,53.37,59.79133226324234,1.2010577418503532,1.9094901661256447,洗盘,66.66666666666666,位置分位59.8%（中位）,2026-09-18
sh603538,美诺华,26.61,14.888543661259435,1.4423533369171908,-6.6643283058576,建仓后期,88.88888888888889,"位置分位14.9%（低位）, MA20之上, 价升量增",2026-09-18
sh603366,日出东方,7.14,25.43507362784469,0.938614535152487,-0.5571030640668528,建仓后期,80.0,"位置分位25.4%（低位）, 当日涨3.63%",2026-09-18
sh603976,正川股份,30.29,61.93370165745856,1.2128965104023162,9.074540871444004,拉升,60.0,"20日涨9.1%, 当日大涨4.41%, MA60之上, 价升量增",2026-09-18
sh601778,晶科科技,3.55,6.315331010452961,0.9192406429724778,-1.3888888888888962,建仓初期,100.0,"位置分位6.3%（极低位）, MA20之下（低位）, MA60之下（低位）",2026-09-18
sh600326,西藏天路,6.83,20.855614973262043,0.8852270980084278,-2.7065527065526997,建仓后期,66.66666666666666,位置分位20.9%（低位）,2026-09-18
sh600058,五矿发展,9.01,24.008350730688925,0.8414451516286034,-12.097560975609758,建仓后期,66.66666666666666,位置分位24.0%（低位）,2026-09-18
sh688676,海南金盘智能科技,65.36,14.084507042253522,1.106232396220019,-14.000000000000002,建仓后期,66.66666666666666,位置分位14.1%（低位）,2026-09-18
sh601800,中国交建,5.84,14.813084112149536,0.9370994756605235,-0.3412969283276529,建仓后期,66.66666666666666,位置分位14.8%（低位）,2026-09-18
sh603970,中农立华,10.91,39.01098901098901,0.8445905834861417,2.7306967984934176,建仓后期,50.0,位置分位39.0%（中低位）,2026-09-18
sh600869,远东股份,21.41,33.872832369942195,0.7913874989483078,26.536643026004715,建仓后期,70.0,"位置分位33.9%（中低位）, 低位涨26.5%, MA20之上",2026-09-18
sh601991,大唐发电,5.58,31.939102564102562,1.0131629376042555,-4.074265085095412,建仓后期,50.0,位置分位31.9%（中低位）,2026-09-18
sh600248,陕建股份,2.85,23.853211009174327,1.1249466545130653,0.0,建仓后期,66.66666666666666,位置分位23.9%（低位）,2026-09-18
sh603586,金麒麟,13.53,21.378504672897193,0.9404018940217846,0.894854586129748,建仓后期,75.0,位置分位21.4%（低位）,2026-09-18
sh688610,埃科光电,170.29,47.62559841523138,1.3528746453687848,0.8229721728833548,建仓后期,70.0,"位置分位47.6%（中低位）, 当日涨7.74%, MA20之上, 价升量增",2026-09-18
sh600754,锦江酒店,18.49,11.49619611158072,0.9697213138867831,-2.5816649104320444,建仓后期,66.66666666666666,位置分位11.5%（低位）,2026-09-18
sh600000,浦发银行,9.07,53.19148936170216,0.769508325699101,0.22099447513811685,洗盘,85.71428571428571,位置分位53.2%（中位）,2026-09-18
sh603216,梦天家居,20.15,14.51040081177067,0.7391690085950482,-4.320987654320989,建仓后期,66.66666666666666,位置分位14.5%（低位）,2026-09-18
sh688601,力芯微股份,61.69,79.10435337532253,1.0072584977825654,27.222107651062068,拉升,64.70588235294117,"20日大涨27.2%, 当日大涨3.63%, MA20之上, MA60之上",2026-09-18
sh600936,北投科技,4.53,26.04166666666668,0.7475703690697985,-8.299595141700406,建仓后期,66.66666666666666,位置分位26.0%（低位）,2026-09-18
sh600381,*ST春天,3.89,38.71951219512194,0.8321796607951027,-21.255060728744944,建仓后期,33.33333333333333,位置分位38.7%（中低位）,2026-09-18
sh600519,贵州茅台,1257.12,35.26467616718066,1.2569561572722774,-1.2342575206429796,建仓后期,50.0,位置分位35.3%（中低位）,2026-09-18
sh688032,禾迈股份,69.61,3.7021276595744674,1.0722895971533195,-7.8013245033112595,建仓初期,100.0,"位置分位3.7%（极低位）, MA20之下（低位）, MA60之下（低位）",2026-09-18
sh600302,ST标准,7.17,28.88318356867779,0.8059276713550834,10.990712074303405,建仓后期,100.0,"位置分位28.9%（低位）, 低位涨11.0%, MA20之上",2026-09-18
sh600684,珠江股份,3.48,25.877192982456137,1.0750487932266755,0.5780346820809253,建仓后期,75.0,位置分位25.9%（低位）,2026-09-18
sh601918,新集能源,10.31,64.69387755102044,1.0040101850628862,2.0792079207920877,洗盘,85.71428571428571,位置分位64.7%（中位）,2026-09-18
sh601188,龙江交通,2.86,25.263157894736814,0.7572525764545539,0.7042253521126767,建仓后期,54.54545454545454,位置分位25.3%（低位）,2026-09-18
sh603355,莱克电气,29.47,50.51958433253398,0.9157396369471014,3.36723956506488,洗盘,66.66666666666666,位置分位50.5%（中位）,2026-09-18
sh600143,金发科技,13.17,7.107438016528922,1.0252513242226304,-7.9664570230608005,建仓初期,100.0,"位置分位7.1%（极低位）, MA20之下（低位）, MA60之下（低位）",2026-09-18
sh600320,振华重工,4.17,18.944099378881976,0.8776318831170045,3.4739454094292723,建仓后期,100.0,"位置分位18.9%（低位）, MA20之上",2026-09-18
sh600015,华夏银行,6.23,17.79661016949159,1.0199278324855339,-7.153502235469442,建仓后期,66.66666666666666,位置分位17.8%（低位）,2026-09-18
sh600713,XD南京医药,5.03,26.086956521739157,0.8774839342926459,-1.5655577299412928,建仓后期,66.66666666666666,位置分位26.1%（低位）,2026-09-18
sh600336,澳柯玛,6.42,29.88505747126437,0.6851130682906383,3.8834951456310716,建仓初期,53.84615384615385,"低位缩量（量比0.69）, MA20之下（低位）",2026-09-18
sh600686,金龙汽车,10.82,9.223300970873783,1.0905664738119922,-1.9038984587488583,建仓初期,100.0,"位置分位9.2%（极低位）, MA20之下（低位）, MA60之下（低位）",2026-09-18
sh600938,中国海油,32.3,40.373417721518976,0.829954618903744,-4.60720614294153,建仓后期,50.0,位置分位40.4%（中低位）,2026-09-18
sh600876,凯盛新能,8.4,46.35108481262329,0.6807270935533304,17.97752808988764,洗盘,53.333333333333336,中位缩量（量比0.68）,2026-09-18
sh600352,浙江龙盛,11.78,41.9277108433735,0.9727802151495702,-6.06060606060606,建仓后期,50.0,位置分位41.9%（中低位）,2026-09-18
sh603050,科林电气,18.09,15.391621129326058,1.1400849504455735,-2.3745277927684905,建仓后期,87.5,"位置分位15.4%（低位）, MA20之上",2026-09-18
sh603713,密尔克卫,65.07,46.10778443113771,0.7770494340290061,-1.8107741059302895,建仓后期,57.14285714285714,"位置分位46.1%（中低位）, MA20之上",2026-09-18
sh600573,惠泉啤酒,9.7,18.825561312607938,0.9587842378168031,-0.41067761806982467,建仓后期,75.0,位置分位18.8%（低位）,2026-09-18
sh600025,华能水电,9.68,59.654178674351556,0.8862283589611262,1.0438413361169065,洗盘,100.0,位置分位59.7%（中位）,2026-09-18
sh600883,博闻科技,7.8,49.605055292259074,0.8740576422709987,-0.12804097311139293,建仓后期,50.0,位置分位49.6%（中低位）,2026-09-18
sh603085,天成自控,9.9,19.484702093397757,1.035116544598847,-0.30211480362537124,建仓后期,66.66666666666666,位置分位19.5%（低位）,2026-09-18
sh601398,工商银行,8.07,83.58208955223888,1.0411319442157954,3.8610038610038706,出货,66.66666666666666,位置分位83.6%（中高位）,2026-09-18
sh603607,京华激光,24.3,71.1864406779661,1.1035328341035844,12.552107457156096,拉升,50.0,"20日涨12.6%, MA20之上, MA60之上",2026-09-18
sh600226,亨通股份,6.06,19.756427604871448,1.0957956544708818,-2.4154589371980735,建仓后期,87.5,"位置分位19.8%（低位）, MA20之上",2026-09-18
sh600039,四川路桥,8.71,57.307692307692335,1.3109013156086986,4.4364508393285496,洗盘,85.71428571428571,位置分位57.3%（中位）,2026-09-18
sh603039,泛微网络,35.95,36.980867942137216,0.7979266616450676,-16.053706946876822,建仓后期,33.33333333333333,位置分位37.0%（中低位）,2026-09-18
sh688411,海博思创,170.78,8.10157194679565,1.6018273804164207,-15.668362056194752,建仓初期,63.63636363636363,"位置分位8.1%（极低位）, 低位跌-15.7%, MA20之下（低位）, MA60之下（低位）",2026-09-18
sh688158,优刻得科技,29.71,12.471740768651102,1.4946128339743259,-8.948820104198594,建仓后期,90.9090909090909,"位置分位12.5%（低位）, 当日涨3.70%, MA20之上, 价升量增",2026-09-18
sh603107,上海汽配,12.09,33.71104815864022,1.2871201582871807,2.2842639593908594,建仓后期,57.14285714285714,"位置分位33.7%（中低位）, MA20之上",2026-09-18
sh600372,中航机载,11.41,30.437352245862883,0.8141859569035047,5.5504162812210875,建仓后期,66.66666666666666,"位置分位30.4%（中低位）, 低位涨5.6%, MA20之上",2026-09-18
sh600874,创业环保,5.54,45.04424778761065,0.7867336494229208,-0.5385996409335772,建仓后期,50.0,位置分位45.0%（中低位）,2026-09-18
sh603693,江苏新能,12.44,16.742081447963784,0.5999674725036429,11.170688114387847,建仓后期,56.25,"位置分位16.7%（低位）, 低位涨11.2%, MA20之上",2026-09-18
sh688767,杭州博拓生物科技,40.94,81.44631117604091,2.6706441697962564,0.5402750491159107,出货,57.89473684210527,"位置分位81.4%（中高位）, 高位放量（量比2.67）",2026-09-18
sh603235,天新药业,24.97,62.22222222222219,0.7373293290813957,9.039301310043669,洗盘,60.0,"位置分位62.2%（中位）, 连续3天缩量",2026-09-18
sh688401,路维光电,70.26,41.145596416949516,1.151672198201686,3.09611151870873,建仓后期,66.66666666666666,"位置分位41.1%（中低位）, 当日涨3.34%, MA20之上",2026-09-18
sh600866,星湖科技,4.09,6.666666666666665,0.8559548863835255,-3.7647058823529442,建仓初期,100.0,"位置分位6.7%（极低位）, MA20之下（低位）, MA60之下（低位）",2026-09-18
sh603319,美湖股份,29.25,35.06872136609746,1.1565731199835954,11.769201375620932,建仓后期,66.66666666666666,"位置分位35.1%（中低位）, 低位涨11.8%, MA20之上",2026-09-18
sh688526,武汉科前生物,12.37,23.999999999999964,0.9194381423559996,-5.500381970970211,建仓后期,66.66666666666666,位置分位24.0%（低位）,2026-09-18
sh601965,中国汽研,13.16,30.41018387553042,1.1464208132336595,-6.267806267806261,建仓后期,50.0,位置分位30.4%（中低位）,2026-09-18
sh688252,天德钰科技,21.44,62.41237113402064,1.378365800762457,6.666666666666665,拉升,57.14285714285714,"20日涨6.7%, MA20之上, MA60之上, 价升量增",2026-09-18
sh600162,香江控股,4.63,70.01180637544273,0.7533147942670858,10.765550239234454,出货,60.0,位置分位70.0%（中高位）,2026-09-18
sh603090,宏盛股份,39.55,15.94726770146715,0.7191274101076444,4.907161803713513,建仓后期,87.5,"位置分位15.9%（低位）, MA20之上",2026-09-18
sh601698,中国卫通,24.21,5.630947688495973,1.5096187858833772,-0.9005321326238186,建仓初期,56.25,"位置分位5.6%（极低位）, MA60之下（低位）",2026-09-18
sh603530,神马电力,44.05,8.134130146082324,0.8338561652829859,-10.793843661401388,建仓初期,100.0,"位置分位8.1%（极低位）, MA20之下（低位）, MA60之下（低位）",2026-09-18
sh600125,铁龙物流,5.28,12.44614648157016,1.0848631439153893,-1.8587360594795475,建仓后期,66.66666666666666,位置分位12.4%（低位）,2026-09-18
sh600750,华润江中,22.24,25.48672566371678,0.8469689542933619,-7.7943615257048195,建仓后期,66.66666666666666,位置分位25.5%（低位）,2026-09-18
sh603077,和邦生物,2.26,15.573770491803272,0.6751709659793518,-4.641350210970478,建仓初期,64.70588235294117,"低位缩量（量比0.68）, MA20之下（低位）, MA60之下（低位）, 连续3天缩量",2026-09-18
sh600510,黑牡丹,6.53,18.936405239072123,1.0862096652538455,-4.67153284671532,建仓后期,66.66666666666666,位置分位18.9%（低位）,2026-09-18
sh601108,财通证券,8.44,59.40594059405938,1.1619298317772384,-0.11834319526626967,洗盘,100.0,位置分位59.4%（中位）,2026-09-18
sh603238,诺邦股份,11.88,22.296173044925148,1.2450539052643652,-3.414634146341463,建仓后期,77.77777777777779,"位置分位22.3%（低位）, 价升量增",2026-09-18
sh600568,ST中珠,2.39,38.13559322033899,0.8047105277278707,8.144796380090504,建仓后期,66.66666666666666,"位置分位38.1%（中低位）, 低位涨8.1%, MA20之上",2026-09-18
sh688314,康拓医疗,30.21,7.793923381770143,0.8640216664426625,-6.296526054590573,建仓初期,100.0,"位置分位7.8%（极低位）, MA20之下（低位）, MA60之下（低位）",2026-09-18
sh603359,*ST东珠,2.3,9.502262443438912,1.0625558794005532,6.976744186046507,建仓初期,83.33333333333334,"位置分位9.5%（极低位）, MA20之下（低位）",2026-09-18
sh688391,钜泉科技,26.34,25.963488843813387,1.2837251162661614,2.6100506427736585,建仓后期,88.88888888888889,"位置分位26.0%（低位）, MA20之上, 价升量增",2026-09-18
sh601225,陕西煤业,25.2,66.58097686375321,1.0145489686229692,-2.0598523124757135,洗盘,85.71428571428571,位置分位66.6%（中位）,2026-09-18
sh603987,康德莱,7.35,29.032258064516114,1.143664933785304,-1.7379679144385132,建仓后期,66.66666666666666,位置分位29.0%（低位）,2026-09-18
sh600790,轻纺城,3.63,31.182795698924732,2.1553761510335567,9.009009009009002,建仓后期,45.0,"位置分位31.2%（中低位）, 低位涨9.0%, 当日涨5.83%, MA20之上, 价升量增",2026-09-18
sh600661,昂立教育,8.43,46.408839779005525,1.341314359943316,-1.0563380281690125,建仓后期,50.0,位置分位46.4%（中低位）,2026-09-18
sh600995,南网储能,12.32,16.96606786427145,1.0234903758988214,0.0,建仓后期,66.66666666666666,位置分位17.0%（低位）,2026-09-18
sh603611,诺力股份,15.84,6.790493309366881,0.8780430322187102,-5.714285714285719,建仓初期,100.0,"位置分位6.8%（极低位）, MA20之下（低位）, MA60之下（低位）",2026-09-18
sh600128,苏豪弘业,8.27,29.434954007884347,0.8513345377093893,-0.24125452352231092,建仓后期,75.0,位置分位29.4%（低位）,2026-09-18
sh600617,国新能源,3.27,38.7434554973822,0.7276113684668888,-2.6785714285714244,建仓后期,50.0,位置分位38.7%（中低位）,2026-09-18
sh603599,广信股份,10.47,22.975206611570254,0.8235322312276465,3.5608308605341366,建仓后期,75.0,位置分位23.0%（低位）,2026-09-18
sh688103,国力电子,79.08,44.906580016246956,1.051157720664447,5.538502602428922,建仓后期,72.72727272727273,"位置分位44.9%（中低位）, 低位涨5.5%, 当日涨4.18%, MA20之上",2026-09-18
sh600884,杉杉股份,11.18,3.6363636363636336,1.0869605956606587,-6.286672254819782,建仓初期,100.0,"位置分位3.6%（极低位）, MA20之下（低位）, MA60之下（低位）",2026-09-18
sh605128,上海沿浦,22.69,44.22843256379102,0.9930892880937096,-2.492479587451647,建仓后期,50.0,位置分位44.2%（中低位）,2026-09-18
sh600853,龙建股份,3.26,25.317460317460316,1.0133393546615115,0.30769230769230116,建仓后期,75.0,位置分位25.3%（低位）,2026-09-18
sh688219,会通股份,10.15,9.239130434782606,1.2943275451003815,-2.0270270270270183,建仓初期,91.66666666666666,"位置分位9.2%（极低位）, MA20之下（低位）, MA60之下（低位）",2026-09-18
sh600211,西藏药业,36.15,28.092812676853413,0.7958369933182656,-4.511595963864965,建仓后期,66.66666666666666,位置分位28.1%（低位）,2026-09-18
sh688095,福昕软件开发,57.52,23.314060376755215,1.3215670471669532,-2.5910245554614635,建仓后期,70.0,"位置分位23.3%（低位）, 价升量增",2026-09-18
sh600682,南京新百,5.57,19.37984496124031,0.7922037954106981,-1.5901060070671353,建仓初期,50.0,"MA20之下（低位）, MA60之下（低位）, 连续3天缩量",2026-09-18
sh603589,口子窖,17.55,5.548549810844909,0.9107353369319836,-7.338965153115103,建仓初期,100.0,"位置分位5.5%（极低位）, MA20之下（低位）, MA60之下（低位）",2026-09-18
sh600056,中国医药,8.94,19.906687402799342,0.9645990137555152,-2.826086956521737,建仓后期,66.66666666666666,位置分位19.9%（低位）,2026-09-18
sh603456,九洲药业,15.52,55.606758832565276,1.3549061325095033,-5.939393939393942,洗盘,54.54545454545454,位置分位55.6%（中位）,2026-09-18
sh603324,盛剑科技,26.9,11.943863839952224,1.0540087994619436,-2.003642987249547,建仓后期,87.5,"位置分位11.9%（低位）, MA20之上",2026-09-18
sh600265,*ST景谷,22.32,29.791271347248582,0.9339215318190351,-2.5327510917030494,建仓后期,66.66666666666666,位置分位29.8%（低位）,2026-09-18
sh603533,掌阅科技,23.23,54.94613124387856,1.0581914098517284,10.883054892601438,洗盘,50.0,位置分位54.9%（中位）,2026-09-18
sh688211,中科微至,31.56,35.03325942350331,1.719634005127892,2.2020725388601026,建仓后期,46.666666666666664,"位置分位35.0%（中低位）, 当日涨4.82%, MA20之上, 价升量增",2026-09-18
sh603587,地素时尚,12.11,57.63688760806915,1.0548473081235197,4.0378006872852135,洗盘,85.71428571428571,位置分位57.6%（中位）,2026-09-18
sh601919,中远海控,16.1,68.01801801801805,0.9175201171439166,-5.3497942386831285,洗盘,85.71428571428571,位置分位68.0%（中位）,2026-09-18
sh600496,精工钢构,3.34,25.0,1.277288214557941,0.0,建仓后期,100.0,"位置分位25.0%（低位）, MA20之上, 价升量增",2026-09-18
sh601022,宁波远洋,8.54,60.78724464374684,0.9714734370918827,3.015681544028951,洗盘,66.66666666666666,位置分位60.8%（中位）,2026-09-18
sh600966,博汇纸业,4.94,22.88516550878629,0.9742127355205451,2.9166666666666785,建仓后期,100.0,"位置分位22.9%（低位）, MA20之上",2026-09-18
sh605198,安德利,85.88,97.86856127886323,0.9657567263573227,45.80645161290322,拉升,57.89473684210527,"20日大涨45.8%, 当日大涨7.55%, MA20之上, MA60之上",2026-09-18
sh605296,神农集团,32.87,68.56240126382303,0.7629102100705006,8.733046642408194,洗盘,60.0,位置分位68.6%（中位）,2026-09-18
sh688175,高凌信息,21.74,46.153846153846146,2.7435922136794755,12.235415591120276,建仓后期,45.0,"位置分位46.2%（中低位）, 低位涨12.2%, 当日涨19.98%, MA20之上, 价升量增",2026-09-18
sh601333,广深铁路,3.09,79.99999999999994,1.1778304998225064,6.551724137931032,拉升,50.0,"20日涨6.6%, MA20之上, MA60之上",2026-09-18
sh601026,道生天合,15.95,44.73257698541329,2.5115197261596522,2.2435897435897414,建仓后期,46.666666666666664,"位置分位44.7%（中低位）, 当日涨10.00%, MA20之上, 价升量增",2026-09-18
sh605218,伟时电子,14.18,25.794732061762026,1.8598519130862368,-3.274215552523877,建仓后期,85.71428571428571,"位置分位25.8%（低位）, 低位放量（量比1.86）, 价升量增",2026-09-18
sh600196,复星医药,22.03,24.09230769230773,1.3748987513945563,-6.494057724957545,建仓后期,70.0,"位置分位24.1%（低位）, 价升量增",2026-09-18
sh601086,国芳集团,16.06,83.37639965546943,1.2852091356606712,113.84820239680424,拉升,68.42105263157895,"20日大涨113.8%, 当日大涨10.00%, MA20之上, MA60之上, 价升量增",2026-09-18
sh600107,*ST尔雅,5.65,35.32110091743122,0.8922220898773163,-2.249134948096884,建仓后期,50.0,位置分位35.3%（中低位）,2026-09-18
sh603275,上海众辰科技,36.49,17.757373641127817,1.3119022819808732,2.7308558558558524,建仓后期,100.0,"位置分位17.8%（低位）, MA20之上, 价升量增",2026-09-18
sh605598,上海港湾,25.01,3.830432658937253,1.1184576266552444,-5.479969765684048,建仓初期,84.61538461538461,"位置分位3.8%（极低位）, MA20之下（低位）, MA60之下（低位）",2026-09-18
sh600335,国机汽车,5.16,41.07382550335571,0.8920805848414801,-1.9011406844106398,建仓后期,50.0,位置分位41.1%（中低位）,2026-09-18
sh600584,长电科技,73.0,46.18828176431863,1.9451751127411718,-7.0892198039964285,建仓后期,46.666666666666664,"位置分位46.2%（中低位）, 当日涨7.75%, MA20之上, 价升量增",2026-09-18
sh688568,中科星图公司,31.23,3.927089508002371,1.196017021668458,-4.786585365853649,建仓初期,75.0,"位置分位3.9%（极低位）, MA60之下（低位）",2026-09-18
sh600763,通策医疗,32.72,5.229283990345926,1.132626917867671,-7.4922250494769544,建仓初期,100.0,"位置分位5.2%（极低位）, MA20之下（低位）, MA60之下（低位）",2026-09-18
sh600782,新钢股份,2.68,23.580786026200876,1.1422765278339024,-1.831501831501825,建仓后期,66.66666666666666,位置分位23.6%（低位）,2026-09-18
sh603908,牧高笛,18.45,31.57327586206896,0.8652965776644973,-3.705636743215036,建仓后期,50.0,位置分位31.6%（中低位）,2026-09-18
sh603797,联泰环保,4.63,65.16129032258064,0.8055869154530858,-2.5263157894736867,洗盘,85.71428571428571,位置分位65.2%（中位）,2026-09-18
sh603186,华正新材,226.78,79.53358031727936,1.0753187330846865,31.565817717700295,拉升,57.14285714285714,"20日大涨31.6%, MA20之上, MA60之上",2026-09-18
sh603567,珍宝岛,5.3,28.759894459102895,1.2360313936791933,-6.028368794326239,建仓后期,66.66666666666666,位置分位28.8%（低位）,2026-09-18
sh601089,福元医药,15.76,5.375139977603587,1.0755979986749216,-5.40216086434574,建仓初期,100.0,"位置分位5.4%（极低位）, MA20之下（低位）, MA60之下（低位）",2026-09-18
sh600300,维维股份,3.14,41.84100418410041,0.797152750323551,-1.2578616352201268,建仓后期,50.0,位置分位41.8%（中低位）,2026-09-18
sh688200,华峰测控,407.93,59.04799927227889,1.7727420909419216,-1.1126733249296943,拉升,68.42105263157895,"中位放量（量比1.77）, 当日大涨14.36%, MA20之上, MA60之上, 价升量增",2026-09-18
sh688370,丛麟环保科技,25.67,95.86228679722052,1.449668052006227,9.002123142250534,拉升,50.0,"20日涨9.0%, MA20之上, MA60之上, 价升量增",2026-09-18
sh688718,唯赛勃科技,14.11,38.61788617886179,1.0058957610179735,-1.19047619047619,建仓后期,57.14285714285714,"位置分位38.6%（中低位）, MA20之上",2026-09-18
sh688012,中微半导体设备,354.92,52.28259439547429,1.30843920639253,-2.0910344827586163,洗盘,60.0,位置分位52.3%（中位）,2026-09-18
sh601827,三峰环境,7.89,42.7083333333333,0.8413665756271546,-3.663003663003661,建仓后期,50.0,位置分位42.7%（中低位）,2026-09-18
sh600369,西南证券,3.96,44.727272727272705,0.9915116586308491,-1.0000000000000009,建仓后期,50.0,位置分位44.7%（中低位）,2026-09-18
sh688167,西安炬光科技,311.62,57.955304773925306,0.9142943467593088,10.869178496459961,洗盘,50.0,位置分位58.0%（中位）,2026-09-18
sh688496,*ST清越科技,0.58,0.0,0.9664354089911171,-44.23076923076923,建仓初期,100.0,"位置分位0.0%（极低位）, 低位跌-44.2%, MA20之下（低位）, MA60之下（低位）",2026-09-10
sh603861,白云电器,11.21,11.664779161947916,1.3100540340458746,-6.270903010033445,建仓后期,70.0,"位置分位11.7%（低位）, 价升量增",2026-09-18
sh688217,上海睿昂基因,23.88,46.265243902439025,1.0475415906769954,-3.5930561162696835,建仓后期,50.0,位置分位46.3%（中低位）,2026-09-18
sh601186,中国铁建,6.03,34.14634146341464,0.7666399662891916,0.5000000000000042,建仓后期,50.0,位置分位34.1%（中低位）,2026-09-18
sh600711,盛屯矿业,11.03,35.26867409748793,0.9031330346732299,-8.842975206611573,建仓后期,50.0,位置分位35.3%（中低位）,2026-09-18
sh603880,南卫股份,8.88,70.33398821218076,2.451463738691667,2.0689655172413968,出货,93.33333333333333,"位置分位70.3%（中高位）, 高位放量（量比2.45）, 当日大跌-8.55%",2026-09-18
sh688334,西高院,17.9,20.681222707423544,1.0821934892092837,1.1528028933092058,建仓后期,75.0,位置分位20.7%（低位）,2026-09-18
sh600054,黄山旅游,10.79,10.332225913621256,0.7422924202944519,-3.2286995515695174,建仓初期,50.0,"MA20之下（低位）, MA60之下（低位）, 连续3天缩量",2026-09-18
sh600881,亚泰集团,1.93,53.84615384615383,1.311178249708849,-1.5306122448979604,拉升,57.14285714285714,"当日大涨10.29%, MA20之上, MA60之上, 价升量增",2026-09-18
sh605099,共创草坪,28.7,2.1900519673348176,1.2091352214471804,-15.289256198347115,建仓初期,93.33333333333333,"位置分位2.2%（极低位）, 低位跌-15.3%, MA20之下（低位）, MA60之下（低位）",2026-09-18
sh603520,司太立,8.4,8.988764044943826,1.1132000866850937,-4.653802497162316,建仓初期,100.0,"位置分位9.0%（极低位）, MA20之下（低位）, MA60之下（低位）",2026-09-18
sh603195,公牛集团,38.0,21.397379912663748,0.9733376297177605,-5.0,建仓后期,66.66666666666666,位置分位21.4%（低位）,2026-09-18
sh603988,中电电机,18.36,34.624296590532936,0.9155766555869734,-11.688311688311687,建仓后期,50.0,位置分位34.6%（中低位）,2026-09-18
sh601857,中国石油,10.56,58.072916666666686,1.0348530052886618,-3.473491773308949,洗盘,85.71428571428571,位置分位58.1%（中位）,2026-09-18
sh688671,碧兴物联,24.91,40.80118694362017,0.8087729651976121,1.177904142973189,建仓后期,57.14285714285714,"位置分位40.8%（中低位）, MA20之上",2026-09-18
sh603568,伟明环保,13.4,1.114827201783722,1.3740178606919031,-8.219178082191776,建仓初期,91.66666666666666,"位置分位1.1%（极低位）, MA20之下（低位）, MA60之下（低位）",2026-09-18
sh605167,利柏特,16.79,58.39416058394159,0.7470207159950688,14.764183185235805,洗盘,60.0,"位置分位58.4%（中位）, 连续3天缩量",2026-09-18
sh688327,云从科技,9.99,8.98305084745762,1.4824009347150853,-1.673228346456692,建仓初期,78.57142857142857,"位置分位9.0%（极低位）, MA20之下（低位）, MA60之下（低位）",2026-09-18
sh603998,方盛制药,10.39,70.90909090909095,1.2758012058809391,6.783144912641317,拉升,50.0,"20日涨6.8%, MA60之上, 价升量增",2026-09-18
sh601061,中信金属,11.54,34.89551633191314,1.1269363229481517,-3.8333333333333406,建仓后期,62.5,"位置分位34.9%（中低位）, 当日涨3.68%",2026-09-18
sh600567,山鹰国际,1.34,21.212121212121225,1.2370354360703517,0.7518796992481209,建仓后期,70.0,"位置分位21.2%（低位）, 价升量增",2026-09-18
sh603286,日盈电子,44.18,26.321325269524053,1.1362470221733554,7.598636142230875,建仓后期,100.0,"位置分位26.3%（低位）, 低位涨7.6%, MA20之上",2026-09-18
sh600436,片仔癀,118.31,28.724943170076468,1.0240661973208174,-4.665592264302975,建仓后期,66.66666666666666,位置分位28.7%（低位）,2026-09-18
sh603922,ST金鸿顺,12.87,24.285714285714278,0.926706591159921,-6.603773584905662,建仓后期,75.0,位置分位24.3%（低位）,2026-09-18
sh600218,全柴动力,7.52,17.168674698795165,1.0881076978841013,-0.5291005291005296,建仓后期,75.0,位置分位17.2%（低位）,2026-09-18
sh605388,均瑶健康,5.85,27.455357142857135,0.9358527761683365,-2.010050251256283,建仓后期,75.0,位置分位27.5%（低位）,2026-09-18
sh603890,春秋电子,17.41,21.868475991649262,0.9635488286498711,-3.6524626452684013,建仓后期,66.66666666666666,位置分位21.9%（低位）,2026-09-18
sh600127,金健米业,14.32,92.52988047808765,1.3190764084682647,74.63414634146343,拉升,61.904761904761905,"20日大涨74.6%, 当日大涨9.98%, MA20之上, MA60之上, 价升量增",2026-09-18
sh600737,中粮糖业,14.78,50.77071290944123,0.9227532744754754,1.5109890109890032,洗盘,85.71428571428571,位置分位50.8%（中位）,2026-09-18
sh603818,曲美家居,4.1,96.64429530201338,1.2528394150987496,8.179419525065953,拉升,57.89473684210527,"20日涨8.2%, 当日大涨7.05%, MA20之上, MA60之上, 价升量增",2026-09-18
sh688553,汇宇制药,11.09,19.43532501641497,1.6002778897643477,-6.963087248322148,建仓后期,78.57142857142857,"位置分位19.4%（低位）, 低位放量（量比1.60）",2026-09-18
sh688596,正帆科技,68.0,66.26938775510204,1.3858310638712579,2.5641025641025683,拉升,57.14285714285714,"当日大涨4.04%, MA20之上, MA60之上, 价升量增",2026-09-18
sh603699,纽威股份,44.92,22.271062271062267,0.9778369223324461,-19.28122192273135,建仓初期,50.0,"低位跌-19.3%, MA20之下（低位）, MA60之下（低位）",2026-09-18
sh688017,绿的谐波,294.22,35.63935265144247,1.3729608849590884,-6.403690154286622,建仓后期,62.5,"位置分位35.6%（中低位）, MA20之上, 价升量增",2026-09-18
sh688652,京仪装备,152.42,40.32609435632105,1.6404904475358981,6.230833565653748,建仓后期,52.94117647058824,"位置分位40.3%（中低位）, 低位涨6.2%, 当日涨9.16%, MA20之上, 价升量增",2026-09-18
sh600506,统一股份,16.99,51.92982456140348,0.9531369247708987,14.642375168690947,洗盘,50.0,位置分位51.9%（中位）,2026-09-18
sh600507,方大特钢,4.1,9.46502057613167,0.966857770649964,-1.6786570743405345,建仓初期,100.0,"位置分位9.5%（极低位）, MA20之下（低位）, MA60之下（低位）",2026-09-18
sh600733,北汽蓝谷,4.54,5.0793650793650835,1.1551886060351206,-10.276679841897225,建仓初期,100.0,"位置分位5.1%（极低位）, MA20之下（低位）, MA60之下（低位）",2026-09-18
sh688156,路德科技,22.25,27.949940405244337,1.0659388186614216,12.829614604462481,建仓后期,90.0,"位置分位27.9%（低位）, 低位涨12.8%, MA20之上",2026-09-18
sh600403,大有能源,6.74,49.195402298850595,0.856942745850192,1.5060240963855502,建仓后期,50.0,位置分位49.2%（中低位）,2026-09-18
sh603707,健友股份,7.46,22.76923076923077,1.3035130790333573,-6.281407035175879,建仓后期,66.66666666666666,位置分位22.8%（低位）,2026-09-18
sh603083,剑桥科技,227.98,78.44337025026006,1.1944459493424682,26.039363113666518,拉升,64.70588235294117,"20日大涨26.0%, 当日大涨4.09%, MA20之上, MA60之上",2026-09-18
sh603309,维力医疗,10.82,5.979381443298987,1.1237552601974918,-6.4013840830449835,建仓初期,100.0,"位置分位6.0%（极低位）, MA20之下（低位）, MA60之下（低位）",2026-09-18
sh600130,波导股份,4.43,33.60655737704917,0.7668800969144901,2.3094688221708926,建仓后期,50.0,位置分位33.6%（中低位）,2026-09-18
sh603015,弘讯科技,10.72,42.28675136116153,0.9976097394045608,-1.1070110701106939,建仓后期,50.0,位置分位42.3%（中低位）,2026-09-18
sh688595,芯海科技,30.53,27.478344562078927,1.4245740870359533,8.996786861835057,建仓后期,92.3076923076923,"位置分位27.5%（低位）, 低位涨9.0%, 当日涨3.14%, MA20之上, 价升量增",2026-09-18
sh605369,拱东医疗,16.63,24.164524421593814,1.1535640193932168,-3.705848291835556,建仓后期,66.66666666666666,位置分位24.2%（低位）,2026-09-18
sh603662,柯力传感,49.05,8.650419588458439,1.3250198864415614,-0.8690379951495549,建仓初期,91.66666666666666,"位置分位8.7%（极低位）, MA20之下（低位）, MA60之下（低位）",2026-09-18
sh688207,格灵深瞳,19.95,59.26589077887198,1.104913188928848,2.941176470588237,洗盘,50.0,位置分位59.3%（中位）,2026-09-18
sh603595,ST东尼,31.9,73.11379741558981,1.5668869037041824,22.081898201301186,出货,63.63636363636363,"位置分位73.1%（中高位）, 高位放量（量比1.57）, 当日大跌-3.60%",2026-09-18
sh688016,心脉医疗,84.76,10.029251984956144,1.0386621687716657,-8.327925589444073,建仓后期,66.66666666666666,位置分位10.0%（低位）,2026-09-18
sh688626,翔宇医疗,39.68,11.083157680016312,1.3385291041578316,-9.199084668192226,建仓后期,75.0,"位置分位11.1%（低位）, 当日涨3.58%, 价升量增",2026-09-18
sh603516,淳中科技,86.88,7.873565191517602,0.9898502860936541,-11.581518420517005,建仓初期,100.0,"位置分位7.9%（极低位）, MA20之下（低位）, MA60之下（低位）",2026-09-18
sh688606,奥泰生物,45.93,25.964674488542517,1.7361120464024207,-4.232693911592997,建仓后期,85.71428571428571,"位置分位26.0%（低位）, 低位放量（量比1.74）, 价升量增",2026-09-18
sh603181,皇马科技,12.37,12.499999999999991,0.948919513457557,-2.3677979479084508,建仓后期,66.66666666666666,位置分位12.5%（低位）,2026-09-18
sh600719,大连热电,8.42,40.72727272727273,1.7857660927113201,19.602272727272727,建仓后期,55.55555555555556,"位置分位40.7%（中低位）, 低位涨19.6%, 当日涨10.07%, MA20之上, 价升量增",2026-09-18
sh688682,霍莱沃技术,30.35,17.30562522393408,1.1320484108903324,-4.379332073093878,建仓后期,72.72727272727273,"位置分位17.3%（低位）, 当日涨3.30%",2026-09-18
sh605288,凯迪股份,69.17,37.966658840103314,1.660717731043797,21.117142356855194,建仓后期,50.0,"位置分位38.0%（中低位）, 低位涨21.1%, MA20之上, 价升量增",2026-09-18
sh688236,春立正达医疗,13.82,8.522386268155094,1.1930605579734437,-4.623878536922015,建仓初期,100.0,"位置分位8.5%（极低位）, MA20之下（低位）, MA60之下（低位）",2026-09-18
sh600410,华胜天成,16.52,25.37197423939596,1.1114246071042928,21.828908554572262,建仓后期,100.0,"位置分位25.4%（低位）, 低位涨21.8%, MA20之上",2026-09-18
sh600585,海螺水泥,17.02,12.481644640234919,0.7242613914432167,-2.2400919012062066,建仓后期,66.66666666666666,位置分位12.5%（低位）,2026-09-18
sh603661,恒林股份,32.62,38.48837209302323,0.91474911046782,-1.1515151515151594,建仓后期,66.66666666666666,"位置分位38.5%（中低位）, 当日涨4.12%, MA20之上",2026-09-18
sh600187,*ST国中,1.29,13.750000000000012,0.9589327684442812,-7.1942446043165384,建仓后期,66.66666666666666,位置分位13.8%（低位）,2026-09-18
sh603208,江山欧派,10.77,28.517110266159694,0.7525060422362216,-5.526315789473691,建仓后期,66.66666666666666,位置分位28.5%（低位）,2026-09-18
sh600717,天津港,4.25,43.42984409799555,1.1232252955483908,0.47281323877067544,建仓后期,50.0,位置分位43.4%（中低位）,2026-09-18
sh600726,华电能源,5.27,13.271604938271594,1.0420422462064343,-5.555555555555564,建仓后期,72.72727272727273,"位置分位13.3%（低位）, 当日涨3.74%",2026-09-18
sh600197,伊力特,9.31,12.857142857142875,0.9304129131760664,-5.386178861788612,建仓后期,66.66666666666666,位置分位12.9%（低位）,2026-09-18
sh600540,新赛股份,5.48,54.95495495495496,0.8315165296831355,38.73417721518988,洗盘,50.0,位置分位55.0%（中位）,2026-09-18
sh605580,恒盛能源,22.7,45.65859421145894,0.7778964450952517,27.59977515458123,建仓后期,70.0,"位置分位45.7%（中低位）, 低位涨27.6%, MA20之上",2026-09-18
sh600848,上海临港,8.51,47.31543624161073,1.1094019983472316,1.0688836104513049,建仓后期,50.0,位置分位47.3%（中低位）,2026-09-18
sh600927,永安期货,12.29,9.744779582366586,1.1093683744978866,-4.580745341614919,建仓初期,100.0,"位置分位9.7%（极低位）, MA20之下（低位）, MA60之下（低位）",2026-09-18
sh603369,今世缘,27.75,56.22817229336435,1.0316176121736047,-0.5019720329867357,洗盘,85.71428571428571,位置分位56.2%（中位）,2026-09-18
sh688055,昆山龙腾光电,3.73,9.285714285714281,0.9082463053759127,-1.5831134564643814,建仓初期,90.0,"位置分位9.3%（极低位）, MA60之下（低位）",2026-09-18
sh688389,深圳普门科技,10.78,40.022547914317926,0.9767659657893154,-3.4050179211469604,建仓后期,50.0,位置分位40.0%（中低位）,2026-09-18
sh603188,亚邦股份,4.47,53.69458128078817,0.6117025414937759,-2.401746724890837,洗盘,93.33333333333333,"位置分位53.7%（中位）, 中位缩量（量比0.61）, 连续3天缩量",2026-09-18
sh600609,金杯汽车,3.59,47.578589634664404,1.3346559586917648,11.838006230529592,建仓后期,70.0,"位置分位47.6%（中低位）, 低位涨11.8%, MA20之上, 价升量增",2026-09-18
sh600805,悦达投资,4.48,35.668789808917225,0.9266953415288207,0.9009009009009016,建仓后期,50.0,位置分位35.7%（中低位）,2026-09-18
sh688669,聚石化学股份,68.8,47.09388971684053,1.0503379523023335,-13.448232482073214,建仓后期,50.0,位置分位47.1%（中低位）,2026-09-18
sh600420,国药现代,8.13,17.000000000000025,1.7213167976105446,-3.3293697978596835,建仓后期,78.57142857142857,"位置分位17.0%（低位）, 低位放量（量比1.72）",2026-09-18
sh600188,兖矿能源,19.68,25.7849666983825,1.0550837260486492,-8.080336291452594,建仓后期,66.66666666666666,位置分位25.8%（低位）,2026-09-18
sh600008,首创环保,2.75,13.207547169811296,0.8425955125957506,-2.1352313167259807,建仓后期,66.66666666666666,位置分位13.2%（低位）,2026-09-18
sh605008,长鸿高科,14.36,96.29629629629629,1.3049717672969237,10.973724884080372,拉升,50.0,"20日涨11.0%, MA20之上, MA60之上, 价升量增",2026-09-18
sh600121,郑州煤电,4.95,55.32646048109966,0.8811370840497513,24.68513853904282,拉升,57.14285714285714,"20日大涨24.7%, MA20之上, MA60之上",2026-09-18
sh600775,南京熊猫,9.73,29.145728643216078,1.2364705224153587,3.6208732694355676,建仓后期,100.0,"位置分位29.1%（低位）, MA20之上, 价升量增",2026-09-18
sh600569,安阳钢铁,1.78,24.63768115942029,0.8413233306594957,1.7142857142857157,建仓后期,75.0,位置分位24.6%（低位）,2026-09-18
sh688291,金橙子科技,39.2,22.229219143576834,0.7772513342594164,-6.130268199233705,建仓后期,72.72727272727273,"位置分位22.2%（低位）, 当日涨3.90%",2026-09-18
sh600059,古越龙山,10.7,96.14325068870522,1.7069407255262916,35.78680203045684,出货,55.172413793103445,"位置分位96.1%（极高位）, 高位放量（量比1.71）, 高位连续放量",2026-09-18
sh603158,腾龙股份,10.41,27.38225629791895,1.287962954426015,3.376365441906652,建仓后期,70.0,"位置分位27.4%（低位）, 价升量增",2026-09-18
sh688182,灿勤科技,29.15,30.050687907313538,1.1131706084514856,3.368794326241132,建仓后期,57.14285714285714,"位置分位30.1%（中低位）, MA20之上",2026-09-18
sh600637,东方明珠,8.67,32.3076923076923,1.644808439399544,8.646616541353378,建仓后期,46.666666666666664,"位置分位32.3%（中低位）, 低位涨8.6%, MA20之上, 价升量增",2026-09-18
sh605069,正和生态,12.36,44.670658682634716,0.9808304117348647,18.05157593123208,建仓后期,70.0,"位置分位44.7%（中低位）, 低位涨18.1%, MA20之上",2026-09-18
sh603381,永臻股份,14.66,11.017543859649125,1.2201481003642034,-3.9947609692206907,建仓后期,70.0,"位置分位11.0%（低位）, 价升量增",2026-09-18
sh603786,科博达,37.62,7.206823027718539,0.8559501243603931,-6.626954579300079,建仓初期,100.0,"位置分位7.2%（极低位）, MA20之下（低位）, MA60之下（低位）",2026-09-18
sh688349,三一重能,13.14,7.5434101907201985,1.0060712474752491,-6.142857142857139,建仓初期,100.0,"位置分位7.5%（极低位）, MA20之下（低位）, MA60之下（低位）",2026-09-18
sh601818,光大银行,3.02,52.38095238095239,0.869056185523466,0.0,洗盘,100.0,位置分位52.4%（中位）,2026-09-18
sh601900,南方传媒,12.11,63.52941176470588,1.0241764696789353,3.063829787234038,洗盘,85.71428571428571,位置分位63.5%（中位）,2026-09-18
sh688282,理工导航,53.6,17.83927975991998,1.2492346107051124,-3.925434665710697,建仓后期,75.0,"位置分位17.8%（低位）, 当日涨3.68%, 价升量增",2026-09-18
sh603901,永创智能,9.28,15.079365079365074,1.4164409702005538,-1.17145899893505,建仓后期,70.0,"位置分位15.1%（低位）, 价升量增",2026-09-18
sh600596,新安股份,11.99,27.76523702031603,0.6599187346640933,12.900188323917147,建仓后期,64.28571428571429,"位置分位27.8%（低位）, 低位涨12.9%, MA20之上",2026-09-18
sh601688,华泰证券,18.33,26.621923937360137,1.1255873950253086,-1.4516129032258231,建仓后期,66.66666666666666,位置分位26.6%（低位）,2026-09-18
sh600712,南宁百货,5.35,32.710280373831765,1.1563803834107615,2.294455066921591,建仓后期,62.5,"位置分位32.7%（中低位）, 当日涨5.73%",2026-09-18
sh688584,上海合晶硅材料,28.3,31.324800000000003,1.109952567600242,-2.7825489522500817,建仓后期,66.66666666666666,"位置分位31.3%（中低位）, 当日涨3.97%, MA20之上",2026-09-18
sh688543,国科军工,43.5,37.6599634369287,0.9609847005719679,12.69430051813471,建仓后期,66.66666666666666,"位置分位37.7%（中低位）, 低位涨12.7%, MA20之上",2026-09-18
sh600325,华发股份,2.48,16.774193548387085,1.7861325235674816,7.359307359307356,建仓后期,100.0,"位置分位16.8%（低位）, 低位放量（量比1.79）, 低位涨7.4%, 当日涨5.08%, MA20之上, 价升量增",2026-09-18
sh600288,大恒科技,10.97,18.252427184466036,1.251326370156352,-4.192139737991255,建仓后期,75.0,"位置分位18.3%（低位）, 当日涨3.10%, 价升量增",2026-09-18
sh601500,通用股份,3.89,29.133858267716544,0.8611541347554009,-1.7676767676767637,建仓后期,66.66666666666666,位置分位29.1%（低位）,2026-09-18
sh688301,奕瑞科技股份,91.25,23.595631545521336,1.2798545270730421,-9.599762234991081,建仓后期,70.0,"位置分位23.6%（低位）, 价升量增",2026-09-18
sh600392,盛和资源,21.54,14.876584389593067,0.9346166179707877,-5.235371755389359,建仓后期,66.66666666666666,位置分位14.9%（低位）,2026-09-18
sh600268,国电南自,10.38,5.14285714285716,0.9361585196572609,-1.2369172216936155,建仓初期,100.0,"位置分位5.1%（极低位）, MA20之下（低位）, MA60之下（低位）",2026-09-18
sh601187,厦门银行,6.88,17.361111111111107,1.4299818581915305,-4.840940525587835,建仓后期,66.66666666666666,位置分位17.4%（低位）,2026-09-18
sh600655,豫园股份,4.57,46.21848739495803,0.8450323557120574,1.555555555555562,建仓后期,50.0,位置分位46.2%（中低位）,2026-09-18
sh600939,重庆建工,2.62,35.35353535353537,0.9514490095377843,0.7692307692307698,建仓后期,50.0,位置分位35.4%（中低位）,2026-09-18
sh688045,必易微电子,60.35,44.4713870029098,1.0268973634812384,0.4159733777038269,建仓后期,57.14285714285714,"位置分位44.5%（中低位）, MA20之上",2026-09-18
sh603803,瑞斯康达,11.75,37.85192909280501,0.9589559457544072,3.79858657243816,建仓后期,57.14285714285714,"位置分位37.9%（中低位）, MA20之上",2026-09-18
sh603660,苏州科达,9.68,34.63611859838275,1.3601263521238989,-15.162138475021914,建仓后期,50.0,"位置分位34.6%（中低位）, 当日涨4.31%, 价升量增",2026-09-18
sh600078,澄星股份,10.26,23.023255813953494,0.9070389994112877,-3.0245746691871482,建仓后期,66.66666666666666,位置分位23.0%（低位）,2026-09-18
sh600029,南方航空,4.93,9.629629629629619,1.1992104388053288,-1.2024048096192483,建仓初期,100.0,"位置分位9.6%（极低位）, MA20之下（低位）, MA60之下（低位）",2026-09-18
sh603201,常润股份,15.14,24.907063197026027,1.2085925724452906,0.06609385327164433,建仓后期,70.0,"位置分位24.9%（低位）, 价升量增",2026-09-18
sh601988,中国银行,6.54,85.78908002991771,1.0798493595749918,8.099173553719012,出货,57.14285714285714,位置分位85.8%（极高位）,2026-09-18
sh600327,大东方,3.85,64.56692913385828,0.973415649420987,-5.637254901960784,洗盘,85.71428571428571,位置分位64.6%（中位）,2026-09-18
sh600236,桂冠电力,9.74,29.01250998136811,0.7718046863654043,-1.6161616161616175,建仓初期,50.0,"MA20之下（低位）, MA60之下（低位）, 连续3天缩量",2026-09-18
sh600759,ST洲际,2.36,11.61290322580645,0.7919336324635822,-8.527131782945743,建仓后期,66.66666666666666,位置分位11.6%（低位）,2026-09-18
sh603638,艾迪精密,18.31,8.059981255857537,0.9630490697687337,-3.631578947368428,建仓初期,100.0,"位置分位8.1%（极低位）, MA20之下（低位）, MA60之下（低位）",2026-09-18
sh688006,浙江杭可科技,20.94,8.553859202714177,0.6936829894831911,-7.3983991509308735,建仓初期,100.0,"位置分位8.6%（极低位）, 低位缩量（量比0.69）, MA20之下（低位）, MA60之下（低位）",2026-09-18
sh601199,江南水务,6.56,72.5490196078431,0.5047265497084712,1.5479876160990658,出货,72.72727272727273,"位置分位72.5%（中高位）, 高位缩量（量比0.50）",2026-09-18
sh600906,财达证券,6.46,25.57077625570775,1.685585550322056,0.4665629860031143,建仓后期,80.0,"位置分位25.6%（低位）, 低位放量（量比1.69）, 价升量增",2026-09-18
sh603719,良品铺子,8.82,22.179363548698163,1.2066357186865206,-7.450157397691491,建仓后期,66.66666666666666,位置分位22.2%（低位）,2026-09-18
sh603669,灵康药业,5.58,35.76309794988611,1.9033249754454722,1.8248175182481685,拉升,53.333333333333336,"中位放量（量比1.90）, 连续3天放量",2026-09-18
sh600758,辽宁能源,3.67,28.21428571428572,0.8004920504868066,9.880239520958087,建仓后期,80.0,"位置分位28.2%（低位）, 低位涨9.9%",2026-09-18
sh603321,梅轮电梯,7.18,74.08906882591091,1.0738452608702178,13.60759493670885,拉升,60.0,"20日涨13.6%, 当日大涨6.21%, MA20之上, MA60之上",2026-09-18
sh600019,宝钢股份,5.76,55.140186915887824,0.8993791343333821,1.4084507042253533,洗盘,66.66666666666666,位置分位55.1%（中位）,2026-09-18
sh600868,梅雁吉祥,2.83,28.658536585365862,0.738472424449529,3.663003663003666,建仓后期,75.0,位置分位28.7%（低位）,2026-09-18
sh600191,华资实业,9.7,30.608435983575944,0.9428255872192328,-8.662900188323917,建仓后期,50.0,位置分位30.6%（中低位）,2026-09-18
sh600785,新华百货,10.32,45.260326000949526,0.9382495757258413,5.954825462012321,建仓后期,70.0,"位置分位45.3%（中低位）, 低位涨6.0%, 当日涨3.10%",2026-09-18
sh688008,澜起科技,202.53,37.477633477633475,1.345713769431841,0.9872849663425528,建仓后期,70.0,"位置分位37.5%（中低位）, 当日涨4.22%, MA20之上, 价升量增",2026-09-18
sh601882,海天精工,22.8,68.29590488771468,1.417559584596773,13.432835820895516,拉升,64.70588235294117,"20日涨13.4%, 当日大涨3.97%, MA20之上, MA60之上, 价升量增",2026-09-18
sh688072,拓荆科技,720.06,63.732750322864604,1.0919660017102448,6.913140311804,拉升,60.0,"20日涨6.9%, 当日大涨3.76%, MA20之上, MA60之上",2026-09-18
sh600170,上海建工,2.21,12.142857142857135,1.4455261526180847,-1.7777777777777795,建仓后期,70.0,"位置分位12.1%（低位）, 价升量增",2026-09-18
sh688108,赛诺医疗科学,15.63,12.56038647342996,1.407355497287294,-15.42207792207792,建仓后期,53.84615384615385,"位置分位12.6%（低位）, 价升量增",2026-09-18
sh603668,天马科技,12.97,63.48884381338744,0.8898173738687476,27.657480314960637,拉升,57.14285714285714,"20日大涨27.7%, MA20之上, MA60之上",2026-09-18
sh605507,国邦医药,18.17,82.31248656780578,0.869611093926613,16.623876765083452,拉升,64.70588235294117,"20日大涨16.6%, 当日大涨5.03%, MA20之上, MA60之上",2026-09-18
sh600172,黄河旋风,16.0,68.47649918962723,0.688135635090434,18.168389955686862,洗盘,57.89473684210527,"位置分位68.5%（中位）, 中位缩量（量比0.69）",2026-09-18
sh688160,步科自动化,97.65,12.332309681590448,0.9780084822421966,-2.203304957436143,建仓后期,87.5,"位置分位12.3%（低位）, MA20之上",2026-09-18
sh688395,深圳正弦电气股份,24.06,39.76300197498353,0.9627390762730521,6.225165562913908,建仓后期,66.66666666666666,"位置分位39.8%（中低位）, 低位涨6.2%, MA20之上",2026-09-18
sh688628,优利德科技,80.41,50.567095705365105,1.1916115345596698,-7.029714417851773,洗盘,50.0,位置分位50.6%（中位）,2026-09-18
sh601222,林洋能源,5.94,38.121546961326,0.9452321264352251,8.990825688073398,建仓后期,66.66666666666666,"位置分位38.1%（中低位）, 低位涨9.0%, MA20之上",2026-09-18
sh600323,瀚蓝环境,28.93,47.672552166934196,0.8857615894039735,-1.1278195488721867,建仓后期,50.0,位置分位47.7%（中低位）,2026-09-18
sh600198,大唐电信,7.58,26.303317535545034,0.7553499613652802,1.4725568942436456,建仓后期,66.66666666666666,位置分位26.3%（低位）,2026-09-18
sh688502,茂莱光学,453.01,37.76267896141713,1.168158763006395,1.1499129192158213,建仓后期,66.66666666666666,"位置分位37.8%（中低位）, 当日涨3.38%, MA20之上",2026-09-18
sh600470,六国化工,5.69,27.915194346289752,0.7380097829872942,2.5225225225225327,建仓后期,66.66666666666666,位置分位27.9%（低位）,2026-09-18
sh601908,京运通,2.97,7.264957264957281,0.8902457560457141,0.0,建仓初期,100.0,"位置分位7.3%（极低位）, MA20之下（低位）, MA60之下（低位）",2026-09-18
sh603109,神驰机电,17.2,16.660319878141657,1.553117671933264,-1.8824871648602501,建仓后期,85.71428571428571,"位置分位16.7%（低位）, 低位放量（量比1.55）, 价升量增",2026-09-18
sh688179,阿拉丁科技,20.44,30.106851037083604,1.6420055744430282,-2.1541407371948265,建仓后期,46.666666666666664,"位置分位30.1%（中低位）, 当日涨4.29%, MA20之上, 价升量增",2026-09-18
sh688203,海正生物材料,17.67,92.0713577799802,1.7135067617057984,50.63938618925832,拉升,50.0,"20日大涨50.6%, 当日大涨8.67%, MA20之上, MA60之上, 价升量增",2026-09-18
sh601601,中国太保,32.08,42.00836820083682,1.2927455456206487,5.4569362261669845,建仓后期,66.66666666666666,"位置分位42.0%（中低位）, 低位涨5.5%, 价升量增",2026-09-18
sh601512,中新集团,8.44,27.9519331243469,0.7144129506577349,10.18276762402088,建仓后期,75.0,"位置分位28.0%（低位）, 低位涨10.2%, MA20之上",2026-09-18
sh600693,东百集团,9.49,42.83088235294118,1.0474240217315456,6.033519553072637,建仓后期,70.0,"位置分位42.8%（中低位）, 低位涨6.0%, 当日涨3.60%",2026-09-18
sh688608,恒玄科技,103.25,27.234159025591897,1.654281588344681,-3.9445529816727087,建仓后期,93.75,"位置分位27.2%（低位）, 低位放量（量比1.65）, 当日涨7.55%, MA20之上, 价升量增",2026-09-18
sh600212,绿能慧充,5.93,34.27762039660056,0.973199282642097,5.328596802841915,建仓后期,62.5,"位置分位34.3%（中低位）, 低位涨5.3%",2026-09-18
sh688680,海优新材,34.0,16.499782324771438,1.0036093572151987,-0.526623756582796,建仓后期,87.5,"位置分位16.5%（低位）, MA20之上",2026-09-18
sh600153,建发股份,8.37,27.59999999999998,1.2783605210047027,-5.955056179775293,建仓后期,70.0,"位置分位27.6%（低位）, 价升量增",2026-09-18
sh603778,国晟科技,9.1,5.765630849868962,1.429736830554493,-3.2943676939426196,建仓初期,91.66666666666666,"位置分位5.8%（极低位）, MA20之下（低位）, MA60之下（低位）",2026-09-18
sh603209,兴通股份,14.59,69.18982850384388,0.9081676288218944,1.1789181692094308,洗盘,66.66666666666666,位置分位69.2%（中位）,2026-09-18
sh600735,ST新华锦,6.69,44.19475655430714,0.8146607907640743,10.578512396694224,建仓后期,66.66666666666666,"位置分位44.2%（中低位）, 低位涨10.6%, MA20之上",2026-09-18
sh603889,新澳股份,6.16,56.46359583952454,1.1877454099607345,11.191335740072205,洗盘,50.0,位置分位56.5%（中位）,2026-09-18
sh603615,茶花股份,20.0,62.83448959365708,1.4383926968053886,18.203309692671382,拉升,72.72727272727273,"20日大涨18.2%, 当日大涨7.07%, MA20之上, MA60之上, 连续3天放量, 价升量增",2026-09-18
sh600316,洪都航空,32.26,46.72845938682608,0.8805556338756215,13.791887125220445,建仓后期,66.66666666666666,"位置分位46.7%（中低位）, 低位涨13.8%, MA20之上",2026-09-18
sh603213,镇洋发展,13.49,25.120772946859898,0.8340097149207697,-3.435934144595565,建仓后期,66.66666666666666,位置分位25.1%（低位）,2026-09-18
sh688015,交控科技,16.09,20.165094339622634,1.1812731743680598,2.288620470438649,建仓后期,75.0,位置分位20.2%（低位）,2026-09-18
sh688249,晶合集成,36.75,25.37823328452904,1.5741534347292272,-6.058282208588952,建仓后期,93.75,"位置分位25.4%（低位）, 低位放量（量比1.57）, 当日涨4.97%, MA20之上, 价升量增",2026-09-18
sh600594,益佰制药,3.56,29.338842975206614,1.065234040373943,-4.3010752688172085,建仓后期,66.66666666666666,位置分位29.3%（低位）,2026-09-18
sh603663,三祥新材,45.29,35.631914893617015,1.0300086999803066,5.056831361633031,建仓后期,72.72727272727273,"位置分位35.6%（中低位）, 低位涨5.1%, 当日涨3.83%, MA20之上",2026-09-18
sh605080,浙江自然,22.71,44.311632870864464,0.8566589534138114,3.2272727272727315,建仓后期,50.0,位置分位44.3%（中低位）,2026-09-18
sh600408,安泰集团,3.03,40.90909090909089,0.8556539031533545,5.574912891986052,建仓后期,62.5,"位置分位40.9%（中低位）, 低位涨5.6%",2026-09-18
sh601568,北元化工,3.64,30.303030303030326,0.6344624820195058,-1.621621621621623,洗盘,78.57142857142857,"中位缩量（量比0.63）, 连续3天缩量",2026-09-18
sh603612,索通发展,16.6,15.407190022010283,1.0017855565660978,-0.3601440576230415,建仓后期,66.66666666666666,位置分位15.4%（低位）,2026-09-18
sh603399,永杉锂业,13.8,20.971004720161844,1.0816340095882724,-8.36653386454183,建仓后期,66.66666666666666,位置分位21.0%（低位）,2026-09-18
sh688605,先锋精科,90.06,43.59553735348115,1.106910498539265,25.782122905027947,建仓后期,75.0,"位置分位43.6%（中低位）, 低位涨25.8%, 当日涨3.46%, MA20之上",2026-09-18
sh603116,红蜻蜓,6.6,51.97740112994349,1.819235532197656,5.431309904153352,拉升,72.72727272727273,"中位放量（量比1.82）, 20日涨5.4%, 当日大涨6.62%, MA20之上, MA60之上, 价升量增",2026-09-18
sh603113,金能科技,4.89,24.77220956719818,0.7765673380797463,-3.929273084479375,建仓后期,60.0,位置分位24.8%（低位）,2026-09-18
sh688129,东来涂料技术股份,21.7,24.405705229793966,0.9021213007179287,3.5305343511450307,建仓后期,100.0,"位置分位24.4%（低位）, MA20之上",2026-09-18
sh688166,博瑞生物医药,35.03,14.255280572930834,1.4631239190588328,-4.472320698118355,建仓后期,70.0,"位置分位14.3%（低位）, 价升量增",2026-09-18
sh600843,上工申贝,6.88,24.403183023872675,1.0657120314866373,-0.5780346820809253,建仓后期,66.66666666666666,位置分位24.4%（低位）,2026-09-18
sh688416,恒烁股份,81.13,30.19061775892974,1.1687225818177234,7.528164347249825,建仓后期,72.72727272727273,"位置分位30.2%（中低位）, 低位涨7.5%, 当日涨4.59%, MA20之上",2026-09-18
sh600748,上实发展,3.86,18.855218855218858,1.0913123852427962,-0.5154639175257737,建仓后期,100.0,"位置分位18.9%（低位）, MA20之上",2026-09-18
sh600477,杭萧钢构,2.42,16.339869281045733,1.0372873673685437,1.2552301255230043,建仓后期,75.0,位置分位16.3%（低位）,2026-09-18
sh603336,宏辉果蔬,10.36,52.55737704918032,0.8588793597748299,11.999999999999995,拉升,60.0,"20日涨12.0%, 当日大涨3.60%, MA20之上, MA60之上",2026-09-18
sh603110,东方材料,25.13,75.3474762253109,1.068410831560543,-1.4509803921568667,出货,66.66666666666666,位置分位75.3%（中高位）,2026-09-18
sh688023,安恒信息,44.02,57.07369553523402,0.8332806681940135,14.011914011914023,拉升,60.0,"20日涨14.0%, 当日大涨3.87%, MA20之上, MA60之上",2026-09-18
sh603888,新华网,18.47,84.43328550932569,1.3211580914340175,15.654351909830922,拉升,62.5,"20日大涨15.7%, MA20之上, MA60之上, 价升量增",2026-09-18
sh603122,合富中国,13.64,34.9388379204893,1.3970077172651105,15.10548523206752,建仓后期,62.5,"位置分位34.9%（中低位）, 低位涨15.1%, 当日涨10.00%, MA20之上, 价升量增",2026-09-18
sh688533,上声电子股份,19.42,6.490649064906526,1.1365778044087491,-6.8585131894484395,建仓初期,100.0,"位置分位6.5%（极低位）, MA20之下（低位）, MA60之下（低位）",2026-09-18
sh688392,骄成超声波,176.2,51.2840519727245,1.48621984310656,-8.572021585720222,拉升,57.14285714285714,"当日大涨3.87%, MA20之上, MA60之上, 价升量增",2026-09-18
sh603008,ST喜临门,9.45,21.837837837837835,1.6808056306408015,15.525672371638139,建仓后期,100.0,"位置分位21.8%（低位）, 低位放量（量比1.68）, 低位涨15.5%, 当日涨5.59%, MA20之上, 价升量增",2026-09-18
sh600279,重庆港,4.33,31.410788381742748,0.7109398974179124,0.46403712296984834,洗盘,66.66666666666666,连续3天缩量,2026-09-18
sh605377,华旺科技,8.1,27.609427609427588,1.1119741974704065,-6.574394463667824,建仓后期,66.66666666666666,位置分位27.6%（低位）,2026-09-18
sh600725,云维股份,3.29,20.68965517241379,1.0290630837764045,3.78548895899054,建仓后期,75.0,位置分位20.7%（低位）,2026-09-18
sh688500,慧辰资讯股份公司,32.05,16.104965268844865,1.4033371337300276,-12.717864923747282,建仓后期,70.0,"位置分位16.1%（低位）, 价升量增",2026-09-18
sh605366,宏柏新材,8.45,24.20681551116333,0.7255353319477821,6.022584692597234,建仓后期,90.0,"位置分位24.2%（低位）, 低位涨6.0%, MA20之上",2026-09-18
sh605318,法狮龙,79.07,16.423875209488195,1.5198061619170407,3.8209033613445333,建仓后期,93.75,"位置分位16.4%（低位）, 低位放量（量比1.52）, 当日涨3.88%, MA20之上, 价升量增",2026-09-18
sh605090,九丰能源,32.67,12.962962962962976,1.1785021672448561,-8.436098654708514,建仓后期,66.66666666666666,位置分位13.0%（低位）,2026-09-18
sh600309,万华化学,71.15,23.316660253943837,1.0136892288311747,-2.7606942736093973,建仓后期,66.66666666666666,位置分位23.3%（低位）,2026-09-18
sh603278,大业股份,9.08,15.639374425023,1.0110919869956014,0.22075055187637496,建仓后期,66.66666666666666,位置分位15.6%（低位）,2026-09-18
sh600328,中盐化工,5.64,1.2239902080783307,0.921683289086604,-10.900473933649295,建仓初期,100.0,"位置分位1.2%（极低位）, MA20之下（低位）, MA60之下（低位）",2026-09-18
sh688019,安集科技,234.8,30.714349839724125,1.2105389314884587,-2.6009043016551137,建仓后期,45.45454545454545,"位置分位30.7%（中低位）, MA20之上, 价升量增",2026-09-18
sh600026,中远海能,22.07,63.77388535031847,1.1297766468866268,12.717058222676211,洗盘,50.0,位置分位63.8%（中位）,2026-09-18
sh601555,东吴证券,8.3,74.26900584795324,0.8796258076588626,6.002554278416356,出货,60.0,位置分位74.3%（中高位）,2026-09-18
sh603896,寿仙谷,14.11,22.541603630862326,0.9851814001021972,-5.870580386924622,建仓后期,66.66666666666666,位置分位22.5%（低位）,2026-09-18
sh688035,德邦科技股份,78.49,47.919681620839356,1.0868393865809274,18.27908378541289,建仓后期,70.0,"位置分位47.9%（中低位）, 低位涨18.3%, MA20之上",2026-09-18
sh688591,泰凌微,30.19,28.815614713864996,1.843925498633538,12.06384558277654,建仓后期,100.0,"位置分位28.8%（低位）, 低位放量（量比1.84）, 低位涨12.1%, 当日涨7.09%, MA20之上, 价升量增",2026-09-18
sh600976,健民集团,26.44,18.163054695562455,0.709952432382747,-3.9941902687000654,建仓初期,50.0,"MA20之下（低位）, MA60之下（低位）, 连续3天缩量",2026-09-18
sh600651,飞乐音响,5.2,8.461538461538453,1.085220272738859,-8.771929824561402,建仓初期,100.0,"位置分位8.5%（极低位）, MA20之下（低位）, MA60之下（低位）",2026-09-18
sh600109,国金证券,8.25,41.618497109826585,1.0906318875697212,-2.597402597402605,建仓后期,50.0,位置分位41.6%（中低位）,2026-09-18
sh600523,贵航股份,11.82,39.16827852998067,0.9247064394640069,0.0,建仓后期,50.0,位置分位39.2%（中低位）,2026-09-18
sh600108,亚盛集团,4.16,43.558282208588956,0.8813597474922353,26.060606060606073,建仓后期,66.66666666666666,"位置分位43.6%（中低位）, 低位涨26.1%",2026-09-18
sh600259,中稀有色,81.37,27.107627604664515,0.8221433761429798,-4.607268464243837,建仓后期,87.5,"位置分位27.1%（低位）, MA20之上",2026-09-18
sh601996,丰林集团,3.0,84.84848484848484,1.3851486337567855,18.577075098814237,拉升,68.42105263157895,"20日大涨18.6%, 当日大涨4.53%, MA20之上, MA60之上, 价升量增",2026-09-18
sh600150,中国船舶,39.47,72.96380090497736,0.9626616718835768,17.19121140142518,拉升,57.14285714285714,"20日大涨17.2%, MA20之上, MA60之上",2026-09-18
sh603931,格林达,36.08,24.6705710102489,0.872530118616247,1.5336991698325644,建仓后期,87.5,"位置分位24.7%（低位）, MA20之上",2026-09-18
sh603598,引力传媒,17.24,25.668016194331965,1.064413200590802,1.5910430170889782,建仓后期,75.0,位置分位25.7%（低位）,2026-09-18
sh603619,中曼石油,21.39,18.920282542885975,0.8106950730392914,-8.901192504258942,建仓后期,66.66666666666666,位置分位18.9%（低位）,2026-09-18
sh605050,福然德,10.16,22.222222222222218,0.9918555644150815,-1.64569215876089,建仓后期,66.66666666666666,位置分位22.2%（低位）,2026-09-18
sh688805,健信超导,40.08,22.60061919504644,1.4270381331595487,4.429390307451786,建仓后期,70.0,"位置分位22.6%（低位）, 价升量增",2026-09-18
sh688281,华秦科技实业,51.0,32.50970438936997,0.6796163873347952,13.107119095143037,洗盘,57.14285714285714,中位缩量（量比0.68）,2026-09-18
sh601828,美凯龙,2.15,15.853658536585355,1.057822328778541,0.46728971962615823,建仓后期,66.66666666666666,位置分位15.9%（低位）,2026-09-18
sh600359,新农开发,7.89,48.77126654064272,1.0662996448388418,20.27439024390244,建仓后期,70.0,"位置分位48.8%（中低位）, 低位涨20.3%, MA20之上",2026-09-18
sh603655,朗博科技,30.2,27.484787018255574,1.6426747394867993,-8.926417370325685,建仓后期,87.5,"位置分位27.5%（低位）, 低位放量（量比1.64）, 当日涨3.35%, 价升量增",2026-09-18
sh688529,豪森智能股份,14.4,29.472595656670116,0.8137614947359001,-11.275415896487985,建仓后期,66.66666666666666,位置分位29.5%（低位）,2026-09-18
sh688080,映翰通网络,37.29,24.30007178750897,1.1407116429561082,1.9688269073010634,建仓后期,100.0,"位置分位24.3%（低位）, MA20之上",2026-09-18
sh600984,建设机械,3.52,22.35772357723577,0.9964748842376181,-13.725490196078432,建仓后期,66.66666666666666,位置分位22.4%（低位）,2026-09-18
sh688683,莱尔科技,31.82,33.09982486865148,1.5648797268147745,5.1553205551883625,建仓后期,52.94117647058824,"位置分位33.1%（中低位）, 低位涨5.2%, 当日涨4.09%, MA20之上, 价升量增",2026-09-18
sh603776,永安行,19.61,34.205933682373484,0.9433633024778555,-3.3990147783251294,建仓后期,50.0,位置分位34.2%（中低位）,2026-09-18
sh600552,凯盛科技,17.87,28.377153218495017,1.29077775751198,-1.1615044247787463,建仓后期,88.88888888888889,"位置分位28.4%（低位）, MA20之上, 价升量增",2026-09-18
sh688121,*ST卓然技术,1.15,0.24711696869851568,0.6708467604541625,-33.9080459770115,建仓初期,100.0,"位置分位0.2%（极低位）, 低位缩量（量比0.67）, 低位跌-33.9%, MA20之下（低位）, MA60之下（低位）",2026-09-18
sh601083,锦江航运,12.56,75.78947368421053,1.1596092749774765,5.369127516778528,出货,60.0,位置分位75.8%（中高位）,2026-09-18
sh601368,绿城水务,4.45,37.442922374429244,1.0116437637679638,-3.26086956521738,建仓后期,50.0,位置分位37.4%（中低位）,2026-09-18
sh688067,爱威科技,22.66,42.88150042625747,0.7708134879471006,-0.9615384615384566,建仓后期,50.0,位置分位42.9%（中低位）,2026-09-18
sh600583,海油工程,6.06,55.24999999999998,1.0079969606566974,-0.9803921568627533,洗盘,85.71428571428571,位置分位55.2%（中位）,2026-09-18
sh600761,安徽合力,15.46,3.2906764168190397,0.5207306814084846,-6.359781950333135,建仓初期,100.0,"位置分位3.3%（极低位）, 低位缩量（量比0.52）, MA20之下（低位）, MA60之下（低位）",2026-09-18
sh600667,太极实业,20.46,50.77183336857686,1.1273149291798115,-4.570895522388061,洗盘,75.0,位置分位50.8%（中位）,2026-09-18
sh601279,英利汽车,3.48,37.19512195121951,0.6821980024649549,8.41121495327103,洗盘,57.14285714285714,中位缩量（量比0.68）,2026-09-18
sh688433,华曙高科,94.31,42.802180185957035,1.2922427527883713,-10.061033759298109,建仓后期,66.66666666666666,"位置分位42.8%（中低位）, 当日涨6.15%, 价升量增",2026-09-18
sh603909,建发合诚,9.61,28.264462809917347,0.8435273266538865,0.3131524008350664,建仓后期,75.0,位置分位28.3%（低位）,2026-09-18
sh688513,苑东生物,48.54,20.857444774316914,1.0299677116102537,6.540825285338009,建仓后期,90.0,"位置分位20.9%（低位）, 低位涨6.5%, MA20之上",2026-09-18
sh603125,江苏常青树科技,23.9,40.901111761263884,1.0754034338790637,3.8227628149435233,建仓后期,57.14285714285714,"位置分位40.9%（中低位）, MA20之上",2026-09-18
sh688196,卓越新能,33.24,5.5289347585698545,0.8103836483104099,-3.6521739130434723,建仓初期,100.0,"位置分位5.5%（极低位）, MA20之下（低位）, MA60之下（低位）",2026-09-18
sh600894,广日股份,7.2,4.934210526315801,0.9694163787272642,-7.096774193548384,建仓初期,100.0,"位置分位4.9%（极低位）, MA20之下（低位）, MA60之下（低位）",2026-09-18
sh603613,国联股份,21.27,33.49206349206349,1.5298685703046089,16.611842105263168,建仓后期,50.0,"位置分位33.5%（中低位）, 低位涨16.6%, MA20之上, 价升量增",2026-09-18
sh600293,三峡新材,3.34,48.22335025380709,1.933919127436338,17.605633802816904,建仓后期,46.666666666666664,"位置分位48.2%（中低位）, 低位涨17.6%, MA20之上",2026-09-18
sh688110,东芯股份,122.36,24.241897645321053,1.4766040846999797,1.375310687655341,建仓后期,90.9090909090909,"位置分位24.2%（低位）, 当日涨5.91%, MA20之上, 价升量增",2026-09-18
sh603928,兴业股份,12.17,24.604743083003953,1.000416291322032,-2.7955271565495177,建仓后期,87.5,"位置分位24.6%（低位）, MA20之上",2026-09-18
sh601336,新华保险,58.18,43.04526748971194,1.17650496344806,-1.0375914271134536,建仓后期,50.0,位置分位43.0%（中低位）,2026-09-18
sh603801,志邦家居,5.88,19.220779220779225,0.7822213044778051,-15.395683453237414,建仓初期,60.0,"低位跌-15.4%, MA20之下（低位）, MA60之下（低位）, 连续3天缩量",2026-09-18
sh600683,京投发展,9.64,18.89554224883567,1.3031110738222549,-3.6963036963036884,建仓后期,70.0,"位置分位18.9%（低位）, 价升量增",2026-09-18
sh601058,赛轮轮胎,13.85,61.935483870967744,0.9456966885352794,1.3167520117044602,洗盘,85.71428571428571,位置分位61.9%（中位）,2026-09-18
sh600525,长园集团,4.89,35.58282208588956,1.1034076601897433,-12.20825852782766,建仓后期,62.5,"位置分位35.6%（中低位）, 当日涨3.16%",2026-09-18
sh603269,海鸥股份,26.33,86.37656569689106,0.8452167443923407,47.83829309376755,拉升,50.0,"20日大涨47.8%, MA20之上, MA60之上",2026-09-18
sh688226,威腾电气集团股份,28.88,9.951185495118548,1.0910723981115524,-1.0586179725238998,建仓初期,84.61538461538461,"位置分位10.0%（极低位）, MA20之下（低位）, MA60之下（低位）",2026-09-18
sh600481,双良节能,4.15,13.921113689095138,1.1669127498427803,-1.4251781472683993,建仓后期,66.66666666666666,位置分位13.9%（低位）,2026-09-18
sh688592,司南导航,22.98,26.624844992340808,1.0646172857689773,-7.338709677419356,建仓后期,66.66666666666666,位置分位26.6%（低位）,2026-09-18
sh600962,国投中鲁,26.31,58.836524300441816,1.210551444258773,3.4604797483287415,洗盘,54.54545454545454,位置分位58.8%（中位）,2026-09-18
sh688213,思特威电子科技,94.25,35.45407212079476,1.9682427549831774,-3.826530612244898,拉升,47.05882352941176,"中位放量（量比1.97）, 连续3天放量",2026-09-18
sh688011,新光光电科技股份,79.0,74.69597754911132,0.9188240667176916,-0.7288263382759466,出货,85.71428571428571,位置分位74.7%（中高位）,2026-09-18
sh605358,立昂微,46.5,28.56307272372782,1.2526627791597582,5.442176870748296,建仓后期,92.85714285714286,"位置分位28.6%（低位）, 低位涨5.4%, MA20之上, 连续3天放量, 价升量增",2026-09-18
sh603280,南方路面机械,25.98,23.834586466165426,0.9771661824209906,-2.18373493975903,建仓后期,75.0,位置分位23.8%（低位）,2026-09-18
sh603389,亚振家居,48.61,32.37095363079616,0.8966284242566144,6.019629225736091,建仓后期,66.66666666666666,"位置分位32.4%（中低位）, 低位涨6.0%, MA20之上",2026-09-18
sh603444,XD吉比特,347.71,40.38152242513076,1.4956846318847434,-6.992109134679696,建仓后期,50.0,位置分位40.4%（中低位）,2026-09-18
sh600469,风神股份,4.99,5.327868852459013,0.8676253149794874,-4.770992366412213,建仓初期,100.0,"位置分位5.3%（极低位）, MA20之下（低位）, MA60之下（低位）",2026-09-18
sh688359,三孚新材料科技,107.87,23.595115859580968,1.135730482635905,12.38799749947906,建仓后期,91.66666666666666,"位置分位23.6%（低位）, 低位涨12.4%, 当日涨4.01%, MA20之上",2026-09-18
sh688528,秦川物联网,9.89,35.92896174863389,0.9472576353310298,0.406091370558385,建仓后期,50.0,位置分位35.9%（中低位）,2026-09-18
sh600575,淮河能源,3.24,17.266187050359733,0.9717725029700098,-1.2195121951219388,建仓后期,66.66666666666666,位置分位17.3%（低位）,2026-09-18
sh600350,山东高速,10.0,14.66992665036674,0.8204229100366857,-5.303030303030307,建仓后期,66.66666666666666,位置分位14.7%（低位）,2026-09-18
sh603206,嘉环科技,13.57,14.874551971326166,0.7740377417444003,-0.8765522279035735,建仓后期,66.66666666666666,位置分位14.9%（低位）,2026-09-18
sh600033,福建高速,3.67,76.95652173913041,1.5047829440592426,4.261363636363634,出货,68.75,"位置分位77.0%（中高位）, 高位放量（量比1.50）",2026-09-18
sh603856,东宏股份,11.42,19.06249999999999,0.7744210675721414,-1.2964563526361308,建仓后期,66.66666666666666,位置分位19.1%（低位）,2026-09-18
sh688033,*ST天宜新材,7.32,49.8607242339833,0.9539798307860337,23.025210084033613,建仓后期,70.0,"位置分位49.9%（中低位）, 低位涨23.0%, MA20之上",2026-09-18
sh600702,舍得酒业,32.85,6.544502617801051,1.188571940351977,-5.927835051546392,建仓初期,100.0,"位置分位6.5%（极低位）, MA20之下（低位）, MA60之下（低位）",2026-09-18
sh600521,华海药业,16.14,48.2,0.9268912718082104,-2.8880866425992804,建仓后期,57.14285714285714,"位置分位48.2%（中低位）, MA20之上",2026-09-18
sh600055,万东医疗,10.21,6.785714285714301,1.4815977357607228,-8.430493273542595,建仓初期,91.66666666666666,"位置分位6.8%（极低位）, MA20之下（低位）, MA60之下（低位）",2026-09-18
sh601330,绿色动力,8.37,54.34083601286173,0.7141167197417981,19.74248927038625,洗盘,52.94117647058824,"位置分位54.3%（中位）, 连续3天缩量",2026-09-18
sh688693,锴威特,79.43,31.836573571499066,1.3729652882788816,3.884383991629628,建仓后期,70.0,"位置分位31.8%（中低位）, 当日涨3.87%, MA20之上, 价升量增",2026-09-18
sh600925,苏能股份,4.1,19.191919191919137,0.9133389268714124,-5.74712643678161,建仓后期,66.66666666666666,位置分位19.2%（低位）,2026-09-18
sh688060,江苏云涌电子科技,36.02,36.544190665342626,0.9774996652952573,4.861717612809321,建仓后期,57.14285714285714,"位置分位36.5%（中低位）, MA20之上",2026-09-18
sh601218,吉鑫科技,5.55,52.895148669796555,1.354111050347807,26.71232876712329,拉升,64.70588235294117,"20日大涨26.7%, MA20之上, MA60之上, 连续3天放量",2026-09-18
sh600862,中航高科,17.98,26.437613019891508,0.8065958612639583,3.4522439585730806,建仓后期,66.66666666666666,位置分位26.4%（低位）,2026-09-18
sh600448,华纺股份,3.54,88.40579710144927,1.4149674968598263,20.408163265306126,拉升,61.904761904761905,"20日大涨20.4%, 当日大涨9.94%, MA20之上, MA60之上, 价升量增",2026-09-18
sh600489,中金黄金,24.05,61.92513368983958,1.1007234963248327,-11.515820456217805,洗盘,85.71428571428571,位置分位61.9%（中位）,2026-09-18
sh603811,诚意药业,6.77,7.816316560820678,0.8239863901871801,-8.513513513513523,建仓初期,100.0,"位置分位7.8%（极低位）, MA20之下（低位）, MA60之下（低位）",2026-09-18
sh688195,腾景科技,199.48,48.53247053385717,1.1025606432916577,15.976744186046506,建仓后期,75.0,"位置分位48.5%（中低位）, 低位涨16.0%, 当日涨6.39%, MA20之上",2026-09-18
sh600151,航天机电,9.74,18.696186961869614,1.225781357953295,-4.133858267716534,建仓后期,70.0,"位置分位18.7%（低位）, 价升量增",2026-09-18
sh601666,平煤股份,8.85,56.481481481481474,1.1407848475972595,-7.908428720083245,洗盘,85.71428571428571,位置分位56.5%（中位）,2026-09-18
sh688668,鼎通科技,269.6,45.549345905273356,1.1269080871448978,7.077607435062365,建仓后期,72.72727272727273,"位置分位45.5%（中低位）, 低位涨7.1%, 当日涨3.50%, MA20之上",2026-09-18
sh600850,电科数字,14.01,7.540530350634656,0.9620721272324625,-2.5730180806676004,建仓初期,100.0,"位置分位7.5%（极低位）, MA20之下（低位）, MA60之下（低位）",2026-09-18
sh603696,安记食品,13.98,47.63636363636363,0.9793084791826566,6.311787072243346,建仓后期,62.5,"位置分位47.6%（中低位）, 低位涨6.3%",2026-09-18
sh603519,立霸股份,15.55,67.22306525037936,1.0404943915892348,-5.240706886045091,洗盘,85.71428571428571,位置分位67.2%（中位）,2026-09-18
sh605001,威奥股份,5.67,30.921052631578938,1.0777188860353715,-0.5263157894736885,建仓后期,50.0,位置分位30.9%（中低位）,2026-09-18
sh600753,ST海钦,11.88,50.889679715302506,0.5691528574633803,18.800000000000008,洗盘,57.89473684210527,"位置分位50.9%（中位）, 中位缩量（量比0.57）",2026-09-18
sh601566,九牧王,9.02,29.834254143646394,1.1915229312827427,7.7658303464755125,建仓后期,80.0,"位置分位29.8%（低位）, 低位涨7.8%",2026-09-18
sh688372,伟测科技,120.5,20.25966183574879,1.4915228620885777,-2.072328321820396,建仓后期,90.9090909090909,"位置分位20.3%（低位）, 当日涨4.61%, MA20之上, 价升量增",2026-09-18
sh600513,联环药业,14.85,6.368051807879113,1.353950775952235,-10.757211538461544,建仓初期,91.66666666666666,"位置分位6.4%（极低位）, MA20之下（低位）, MA60之下（低位）",2026-09-18
sh600319,亚星化学,6.13,31.818181818181813,0.9056753285788453,-2.8526148969889022,建仓后期,50.0,位置分位31.8%（中低位）,2026-09-18
sh600483,福能股份,11.01,61.97324414715718,0.7495976318238787,7.205452775073031,洗盘,50.0,位置分位62.0%（中位）,2026-09-18
sh603197,保隆科技,28.97,28.64321608040199,1.0566858450020797,-5.573663624511084,建仓后期,66.66666666666666,位置分位28.6%（低位）,2026-09-18
sh688183,生益电子,121.2,56.54020760878223,0.9737058558853593,12.66034578918015,洗盘,60.0,位置分位56.5%（中位）,2026-09-18
sh600016,民生银行,3.46,64.32835820895524,1.403594077117075,3.2219570405727955,洗盘,85.71428571428571,位置分位64.3%（中位）,2026-09-18
sh688163,赛伦生物,36.06,40.12190749372536,0.9533978544331042,6.434474616292797,建仓后期,66.66666666666666,"位置分位40.1%（中低位）, 低位涨6.4%, MA20之上",2026-09-18
sh688475,萤石网络,28.01,39.317507418397646,0.9350781627525406,-5.083022704168078,建仓后期,50.0,位置分位39.3%（中低位）,2026-09-18
sh603992,松霖科技,20.03,6.248287201973148,0.8409706275490969,-2.1972656249999964,建仓初期,100.0,"位置分位6.2%（极低位）, MA20之下（低位）, MA60之下（低位）",2026-09-18
sh600586,金晶科技,4.06,13.247863247863231,1.0369299445304527,-4.918032786885246,建仓后期,66.66666666666666,位置分位13.2%（低位）,2026-09-18
sh688275,万润新能源,71.3,4.1446208112874805,1.3135383182821032,-17.006169246886277,建仓初期,82.35294117647058,"位置分位4.1%（极低位）, 低位跌-17.0%, MA20之下（低位）, MA60之下（低位）",2026-09-18
sh603977,国泰集团,11.35,15.37356321839081,0.9707448503882129,-2.575107296137345,建仓后期,66.66666666666666,位置分位15.4%（低位）,2026-09-18
sh600478,科力远,4.62,3.943661971830978,1.051236556309756,-5.327868852459012,建仓初期,100.0,"位置分位3.9%（极低位）, MA20之下（低位）, MA60之下（低位）",2026-09-18
sh688410,山外山血液净化,9.53,11.999999999999966,1.1504074771214328,-12.648945921173244,建仓后期,66.66666666666666,位置分位12.0%（低位）,2026-09-18
sh600825,新华传媒,5.31,52.164840897235244,1.1836816592245316,5.7768924302788855,洗盘,50.0,位置分位52.2%（中位）,2026-09-04
sh688363,华熙生物,34.45,15.384615384615438,1.501846697128661,-5.305112699285321,建仓后期,80.0,"位置分位15.4%（低位）, 低位放量（量比1.50）, 价升量增",2026-09-18
sh600051,宁波联合,6.07,23.430962343096247,0.7965077330145984,-3.8034865293185316,建仓后期,60.0,位置分位23.4%（低位）,2026-09-18
sh605116,奥锐特,19.76,14.332619557458976,1.9563185529317977,-0.952380952380941,建仓后期,92.85714285714286,"位置分位14.3%（低位）, 低位放量（量比1.96）, MA20之上, 价升量增",2026-09-18
sh603211,晋拓科技股份,20.18,3.5459440528827155,1.138154412472332,-12.527091460771567,建仓初期,100.0,"位置分位3.5%（极低位）, MA20之下（低位）, MA60之下（低位）",2026-09-18
sh688629,四川华丰科技,133.33,24.190582780398127,0.9972554233924432,-4.141203537278015,建仓后期,87.5,"位置分位24.2%（低位）, MA20之上",2026-09-18
sh603688,石英股份,49.66,19.15584415584415,1.164703328433706,1.8666666666666596,建仓后期,87.5,"位置分位19.2%（低位）, MA20之上",2026-09-18
sh688248,南方电网电力科技,55.24,55.019244116348034,1.322948998473914,33.6236090953072,拉升,68.42105263157895,"20日大涨33.6%, 当日大涨6.83%, MA20之上, MA60之上, 价升量增",2026-09-18
sh600561,江西长运,5.71,42.12454212454213,0.7258678283951127,-0.1748251748251711,建仓后期,50.0,位置分位42.1%（中低位）,2026-09-18
sh601077,渝农商行,6.53,35.175879396984946,1.0061795222867644,-4.111600587371504,建仓后期,50.0,位置分位35.2%（中低位）,2026-09-18
sh600503,华丽家族,2.21,27.118644067796616,1.480671077919107,3.7558685446009425,建仓后期,100.0,"位置分位27.1%（低位）, MA20之上, 价升量增",2026-09-18
sh688661,和林微纳科技,109.77,38.57469164001827,1.2683814871557793,8.672408672408663,建仓后期,75.0,"位置分位38.6%（中低位）, 低位涨8.7%, 当日涨6.16%, MA20之上, 价升量增",2026-09-18
sh600982,宁波能源,5.2,24.3421052631579,0.7859553708028734,8.559498956158667,建仓后期,100.0,"位置分位24.3%（低位）, 低位涨8.6%, MA20之上",2026-09-18
sh688077,大地熊新材料,26.9,49.61715160796324,1.3206224474912485,-6.597222222222229,建仓后期,57.14285714285714,"位置分位49.6%（中低位）, 价升量增",2026-09-18
sh688369,致远互联,18.98,32.46167718665465,0.9624588821623067,-3.458799593082399,建仓后期,50.0,位置分位32.5%（中低位）,2026-09-18
sh600243,*ST海华,3.39,40.29850746268657,0.7900854543783883,-9.599999999999996,洗盘,66.66666666666666,连续3天缩量,2026-09-18
sh603848,好太太,13.12,16.013628620102203,0.863246731129487,0.6907137375287786,建仓后期,66.66666666666666,位置分位16.0%（低位）,2026-09-18
sh688089,ST嘉必优生物,8.47,11.791383219954652,0.6967575756914847,12.78295605858856,建仓后期,52.94117647058824,"位置分位11.8%（低位）, 低位涨12.8%, MA20之上",2026-09-18
sh605286,同力天启,25.0,16.573033707865168,1.5834141394372336,0.3210272873194153,建仓后期,82.35294117647058,"位置分位16.6%（低位）, 低位放量（量比1.58）, 当日涨3.73%, 价升量增",2026-09-18
sh603160,汇顶科技,53.25,26.58576503931977,0.9559502758056428,8.962553713934936,建仓后期,100.0,"位置分位26.6%（低位）, 低位涨9.0%, MA20之上",2026-09-18
sh600846,同济科技,10.95,49.71046770601335,1.199748743718593,-4.5335658238884164,建仓后期,50.0,位置分位49.7%（中低位）,2026-09-18
sh600235,民丰特纸,5.73,38.82352941176472,0.8219461322209123,-0.17421602787456072,建仓后期,50.0,位置分位38.8%（中低位）,2026-09-18
sh603919,金徽酒,16.22,26.63605051664752,1.036694409441095,0.6828057107386681,建仓后期,75.0,位置分位26.6%（低位）,2026-09-18
sh600783,鲁信创投,15.35,13.850415512465375,0.9313364006829664,-10.23391812865498,建仓后期,72.72727272727273,"位置分位13.9%（低位）, 当日涨3.16%",2026-09-18
sh601860,紫金银行,2.57,47.22222222222222,0.8471503903310724,1.984126984126977,建仓后期,50.0,位置分位47.2%（中低位）,2026-09-18
sh603608,天创时尚,21.1,59.183673469387756,1.2870761540333104,13.869400971397733,洗盘,50.0,位置分位59.2%（中位）,2026-09-18
sh603579,荣泰健康,17.02,16.08187134502923,1.5298530343601169,-5.601774819744878,建仓后期,78.57142857142857,"位置分位16.1%（低位）, 低位放量（量比1.53）",2026-09-18
sh688598,金博碳素股份,35.07,31.113585746102444,1.0479018263479158,-11.994981179422838,建仓后期,57.14285714285714,"位置分位31.1%（中低位）, MA20之上",2026-09-18
sh688152,麒麟信安,36.12,63.87596899224805,0.8469160190813118,9.123867069486392,拉升,60.0,"20日涨9.1%, 当日大涨3.41%, MA20之上, MA60之上",2026-09-18
sh600258,首旅酒店,11.35,14.821763602251393,1.2522650065189835,-7.195421095666401,建仓后期,70.0,"位置分位14.8%（低位）, 价升量增",2026-09-18
sh601727,上海电气,6.5,6.133333333333337,1.3171033980977225,-0.45941807044410793,建仓初期,91.66666666666666,"位置分位6.1%（极低位）, MA20之下（低位）, MA60之下（低位）",2026-09-18
sh605136,丽人丽妆,8.47,37.325581395348856,1.0246283422254043,5.413814561294343,建仓后期,66.66666666666666,"位置分位37.3%（中低位）, 低位涨5.4%, MA20之上",2026-09-18
sh600177,雅戈尔,8.14,89.99999999999999,0.9746887990400964,5.851755526658,出货,57.14285714285714,位置分位90.0%（极高位）,2026-09-18
sh688133,泰坦股份,20.58,21.303948576675825,1.1775956308901716,-11.787398199742821,建仓后期,66.66666666666666,位置分位21.3%（低位）,2026-09-18
sh600233,圆通速递,18.33,46.044098573281445,1.8870824175239957,5.953757225433512,建仓后期,52.94117647058824,"位置分位46.0%（中低位）, 低位涨6.0%, 当日涨4.33%, MA20之上, 价升量增",2026-09-18
sh603527,众源新材,9.91,25.581395348837223,1.0116582440661772,-0.8999999999999986,建仓后期,66.66666666666666,位置分位25.6%（低位）,2026-09-18
sh600468,百利电气,6.41,35.2542372881356,1.0322684462007539,8.828522920203744,建仓后期,66.66666666666666,"位置分位35.3%（中低位）, 低位涨8.8%, MA20之上",2026-09-18
sh603678,火炬电子,50.3,32.19778402513643,0.8058746978992378,2.9050736497544896,建仓后期,57.14285714285714,"位置分位32.2%（中低位）, MA20之上",2026-09-18
sh688385,复旦微电,59.59,39.71047402781721,1.9844124124359936,11.175373134328362,建仓后期,45.0,"位置分位39.7%（中低位）, 低位涨11.2%, 当日涨7.08%, MA20之上, 价升量增",2026-09-18
sh600606,绿地控股,1.45,49.01960784313725,2.4512389011812163,14.173228346456687,建仓后期,52.94117647058824,"位置分位49.0%（中低位）, 低位涨14.2%, 当日涨9.85%, MA20之上, 价升量增",2026-09-18
sh600533,栖霞建设,2.2,45.783132530120504,1.09410078169376,0.9174311926605512,建仓后期,50.0,位置分位45.8%（中低位）,2026-09-18
sh601100,恒立液压,92.2,6.01684717208183,0.5875525473011431,-12.846204745250025,建仓初期,100.0,"位置分位6.0%（极低位）, 低位缩量（量比0.59）, MA20之下（低位）, MA60之下（低位）, 价跌量缩",2026-09-18
sh600036,招商银行,40.59,83.58268237786316,0.8389069816818252,4.344473007712095,出货,85.71428571428571,位置分位83.6%（中高位）,2026-09-18
sh603210,泰鸿万立,13.07,7.629219912263978,1.2168893220178394,-1.5813253012048123,建仓初期,91.66666666666666,"位置分位7.6%（极低位）, MA20之下（低位）, MA60之下（低位）",2026-09-18
sh603285,键邦股份,37.86,38.955422488356625,0.6662142458464573,6.199158485273495,洗盘,57.14285714285714,中位缩量（量比0.67）,2026-09-18
sh603026,石大胜华,61.15,9.727568848090021,0.8113237185882713,-6.312241458556761,建仓初期,100.0,"位置分位9.7%（极低位）, MA20之下（低位）, MA60之下（低位）",2026-09-18
sh688186,张家港广大特材,14.12,11.54471544715447,1.042871787919975,1.7291066282420635,建仓后期,87.5,"位置分位11.5%（低位）, MA20之上",2026-09-18
sh600298,安琪酵母,39.8,58.7873462214411,0.9952710838117508,-3.60862194235893,洗盘,100.0,位置分位58.8%（中位）,2026-09-18
sh600864,哈投股份,5.87,34.23791821561339,0.9046255075516794,9.31098696461825,建仓后期,66.66666666666666,"位置分位34.2%（中低位）, 低位涨9.3%, MA20之上",2026-09-18
sh603112,华翔股份,16.68,34.14855072463768,0.969301347495267,2.6461538461538443,建仓后期,57.14285714285714,"位置分位34.1%（中低位）, MA20之上",2026-09-18
sh603960,克来机电,17.12,35.59738134206221,1.4316519186541492,7.470182046453242,建仓后期,53.84615384615385,"位置分位35.6%（中低位）, 低位涨7.5%, MA20之上, 价升量增",2026-09-18
sh688138,清溢光电,37.94,44.602778767367276,1.0145927719080103,11.653914067098297,建仓后期,66.66666666666666,"位置分位44.6%（中低位）, 低位涨11.7%, MA20之上",2026-09-18
sh603258,电魂网络,12.9,27.423469387755105,1.3164758666120677,1.9762845849802373,建仓后期,75.0,位置分位27.4%（低位）,2026-09-18
sh688571,杭华油墨股份,8.23,37.92415169660679,1.023935213765107,-5.293440736478701,建仓后期,50.0,位置分位37.9%（中低位）,2026-09-18
sh600620,天宸股份,4.26,16.788321167883208,0.9479597230384352,-2.293577981651388,建仓后期,75.0,位置分位16.8%（低位）,2026-09-18
sh600857,宁波中百,21.28,77.08091366627954,0.9501983201457921,2.1113243761996223,出货,66.66666666666666,位置分位77.1%（中高位）,2026-09-18
sh603069,海汽集团,13.66,26.72998643147898,1.772021448053558,5.727554179566565,建仓后期,100.0,"位置分位26.7%（低位）, 低位放量（量比1.77）, 低位涨5.7%, MA20之上, 价升量增",2026-09-18
sh688150,莱特光电股份,43.2,27.938751472320384,0.9117529358671819,12.705452648056365,建仓后期,90.0,"位置分位27.9%（低位）, 低位涨12.7%, MA20之上",2026-09-18
sh603683,晶华新材,16.48,14.974019839395375,0.6911433239397798,3.7783375314861436,建仓后期,53.84615384615385,"位置分位15.0%（低位）, MA20之上",2026-09-18
sh600391,航发科技,41.02,70.79407806191118,0.6048122272541082,33.57212634321069,出货,55.55555555555556,"位置分位70.8%（中高位）, 高位缩量（量比0.60）, 价跌量缩",2026-09-18
sh600963,岳阳林纸,3.39,21.759259259259267,1.1411901667276012,1.4970059880239601,建仓后期,75.0,位置分位21.8%（低位）,2026-09-18
sh600694,大商股份,14.42,46.06099110546379,0.8995169594989119,0.4178272980501428,建仓后期,50.0,位置分位46.1%（中低位）,2026-09-18
sh603299,苏盐井神,8.68,2.6684456304202815,1.330484781668565,-3.340757238307358,建仓初期,91.66666666666666,"位置分位2.7%（极低位）, MA20之下（低位）, MA60之下（低位）",2026-09-18
sh601162,天风证券,3.63,58.415841584158414,1.3280121203072306,0.5540166204986154,洗盘,75.0,位置分位58.4%（中位）,2026-09-18
sh688257,新锐股份,58.2,17.937485363199297,1.369082023043703,0.25839793281654727,建仓后期,90.9090909090909,"位置分位17.9%（低位）, 当日涨6.46%, MA20之上, 价升量增",2026-09-18
sh600490,鹏欣资源,7.19,42.86807859147743,0.8385012826838284,-2.4423337856173637,建仓后期,50.0,位置分位42.9%（中低位）,2026-09-18
sh600278,东方创业,6.54,41.089108910891085,1.0768944484647989,6.168831168831167,建仓后期,66.66666666666666,"位置分位41.1%（中低位）, 低位涨6.2%, MA20之上",2026-09-18
sh603159,上海亚虹,22.39,46.1771385314156,1.4438819845790976,6.416349809885939,建仓后期,62.5,"位置分位46.2%（中低位）, 低位涨6.4%",2026-09-18
sh688448,南京磁谷科技,71.11,95.12061403508771,1.1559975210934414,10.45355700528115,拉升,52.94117647058824,"20日涨10.5%, 当日大涨3.28%, MA20之上, MA60之上",2026-09-18
sh688206,概伦电子,39.44,38.31325301204819,1.3955819542505634,-8.914549653579677,建仓后期,66.66666666666666,"位置分位38.3%（中低位）, 当日涨5.85%, 价升量增",2026-09-18
sh600871,石化油服,2.17,17.431192660550458,0.6958616506464973,-2.252252252252264,建仓初期,57.14285714285714,"低位缩量（量比0.70）, MA20之下（低位）, MA60之下（低位）",2026-09-18
sh600528,中铁工业,6.84,12.45901639344262,0.8331143808022421,-1.4409221902017366,建仓后期,66.66666666666666,位置分位12.5%（低位）,2026-09-18
sh688307,中润光学,48.7,20.603169718418222,1.23256339079895,-2.1695460024106032,建仓后期,90.9090909090909,"位置分位20.6%（低位）, 当日涨4.17%, MA20之上, 价升量增",2026-09-18
sh688260,昀冢科技,122.49,78.004317582154,0.935638184491341,14.3804276776543,拉升,60.0,"20日涨14.4%, 当日大涨3.84%, MA20之上, MA60之上",2026-09-18
sh600587,新华医疗,12.18,27.499999999999975,1.2270895064200102,-1.8533440773569734,建仓后期,70.0,"位置分位27.5%（低位）, 价升量增",2026-09-18
sh601808,中海油服,12.15,26.26459143968873,0.6647364973286136,-2.487961476725525,建仓初期,53.84615384615385,"低位缩量（量比0.66）, MA20之下（低位）",2026-09-18
sh688276,百克生物,16.8,57.85123966942148,2.9108096593006563,-3.2258064516128964,拉升,68.42105263157895,"中位放量（量比2.91）, 当日大涨10.09%, MA20之上, MA60之上, 价升量增",2026-09-18
sh605389,长龄液压,66.59,27.4170357163398,1.6942383077340302,-5.0748396293656475,建仓后期,82.35294117647058,"位置分位27.4%（低位）, 低位放量（量比1.69）, 当日涨3.46%, 价升量增",2026-09-18
sh605337,李子园,8.9,29.896907216494878,0.9815811069572353,-3.9913700107874783,建仓后期,66.66666666666666,位置分位29.9%（低位）,2026-09-18
sh603305,旭升集团,11.12,12.098456403838123,1.4944027925045276,-0.9795191451469386,建仓后期,92.85714285714286,"位置分位12.1%（低位）, 当日涨3.35%, MA20之上, 连续3天放量, 价升量增",2026-09-18
sh603126,中材节能,6.24,18.120805369127524,0.9727152645917609,4.173622704507513,建仓后期,75.0,位置分位18.1%（低位）,2026-09-18
sh605007,五洲特纸,15.1,59.91561181434598,1.2079738275195127,0.06626905235254996,洗盘,54.54545454545454,位置分位59.9%（中位）,2026-09-18
sh600780,通宝能源,6.15,29.017857142857157,0.8400049867235649,6.217616580310886,建仓后期,80.0,"位置分位29.0%（低位）, 低位涨6.2%",2026-09-18
sh600409,三友化工,6.31,33.98437499999997,0.6279874695265798,-5.961251862891213,洗盘,78.57142857142857,"中位缩量（量比0.63）, 连续3天缩量",2026-09-18
sh600418,江淮汽车,19.25,1.9320843091334903,1.1589219700859805,-7.629558541266794,建仓初期,100.0,"位置分位1.9%（极低位）, MA20之下（低位）, MA60之下（低位）",2026-09-18
sh688155,先惠技术,54.81,11.581824393577044,0.6696175549780574,-7.913306451612905,建仓后期,53.84615384615385,"位置分位11.6%（低位）, MA20之上",2026-09-18
sh600577,精达股份,8.72,23.50176263219742,2.466996619179086,0.692840646651276,建仓后期,100.0,"位置分位23.5%（低位）, 低位放量（量比2.47）, 当日涨9.96%, MA20之上, 价升量增",2026-09-18
sh688729,屹唐半导体股份,24.9,16.702447402318583,1.224888227269417,2.3427866831072763,建仓后期,90.9090909090909,"位置分位16.7%（低位）, 当日涨3.11%, MA20之上, 价升量增",2026-09-18
sh600699,均胜电子,20.14,15.443505807814152,2.108783326149868,3.7075180226570486,建仓后期,92.85714285714286,"位置分位15.4%（低位）, 低位放量（量比2.11）, MA20之上, 价升量增",2026-09-18
sh600721,百花医药,11.95,54.65004793863854,1.7793912983108235,-9.811320754716986,拉升,57.14285714285714,"中位放量（量比1.78）, MA60之上, 价升量增",2026-09-18
sh603261,立航科技,52.87,63.9520590043024,0.6142805443900169,4.341819617130444,洗盘,91.66666666666666,"位置分位64.0%（中位）, 中位缩量（量比0.61）",2026-09-18
sh603566,普莱柯,10.12,18.30065359477121,0.8788867032474031,-1.6520894071914476,建仓后期,66.66666666666666,位置分位18.3%（低位）,2026-09-18
sh601669,中国电建,4.61,7.119741100323646,0.8976988031624222,0.0,建仓初期,100.0,"位置分位7.1%（极低位）, MA20之下（低位）, MA60之下（低位）",2026-09-18
sh605399,晨光新材,11.3,32.73727647867951,0.7709915766422099,4.62962962962963,建仓后期,57.14285714285714,"位置分位32.7%（中低位）, MA20之上",2026-09-18
sh603105,芯能科技,8.18,30.323679727427592,0.8142443100734137,16.193181818181817,建仓后期,75.0,"位置分位30.3%（中低位）, 低位涨16.2%, 当日涨3.41%, MA20之上",2026-09-18
sh603697,有友食品,9.05,13.945578231292524,0.990078323386656,0.6674082313681924,建仓后期,66.66666666666666,位置分位13.9%（低位）,2026-09-18
sh603421,鼎信通讯,6.93,44.11764705882352,0.6862259372766545,17.857142857142854,洗盘,53.333333333333336,中位缩量（量比0.69）,2026-09-18
sh603052,可川科技,60.37,21.50972965913543,1.1364983336027277,-1.7735112268141937,建仓后期,100.0,"位置分位21.5%（低位）, MA20之上",2026-09-18
sh688288,鸿泉技术,17.99,18.881539386650623,1.0330727513008842,-2.914193200215881,建仓后期,75.0,位置分位18.9%（低位）,2026-09-18
sh603150,万朗磁塑,68.95,66.7380824852705,1.1445246131458047,27.898349100352455,拉升,57.14285714285714,"20日大涨27.9%, MA20之上, MA60之上",2026-09-18
sh600996,贵广网络,6.92,19.460500963391134,1.2920977511873677,5.167173252279634,建仓后期,80.0,"位置分位19.5%（低位）, 低位涨5.2%",2026-09-18
sh601518,吉林高速,2.78,33.33333333333327,0.854390190497044,1.090909090909084,建仓后期,50.0,位置分位33.3%（中低位）,2026-09-18
sh600267,海正药业,11.38,37.69363166953531,1.3157305392554735,-12.996941896024458,建仓后期,50.0,位置分位37.7%（中低位）,2026-09-18
sh603768,常青股份,11.34,71.97640117994102,0.8138781717311103,1.3404825737265447,出货,85.71428571428571,位置分位72.0%（中高位）,2026-09-18
sh603067,振华股份,35.14,30.42316258351894,1.1254746381610399,2.808660035108253,建仓后期,50.0,位置分位30.4%（中低位）,2026-09-18
sh600060,海信视像,27.87,85.9442060085837,0.923373692106216,8.275058275058285,出货,57.14285714285714,位置分位85.9%（极高位）,2026-09-18
sh603958,哈森股份,16.7,31.361323155216287,0.7795759708598163,-18.73479318734794,洗盘,50.0,连续3天缩量,2026-09-18
sh603323,苏农银行,4.4,70.23809523809524,0.8449096464839185,5.0119331742243425,出货,60.0,位置分位70.2%（中高位）,2026-09-18
sh688365,光云科技,14.24,16.609589041095887,1.1112146894624224,-0.4891684136967176,建仓后期,66.66666666666666,位置分位16.6%（低位）,2026-09-18
sh688185,康希诺生物,68.05,42.635502720128954,1.487003716631911,-11.989136057941021,建仓后期,66.66666666666666,"位置分位42.6%（中低位）, 当日涨3.03%, 价升量增",2026-09-18
sh600597,光明乳业,6.66,39.75903614457832,1.2655223056956242,0.6042296072507558,建仓后期,50.0,位置分位39.8%（中低位）,2026-09-18
sh600111,北方稀土,36.86,2.0551144325081636,1.1773745438000305,-8.239980084640285,建仓初期,100.0,"位置分位2.1%（极低位）, MA20之下（低位）, MA60之下（低位）",2026-09-18
sh601598,中国外运,6.47,77.18446601941746,0.9150770647572406,-0.7668711656441691,出货,85.71428571428571,位置分位77.2%（中高位）,2026-09-18
sh600502,安徽建工,4.27,3.8461538461538143,0.924214557190255,-3.3936651583710487,建仓初期,100.0,"位置分位3.8%（极低位）, MA20之下（低位）, MA60之下（低位）",2026-09-18
sh601212,白银有色,6.29,45.36817102137768,1.3153926239531182,3.284072249589494,建仓后期,66.66666666666666,"位置分位45.4%（中低位）, 当日涨3.80%, 价升量增",2026-09-18
sh688573,信宇人,15.44,22.11838006230529,0.6892039532516886,-5.276073619631909,建仓初期,57.14285714285714,"低位缩量（量比0.69）, MA20之下（低位）, MA60之下（低位）",2026-09-18
sh603551,奥普科技,9.23,18.045112781954902,0.871510511545468,-0.4314994606256651,建仓后期,66.66666666666666,位置分位18.0%（低位）,2026-09-18
sh600970,中材国际,7.7,18.89763779527559,1.0015513199436303,-0.12970168612191682,建仓后期,75.0,位置分位18.9%（低位）,2026-09-18
sh605162,新中港,12.35,65.70438799076211,1.0833175249580265,34.09337676438652,拉升,57.14285714285714,"20日大涨34.1%, MA20之上, MA60之上",2026-09-18
sh688378,奥来德光电,51.7,63.284992453573075,1.0963311651720307,12.857454704213053,拉升,60.0,"20日涨12.9%, 当日大涨5.53%, MA20之上, MA60之上",2026-09-18
sh688793,倍轻松科技,17.45,24.46573323507737,1.1614006576941551,-18.8749418874942,建仓初期,50.0,"低位跌-18.9%, MA20之下（低位）, MA60之下（低位）",2026-09-18
sh600986,浙文互联,7.1,12.740740740740733,1.0297820105309141,0.5665722379603405,建仓后期,66.66666666666666,位置分位12.7%（低位）,2026-09-18
sh688296,和达科技,26.56,85.72210065645513,0.9089985396247903,0.6441834028040855,出货,72.72727272727273,位置分位85.7%（极高位）,2026-09-18
sh603633,徕木股份,6.45,31.506849315068497,0.9371163045126306,0.9389671361502425,建仓后期,50.0,位置分位31.5%（中低位）,2026-09-18
sh600479,千金药业,11.62,43.01412872841443,0.9517093154697622,19.05737704918032,建仓后期,66.66666666666666,"位置分位43.0%（中低位）, 低位涨19.1%",2026-09-18
sh600035,楚天高速,3.66,68.75000000000003,0.902766673343354,8.928571428571438,洗盘,50.0,位置分位68.8%（中位）,2026-09-18
sh600389,江山股份,18.9,14.32291666666666,1.2409753085416684,1.9417475728155311,建仓后期,90.9090909090909,"位置分位14.3%（低位）, 当日涨3.79%, MA20之上, 价升量增",2026-09-18
sh601997,贵阳银行,5.58,49.48453608247424,0.952268161855992,-2.617801047120425,建仓后期,50.0,位置分位49.5%（中低位）,2026-09-18
sh601229,上海银行,9.56,69.85294117647061,0.9230513381907804,-1.8480492813141656,洗盘,85.71428571428571,位置分位69.9%（中位）,2026-09-18
sh600626,申达股份,3.68,49.18032786885247,1.0519375692786097,4.545454545454549,建仓后期,57.14285714285714,"位置分位49.2%（中低位）, MA20之上",2026-09-18
sh688238,和元生物,6.98,63.754045307443384,1.3793209540198852,-4.120879120879118,拉升,57.14285714285714,"当日大涨3.10%, MA20之上, MA60之上, 价升量增",2026-09-18
sh600370,*ST三房,1.48,15.789473684210527,0.7146437522377372,-1.3333333333333344,建仓后期,66.66666666666666,位置分位15.8%（低位）,2026-09-18
sh688779,五矿新能,7.74,22.157796645268174,0.6923621039955731,-5.147058823529411,建仓初期,53.84615384615385,"低位缩量（量比0.69）, MA20之下（低位）",2026-09-18
sh600895,张江高科,28.56,12.67625694345533,1.255424558761061,-7.542894140498549,建仓后期,70.0,"位置分位12.7%（低位）, 价升量增",2026-09-18
sh601011,宝泰隆,2.9,37.83783783783784,0.8622032157067381,0.6944444444444451,建仓后期,50.0,位置分位37.8%（中低位）,2026-09-18
sh688776,国光电气,46.44,8.528138528138522,1.0920824456443718,-1.7766497461929005,建仓初期,84.61538461538461,"位置分位8.5%（极低位）, MA20之下（低位）, MA60之下（低位）",2026-09-18
sh603758,秦安股份,10.71,33.33333333333334,0.86876186373366,-8.92857142857142,建仓后期,50.0,位置分位33.3%（中低位）,2026-09-18
sh603377,ST东时,3.31,56.617647058823536,0.8791030163522765,14.532871972318336,洗盘,50.0,位置分位56.6%（中位）,2026-09-18
sh600110,诺德股份,12.28,41.690408357075015,0.9468888129222511,14.338919925512094,建仓后期,72.72727272727273,"位置分位41.7%（中低位）, 低位涨14.3%, 当日涨3.45%, MA20之上",2026-09-18
sh688525,佰维存储,216.88,6.636760124610593,1.327243698399665,-9.078713485595468,建仓初期,78.57142857142857,"位置分位6.6%（极低位）, MA20之下（低位）, MA60之下（低位）",2026-09-18
sh688600,皖仪科技,37.1,92.65415549597856,1.2957386968660953,38.48450914520345,拉升,61.904761904761905,"20日大涨38.5%, 当日大涨8.61%, MA20之上, MA60之上, 价升量增",2026-09-18
sh688623,双元科技,57.72,23.278977523137932,0.9668996007318992,0.0034651235316458273,建仓后期,87.5,"位置分位23.3%（低位）, MA20之上",2026-09-18
sh600361,创新新材,3.5,11.700468018720747,1.0991233007061172,-4.371584699453555,建仓后期,66.66666666666666,位置分位11.7%（低位）,2026-09-18
sh600499,科达制造,13.44,1.5384615384615303,0.7416216658644149,-5.485232067510556,建仓初期,100.0,"位置分位1.5%（极低位）, MA20之下（低位）, MA60之下（低位）, 价跌量缩",2026-09-18
sh601198,东兴证券,13.06,41.99134199134201,1.3249544907681272,-4.532163742690052,建仓后期,50.0,位置分位42.0%（中低位）,2026-09-14
sh600640,国脉文化,12.06,49.86083499005965,2.5847597067725494,13.452492944496704,建仓后期,52.94117647058824,"位置分位49.9%（中低位）, 低位涨13.5%, 当日涨10.04%, MA20之上, 价升量增",2026-09-18
sh688303,大全能源,16.34,10.063559322033894,1.347147433015442,-9.322974472807989,建仓后期,70.0,"位置分位10.1%（低位）, 价升量增",2026-09-18
sh600865,百大集团,10.86,36.80634201585502,1.051571863094817,26.869158878504656,建仓后期,72.72727272727273,"位置分位36.8%（中低位）, 低位涨26.9%, 当日涨4.02%",2026-09-18
sh605378,野马电池,14.83,32.86713286713287,1.013766573851968,4.879773691654876,建仓后期,57.14285714285714,"位置分位32.9%（中低位）, MA20之上",2026-09-18
sh603628,清源股份,10.38,22.438894083077347,0.8973713396988896,8.805031446540898,建仓后期,100.0,"位置分位22.4%（低位）, 低位涨8.8%, MA20之上",2026-09-18
sh603929,亚翔集成,163.68,20.150797357710022,1.2600205490186973,-1.0039917745252187,建仓后期,90.9090909090909,"位置分位20.2%（低位）, 当日涨3.21%, MA20之上, 价升量增",2026-09-18
sh603808,歌力思,8.6,39.169419537517676,1.0214110635843705,1.775147928994087,建仓后期,50.0,位置分位39.2%（中低位）,2026-09-18
sh600728,佳都科技,4.51,25.700934579439227,0.9118934622653454,-1.5283842794759888,建仓后期,66.66666666666666,位置分位25.7%（低位）,2026-09-18
sh601628,中国人寿,37.8,59.21538162750045,1.337471855695894,2.079395085066152,洗盘,75.0,位置分位59.2%（中位）,2026-09-18
sh601319,中国人保,7.82,79.62466487935662,1.6186347619869943,12.517985611510793,出货,57.89473684210527,"位置分位79.6%（中高位）, 高位放量（量比1.62）",2026-09-18
sh601068,中铝国际,4.4,11.91489361702129,0.9784620622521446,-1.1235955056179736,建仓后期,66.66666666666666,位置分位11.9%（低位）,2026-09-18
sh600860,京城股份,8.07,17.821782178217827,1.9419799630260512,-2.7710843373494027,建仓后期,78.57142857142857,"位置分位17.8%（低位）, 低位放量（量比1.94）",2026-09-18
sh603993,洛阳钼业,17.51,25.629496402877717,0.9775834583581827,-5.479082321187569,建仓后期,66.66666666666666,位置分位25.6%（低位）,2026-09-18
sh688517,金冠电气,15.92,20.611589795573572,1.3461031981643368,-1.3630731102850102,建仓后期,100.0,"位置分位20.6%（低位）, 当日涨3.38%, MA20之上, 价升量增",2026-09-18
sh605368,蓝天燃气,6.65,29.268292682926845,1.0490425592006578,-0.5979073243647239,建仓后期,66.66666666666666,位置分位29.3%（低位）,2026-09-18
sh603920,世运电路,43.6,32.76209677419355,0.8107455899939637,12.197632527020078,建仓后期,66.66666666666666,"位置分位32.8%（中低位）, 低位涨12.2%, MA20之上",2026-09-18
sh688199,久日新材料,25.08,38.90728476821191,0.9003544660358845,8.2901554404145,建仓后期,66.66666666666666,"位置分位38.9%（中低位）, 低位涨8.3%, MA20之上",2026-09-18
sh688109,品茗科技,74.5,22.374733475479747,1.4787242623701238,2.012871422702997,建仓后期,100.0,"位置分位22.4%（低位）, MA20之上, 价升量增",2026-09-18
sh688239,贵州航宇科技,56.7,48.426527958387524,1.1757825124115329,17.610454262601124,建仓后期,75.0,"位置分位48.4%（中低位）, 低位涨17.6%, 当日涨4.50%, MA20之上",2026-09-18
sh603995,甬金股份,26.04,83.05531167690957,1.0654073471266636,3.0470914127423807,出货,66.66666666666666,位置分位83.1%（中高位）,2026-09-18
sh600662,外服控股,4.21,34.074074074074076,0.9635399664554184,2.4330900243308915,建仓后期,50.0,位置分位34.1%（中低位）,2026-09-18
sh603023,威帝股份,4.09,42.37288135593219,1.018346744811668,0.7389162561576417,建仓后期,50.0,位置分位42.4%（中低位）,2026-09-18
sh600229,城市传媒,5.76,61.85567010309278,1.2180228162845255,12.941176470588239,洗盘,50.0,位置分位61.9%（中位）,2026-09-18
sh601990,南京证券,6.64,33.057851239669375,1.2282587783399546,1.2195121951219523,建仓后期,57.14285714285714,"位置分位33.1%（中低位）, 价升量增",2026-09-18
sh688819,天能电池集团股份,20.7,3.288849535133765,1.095015560719793,-4.958677685950422,建仓初期,100.0,"位置分位3.3%（极低位）, MA20之下（低位）, MA60之下（低位）",2026-09-18
sh688486,龙迅股份,45.54,25.807504078303417,0.9556020309258484,0.26420079260237217,建仓后期,87.5,"位置分位25.8%（低位）, MA20之上",2026-09-18
sh603967,中创物流,11.67,36.57894736842106,0.9270257285671938,-0.341588385994884,建仓后期,57.14285714285714,"位置分位36.6%（中低位）, MA20之上",2026-09-18
sh600776,东方通信,13.51,29.151515151515145,0.8329397854201868,7.735247208931425,建仓后期,100.0,"位置分位29.2%（低位）, 低位涨7.7%, MA20之上",2026-09-18
sh605003,众望布艺,24.02,51.207022677395756,1.5889367610724277,7.472035794183436,拉升,72.72727272727273,"中位放量（量比1.59）, 20日涨7.5%, 当日大涨3.00%, MA20之上, MA60之上, 价升量增",2026-09-18
sh600797,浙大网新,6.61,16.483516483516496,0.9905972796012827,-2.218934911242596,建仓后期,66.66666666666666,位置分位16.5%（低位）,2026-09-18
sh603178,圣龙股份,15.7,19.57364341085271,1.0982472176499363,-2.3024268823895517,建仓后期,66.66666666666666,位置分位19.6%（低位）,2026-09-18
sh688013,天臣国际医疗科技,22.43,6.67340748230536,1.195803854749174,-11.343873517786566,建仓初期,100.0,"位置分位6.7%（极低位）, MA20之下（低位）, MA60之下（低位）",2026-09-18
sh603757,大元泵业,68.2,60.7708779443255,1.2433436549460237,9.540636042402834,拉升,57.14285714285714,"20日涨9.5%, MA20之上, MA60之上, 价升量增",2026-09-18
sh688038,武汉中科通达,18.91,48.90995260663507,0.9819666008643227,4.590707964601781,建仓后期,57.14285714285714,"位置分位48.9%（中低位）, MA20之上",2026-09-18
sh603037,凯众股份,9.79,17.44868035190615,1.064141899725702,-3.9254170755642823,建仓后期,66.66666666666666,位置分位17.4%（低位）,2026-09-18
sh603207,上海小方制药,24.16,45.288326300984515,1.0399370059477393,2.9838022165387863,建仓后期,50.0,位置分位45.3%（中低位）,2026-09-18
sh688218,江苏北人,41.23,52.542372881355924,1.649282977151231,-0.21781219748306732,拉升,53.84615384615385,"中位放量（量比1.65）, MA20之上",2026-09-18
sh600491,ST龙元,1.7,35.58558558558559,0.5994773826314729,-0.5847953216374274,洗盘,73.33333333333333,"中位缩量（量比0.60）, 连续3天缩量",2026-09-18
sh600189,泉阳泉,7.88,43.77682403433476,0.956676170038199,6.199460916442049,建仓后期,66.66666666666666,"位置分位43.8%（中低位）, 低位涨6.2%, MA20之上",2026-09-18
sh603915,国茂股份,13.07,12.677725118483412,0.9644249569727552,-0.22900763358778137,建仓后期,66.66666666666666,位置分位12.7%（低位）,2026-09-18
sh688717,艾罗能源,44.12,2.426922662064502,1.1383391764584678,-26.220735785953174,建仓初期,100.0,"位置分位2.4%（极低位）, 低位跌-26.2%, MA20之下（低位）, MA60之下（低位）",2026-09-18
sh688319,欧林生物,27.7,29.767251939567167,1.617395456583889,-7.8202995008319505,建仓后期,82.35294117647058,"位置分位29.8%（低位）, 低位放量（量比1.62）, 当日涨3.63%, 价升量增",2026-09-18
sh603393,新天然气,25.08,24.653148345784402,0.8038330237181373,6.406448875689427,建仓后期,80.0,"位置分位24.7%（低位）, 低位涨6.4%",2026-09-18
sh688633,星球石墨,22.37,13.340227507755953,1.1095284103838106,-7.1013289036544744,建仓后期,66.66666666666666,位置分位13.3%（低位）,2026-09-18
sh688386,泛亚微透,47.02,6.355855035512661,0.9600367796471287,-9.854294478527596,建仓初期,100.0,"位置分位6.4%（极低位）, MA20之下（低位）, MA60之下（低位）",2026-09-18
sh603617,君禾股份,6.68,40.85603112840467,1.1765959532669248,-1.1834319526627228,建仓后期,50.0,位置分位40.9%（中低位）,2026-09-18
sh600769,祥龙电业,16.24,30.61224489795917,1.6346266809733785,5.798045602605856,建仓后期,52.94117647058824,"位置分位30.6%（中低位）, 低位涨5.8%, 当日涨6.35%, MA20之上, 价升量增",2026-09-18
sh600289,ST信通,4.24,10.48593350383632,1.6336093112550996,-2.30414746543778,建仓后期,80.0,"位置分位10.5%（低位）, 低位放量（量比1.63）, 价升量增",2026-09-18
sh603380,易德龙,35.13,31.889352818371623,1.2528535486834258,-0.9585565266422226,建仓后期,70.0,"位置分位31.9%（中低位）, 当日涨3.45%, MA20之上, 价升量增",2026-09-18
sh600312,平高电气,19.49,46.730226937021584,1.00181144937753,-1.2164216928535325,建仓后期,50.0,位置分位46.7%（中低位）,2026-09-18
sh603182,嘉华生物科技股份,13.11,36.956521739130416,0.7906635640790939,1.1574074074073963,建仓后期,50.0,位置分位37.0%（中低位）,2026-09-18
sh688225,亚信安全,13.49,34.39226519337018,0.7509917236157144,13.74367622259697,建仓后期,66.66666666666666,"位置分位34.4%（中低位）, 低位涨13.7%, MA20之上",2026-09-18
sh688230,芯导科技,61.24,45.973333333333336,1.5531120952066806,12.366972477064223,建仓后期,52.94117647058824,"位置分位46.0%（中低位）, 低位涨12.4%, 当日涨3.45%, MA20之上, 价升量增",2026-09-18
sh601788,光大证券,13.94,26.14173228346455,1.1306327655264063,-0.8252703471826954,建仓后期,66.66666666666666,位置分位26.1%（低位）,2026-09-18
sh603018,华设集团,5.17,15.267175572519069,0.8843027591349739,-0.7677543186180429,建仓后期,66.66666666666666,位置分位15.3%（低位）,2026-09-18
sh603577,汇金通,9.61,38.84011705240752,1.2912174830091399,-5.506391347099317,建仓后期,57.14285714285714,"位置分位38.8%（中低位）, 价升量增",2026-09-18
sh688273,麦澜德医疗,28.75,11.100993018516107,0.9311264604785539,-5.45873068069714,建仓后期,87.5,"位置分位11.1%（低位）, MA20之上",2026-09-18
sh600186,莲花控股,12.61,63.35540838852097,0.6987592509623661,8.519793459552497,洗盘,64.70588235294117,"位置分位63.4%（中位）, 中位缩量（量比0.70）",2026-09-18
sh600816,建元信托,2.42,6.060606060606065,1.0239154902861725,-1.6260162601626031,建仓初期,100.0,"位置分位6.1%（极低位）, MA20之下（低位）, MA60之下（低位）",2026-09-18
sh600828,茂业商业,4.25,39.647577092511014,1.020823921533195,7.868020304568529,建仓后期,70.0,"位置分位39.6%（中低位）, 低位涨7.9%, 当日涨4.17%",2026-09-18
sh600315,上海家化,17.89,30.926216640502368,0.9657047399982961,-1.10558319513543,建仓后期,50.0,位置分位30.9%（中低位）,2026-09-18
sh688536,思瑞浦股份,353.2,89.55139546300842,1.5134219154099207,13.448752127967111,出货,54.166666666666664,"位置分位89.6%（极高位）, 高位放量（量比1.51）",2026-09-18
sh688297,中航无人机,43.24,36.260466403709096,0.6721730402240337,11.443298969072178,洗盘,64.70588235294117,"中位缩量（量比0.67）, 连续3天缩量",2026-09-18
sh600527,江南高纤,2.2,14.765100671140951,0.9089019441968071,2.32558139534885,建仓后期,75.0,位置分位14.8%（低位）,2026-09-18
sh688051,罗克佳华科技,23.97,16.883116883116873,1.1115687849422455,-1.9631901840490815,建仓后期,75.0,位置分位16.9%（低位）,2026-09-18
sh688135,利扬芯片,41.69,76.15411315515445,0.7804793383512321,63.875786163521994,拉升,57.14285714285714,"20日大涨63.9%, MA20之上, MA60之上",2026-09-18
sh688292,浩瀚深度,23.02,63.161609033168666,1.3457800396245192,35.01466275659823,拉升,68.42105263157895,"20日大涨35.0%, 当日大涨20.02%, MA20之上, MA60之上, 价升量增",2026-09-18
sh600397,江钨装备,17.18,25.724453482460603,0.9164905260225561,-5.292171995589861,建仓后期,66.66666666666666,位置分位25.7%（低位）,2026-09-18
sh603667,五洲新春,51.11,11.711913843392416,1.1132742192608047,-1.1985308331722355,建仓后期,87.5,"位置分位11.7%（低位）, MA20之上",2026-09-18
sh603878,武进不锈,4.87,12.837837837837842,0.800451202598635,-3.3730158730158712,建仓后期,66.66666666666666,位置分位12.8%（低位）,2026-09-18
sh688084,晶品特装,43.4,16.469292206003846,0.7785257938778358,-1.4755959137343895,建仓初期,50.0,"MA20之下（低位）, MA60之下（低位）, 连续3天缩量",2026-09-18
sh601633,长城汽车,14.05,0.2789400278940216,1.105058702920348,-7.626561472715319,建仓初期,100.0,"位置分位0.3%（极低位）, MA20之下（低位）, MA60之下（低位）",2026-09-18
sh688559,海目星激光,59.52,46.543209876543216,0.9929711139003441,13.177410154021677,建仓后期,72.72727272727273,"位置分位46.5%（中低位）, 低位涨13.2%, 当日涨3.93%, MA20之上",2026-09-18
sh600498,烽火通信,43.99,22.504142686599078,1.1026774779766497,8.08353808353808,建仓后期,100.0,"位置分位22.5%（低位）, 低位涨8.1%, MA20之上",2026-09-18
sh688313,仕佳光子,170.38,70.96567725418033,1.2729338607551557,7.835443037974681,拉升,64.70588235294117,"20日涨7.8%, 当日大涨6.09%, MA20之上, MA60之上, 价升量增",2026-09-18
sh600639,浦东金桥,9.85,48.37301587301586,2.4453653181672723,5.46038543897216,建仓后期,52.94117647058824,"位置分位48.4%（中低位）, 低位涨5.5%, 当日涨4.56%, MA20之上, 价升量增",2026-09-18
sh600793,宜宾纸业,17.3,73.6511919698871,1.533136243905173,21.745249824067557,出货,51.85185185185185,"位置分位73.7%（中高位）, 高位放量（量比1.53）, 高位连续放量",2026-09-18
sh603885,吉祥航空,10.1,10.631229235880408,1.3430283689178364,-2.697495183044327,建仓后期,70.0,"位置分位10.6%（低位）, 价升量增",2026-09-18
sh601606,长城军工,32.76,40.23644094161566,0.6832861990607115,8.656716417910447,洗盘,68.75,"中位缩量（量比0.68）, 连续3天缩量",2026-09-18
sh688205,XD德科立光电子,219.85,55.83134988099287,0.8046121882836231,38.04470676880573,拉升,57.14285714285714,"20日大涨38.0%, MA20之上, MA60之上",2026-09-18
sh603391,力聚热能,66.05,71.28804180756224,0.8672235796799244,-3.6750765640950798,出货,85.71428571428571,位置分位71.3%（中高位）,2026-09-18
sh600501,航天晨光,14.94,21.907600596125178,1.0352932824842938,5.3596614950634685,建仓后期,100.0,"位置分位21.9%（低位）, 低位涨5.4%, MA20之上",2026-09-18
sh600330,天通股份,29.37,63.58670914883934,0.8816398910742741,7.700770077007705,洗盘,50.0,位置分位63.6%（中位）,2026-09-18
sh688408,中信博新能源,22.61,3.7303370786516776,1.2500201673446132,-11.263736263736268,建仓初期,91.66666666666666,"位置分位3.7%（极低位）, MA20之下（低位）, MA60之下（低位）",2026-09-18
sh603711,香飘飘,11.64,27.55417956656348,1.4146836348370948,2.4647887323943762,建仓后期,100.0,"位置分位27.6%（低位）, 当日涨3.37%, MA20之上, 价升量增",2026-09-18
sh600439,ST瑞贝卡,1.88,5.660377358490551,0.8671904168559694,1.621621621621611,建仓初期,100.0,"位置分位5.7%（极低位）, MA20之下（低位）, MA60之下（低位）",2026-09-18
sh603171,税友股份,39.14,15.828303152246814,1.2569480051001194,-8.078910286519488,建仓后期,70.0,"位置分位15.8%（低位）, 价升量增",2026-09-18
sh688339,亿华通科技,16.86,10.185873605947949,1.091858631648969,-1.0563380281690125,建仓后期,66.66666666666666,位置分位10.2%（低位）,2026-09-18
sh603228,景旺电子,104.45,84.86852984951216,0.8851446364001607,10.132855335301558,拉升,50.0,"20日涨10.1%, MA20之上, MA60之上",2026-09-18
sh600873,梅花生物,7.53,17.730192719486087,0.9323911547065908,-2.96391752577319,建仓后期,66.66666666666666,位置分位17.7%（低位）,2026-09-18
sh603879,永悦科技,4.94,52.96442687747037,0.970164649758932,-9.023941068139951,洗盘,85.71428571428571,位置分位53.0%（中位）,2026-09-18
sh600989,宝丰能源,23.59,36.71940049958368,0.861677364528531,-0.21150592216582365,建仓后期,50.0,位置分位36.7%（中低位）,2026-09-18
sh600100,同方股份,6.8,15.46218487394958,0.8465291621117613,1.7964071856287442,建仓后期,66.66666666666666,位置分位15.5%（低位）,2026-09-18
sh603882,金域医学,28.01,60.166358595194104,1.8917061525662822,-10.653907496012758,拉升,68.42105263157895,"中位放量（量比1.89）, 当日大涨3.13%, MA20之上, MA60之上, 价升量增",2026-09-18
sh688081,兴图新科,26.51,5.209914011127976,1.1425190261474025,-7.82336578581363,建仓初期,84.61538461538461,"位置分位5.2%（极低位）, MA20之下（低位）, MA60之下（低位）",2026-09-18
sh688188,上海柏楚电子科技,95.37,17.8270233801282,1.2050657201215804,-6.131889763779517,建仓后期,70.0,"位置分位17.8%（低位）, 价升量增",2026-09-18
sh601065,江西省盐业集团,6.7,15.38461538461539,0.737521094858181,-0.740740740740738,建仓初期,50.0,"MA20之下（低位）, MA60之下（低位）, 连续3天缩量",2026-09-18
sh601038,一拖股份,14.27,83.29979879275653,0.6285867774975552,12.984956452889934,出货,66.66666666666666,"位置分位83.3%（中高位）, 高位缩量（量比0.63）",2026-09-18
sh600148,长春一东,15.62,38.02395209580836,1.0343851298674653,2.024820378837353,建仓后期,50.0,位置分位38.0%（中低位）,2026-09-18
sh688545,兴福电子,81.82,36.18408437200383,1.5589286319037354,1.2749102611709207,建仓后期,46.666666666666664,"位置分位36.2%（中低位）, 当日涨7.42%, MA20之上, 价升量增",2026-09-18
sh600285,羚锐制药,19.11,4.4210526315789656,0.8025752561384039,-2.2006141248720557,建仓初期,100.0,"位置分位4.4%（极低位）, MA20之下（低位）, MA60之下（低位）",2026-09-18
sh605077,华康股份,11.4,15.594329334787346,0.6517771173076901,5.751391465677189,建仓初期,55.55555555555556,"低位缩量（量比0.65）, MA20之下（低位）, 连续3天缩量",2026-09-18
sh688329,苏州艾隆科技,21.81,38.632722093644276,1.0132778276120926,4.105011933174222,建仓后期,57.14285714285714,"位置分位38.6%（中低位）, MA20之上",2026-09-18
sh688816,易思维,48.19,11.649397927751323,2.060711229130737,0.18711018711017943,建仓后期,93.75,"位置分位11.6%（低位）, 低位放量（量比2.06）, 当日涨4.90%, MA20之上, 价升量增",2026-09-18
sh605365,立达信,14.06,11.444393170281495,0.8978973776571514,1.589595375722548,建仓后期,75.0,位置分位11.4%（低位）,2026-09-18
sh601311,骆驼股份,7.39,7.591623036649215,1.1295633426160747,-3.6505867014341624,建仓初期,100.0,"位置分位7.6%（极低位）, MA20之下（低位）, MA60之下（低位）",2026-09-18
sh600570,恒生电子,20.15,5.269607843137251,1.0133974862294042,-5.443453777569218,建仓初期,100.0,"位置分位5.3%（极低位）, MA20之下（低位）, MA60之下（低位）",2026-09-18
sh688670,金迪克生物,17.62,56.82574916759157,0.8711282444411653,10.470219435736688,洗盘,50.0,位置分位56.8%（中位）,2026-09-18
sh600774,汉商集团,7.5,48.396501457725954,0.9514166089222452,2.459016393442619,建仓后期,50.0,位置分位48.4%（中低位）,2026-09-18
sh603733,仙鹤股份,19.06,7.952468007312592,1.020477215966022,-11.677479147358664,建仓初期,100.0,"位置分位8.0%（极低位）, MA20之下（低位）, MA60之下（低位）",2026-09-18
sh600739,辽宁成大,10.35,27.966101694915245,1.140009985453882,-2.9080675422138884,建仓后期,66.66666666666666,位置分位28.0%（低位）,2026-09-18
sh600022,山东钢铁,1.31,28.57142857142859,0.9361829682533903,-0.7575757575757582,建仓后期,66.66666666666666,位置分位28.6%（低位）,2026-09-18
sh688558,国盛智科股份,33.55,45.29323870003734,1.2555651877767113,4.745551045894461,建仓后期,70.0,"位置分位45.3%（中低位）, 当日涨3.55%, MA20之上, 价升量增",2026-09-18
sh600048,保利发展,5.32,34.989200863930904,2.2007058001616038,2.5048169556840056,建仓后期,46.666666666666664,"位置分位35.0%（中低位）, 当日涨5.56%, MA20之上, 价升量增",2026-09-18
sh603755,日辰股份,23.82,40.436590436590436,0.7355870678333751,1.1464968152866224,洗盘,66.66666666666666,连续3天缩量,2026-09-18
sh603989,艾华集团,34.78,44.84906564446575,0.7236573670092431,21.22690833042872,建仓后期,70.0,"位置分位44.8%（中低位）, 低位涨21.2%, MA20之上",2026-09-18
sh603227,雪峰科技,7.47,18.062827225130878,0.8279310183468737,-2.3529411764705963,建仓后期,66.66666666666666,位置分位18.1%（低位）,2026-09-18
sh603155,新亚强,15.09,45.08181818181818,0.9290476905124333,9.745454545454544,建仓后期,66.66666666666666,"位置分位45.1%（中低位）, 低位涨9.7%, MA20之上",2026-09-18
sh603325,博隆技术,52.24,14.82247500861773,1.193263103134348,-0.2672775868652168,建仓后期,66.66666666666666,位置分位14.8%（低位）,2026-09-18
sh688691,灿芯半导体股份,65.03,10.314941406250004,1.4824106737291072,0.8217054263565908,建仓后期,90.9090909090909,"位置分位10.3%（低位）, 当日涨5.53%, MA20之上, 价升量增",2026-09-18
sh600941,中国移动,96.63,71.29729387160145,1.13438385808772,0.3948051948051901,出货,85.71428571428571,位置分位71.3%（中高位）,2026-09-18
sh601801,皖新传媒,5.34,39.03743315508019,2.3330693319540607,-2.9090909090909114,建仓后期,38.46153846153847,"位置分位39.0%（中低位）, MA20之上, 价升量增",2026-09-18
sh688566,吉贝尔药业,26.2,32.25806451612901,1.1618154371567735,-0.30441400304414706,建仓后期,57.14285714285714,"位置分位32.3%（中低位）, MA20之上",2026-09-18
sh603348,文灿股份,13.82,12.231759656652367,0.8991487206694481,-2.124645892351267,建仓后期,66.66666666666666,位置分位12.2%（低位）,2026-09-18
sh688809,强一股份,532.8,62.513901320964536,0.9280179494684371,19.15464609191546,拉升,57.14285714285714,"20日大涨19.2%, MA20之上, MA60之上",2026-09-18
sh603055,台华新材,9.37,79.90867579908671,0.9670962269441122,7.577497129735916,拉升,50.0,"20日涨7.6%, MA20之上, MA60之上",2026-09-18
sh688657,浩辰软件,32.74,48.629700446144064,1.13207710244797,-0.12202562538132747,建仓后期,57.14285714285714,"位置分位48.6%（中低位）, MA20之上",2026-09-18
sh601456,国联民生,8.66,14.285714285714285,1.282512666212139,-1.028571428571427,建仓后期,70.0,"位置分位14.3%（低位）, 价升量增",2026-09-18
sh600592,龙溪股份,14.64,24.020887728459538,1.164998431055104,5.096913137114148,建仓后期,80.0,"位置分位24.0%（低位）, 低位涨5.1%",2026-09-18
sh603883,老百姓,12.6,63.775510204081634,0.949316544722364,-2.3255813953488427,洗盘,85.71428571428571,位置分位63.8%（中位）,2026-09-18
sh603637,镇海股份,14.78,40.01650165016501,0.7674575404683006,13.343558282208592,建仓后期,66.66666666666666,"位置分位40.0%（中低位）, 低位涨13.3%, MA20之上",2026-09-18
sh603190,烟台亚通精工机械,15.73,24.790963767052972,1.1495535714285714,-4.666666666666664,建仓后期,66.66666666666666,位置分位24.8%（低位）,2026-09-18
sh603338,浙江鼎力,54.14,63.500000000000014,0.9849534122387308,0.7068452380952429,洗盘,100.0,位置分位63.5%（中位）,2026-09-18
sh688300,联瑞新材,176.8,43.870517000465775,1.0064809779910155,21.67091046727686,建仓后期,70.0,"位置分位43.9%（中低位）, 低位涨21.7%, MA20之上",2026-09-18
sh688367,工大高科,30.1,26.49111675126904,0.99830155675975,0.19973368841545366,建仓后期,100.0,"位置分位26.5%（低位）, MA20之上",2026-09-18
sh600313,农发种业,7.06,55.2130796033235,0.9236071530749258,8.61538461538461,洗盘,60.0,位置分位55.2%（中位）,2026-09-18
sh601696,中银证券,11.3,29.37304075235112,1.3214466577057276,-2.753872633390693,建仓后期,70.0,"位置分位29.4%（低位）, 价升量增",2026-09-18
sh603390,通达电气,10.79,31.779661016949152,0.7531671030382371,6.620553359683794,建仓后期,66.66666666666666,"位置分位31.8%（中低位）, 低位涨6.6%, MA20之上",2026-09-18
sh600215,派斯林,6.17,50.697674418604635,0.976489684119758,-5.368098159509197,洗盘,100.0,位置分位50.7%（中位）,2026-09-18
sh601952,苏垦农发,9.54,59.0296495956873,0.9289421433841047,13.033175355450233,洗盘,50.0,位置分位59.0%（中位）,2026-09-18
sh603535,嘉诚国际,6.11,13.418530351437699,0.9604771694125142,-3.4755134281200593,建仓后期,66.66666666666666,位置分位13.4%（低位）,2026-09-18
sh603344,星德胜科技,23.92,30.66332916145183,0.3972717420000278,5.560458958517218,洗盘,61.53846153846154,中位缩量（量比0.40）,2026-09-18
sh688560,明冠新材料,12.32,28.621089223638474,1.1782668535679073,1.8181818181818237,建仓后期,100.0,"位置分位28.6%（低位）, MA20之上",2026-09-18
sh688677,青岛海泰新光,82.0,32.89206011841507,0.8907694909478827,-10.801696943326451,建仓后期,50.0,位置分位32.9%（中低位）,2026-09-18
sh600459,贵研铂业,19.23,18.423047763457166,1.0545232027637277,-12.071330589849111,建仓后期,66.66666666666666,位置分位18.4%（低位）,2026-09-18
sh688030,山石网科,17.9,80.94435075885325,0.7362568985776885,8.35351089588377,拉升,50.0,"20日涨8.4%, MA20之上, MA60之上",2026-09-18
sh600621,华鑫股份,14.1,73.07210031347961,3.125146008083889,10.588235294117645,拉升,50.0,"20日涨10.6%, 当日大涨9.98%, MA20之上, MA60之上, 价升量增",2026-09-18
sh600222,太龙药业,7.81,51.37254901960782,0.9380022922398228,-0.382653061224493,洗盘,85.71428571428571,位置分位51.4%（中位）,2026-09-18
sh603139,康惠股份,37.93,58.4757505773672,1.1165876189590502,8.744266055045863,洗盘,50.0,位置分位58.5%（中位）,2026-09-18
sh603255,鼎际得股份,32.84,77.33556765814832,1.2504119973632168,19.201451905626143,拉升,52.63157894736842,"20日大涨19.2%, MA20之上, MA60之上, 价升量增",2026-09-18
sh688379,华光新材,56.0,26.83229813664596,1.0548588079237575,4.28305400372439,建仓后期,66.66666666666666,位置分位26.8%（低位）,2026-09-18
sh603191,望变电气,13.58,15.347334410339261,1.0906273724035793,-7.807196198234897,建仓后期,66.66666666666666,位置分位15.3%（低位）,2026-09-18
sh601929,吉视传媒,2.41,24.615384615384635,0.9538709003369408,5.240174672489087,建仓后期,80.0,"位置分位24.6%（低位）, 低位涨5.2%",2026-09-18
sh600456,宝钛股份,25.25,2.1588946459412783,0.9709061176750886,-7.678244972577701,建仓初期,100.0,"位置分位2.2%（极低位）, MA20之下（低位）, MA60之下（低位）",2026-09-18
sh600801,华新建材,24.3,88.20224719101125,0.5525651847573707,4.831751509922351,出货,76.92307692307693,"位置分位88.2%（极高位）, 高位缩量（量比0.55）",2026-09-18
sh601116,三江购物,10.02,16.266173752310518,1.3672447033445678,-4.206500956022956,建仓后期,70.0,"位置分位16.3%（低位）, 价升量增",2026-09-18
sh600812,华北制药,4.62,30.447761194029844,0.7398966405968315,-5.906313645621182,洗盘,66.66666666666666,连续3天缩量,2026-09-18
sh601099,太平洋,3.47,43.20987654320989,1.2306444826566125,3.892215568862286,建仓后期,57.14285714285714,"位置分位43.2%（中低位）, 价升量增",2026-09-18
sh600180,*ST瑞茂,1.63,21.739130434782602,0.7132055443108891,2.5157232704402395,建仓后期,77.77777777777779,"位置分位21.7%（低位）, MA20之上",2026-09-18
sh603180,金牌家居,15.11,29.522184300341287,1.0699169148769399,-1.7555266579974078,建仓后期,75.0,位置分位29.5%（低位）,2026-09-18
sh601888,中国中免,52.0,9.372275501307751,1.1489513384949208,-0.5545993497800711,建仓初期,100.0,"位置分位9.4%（极低位）, MA20之下（低位）, MA60之下（低位）",2026-09-18
sh603650,彤程新材,73.55,47.20496894409937,0.930930139557498,14.08407011012874,建仓后期,66.66666666666666,"位置分位47.2%（中低位）, 低位涨14.1%, MA20之上",2026-09-18
sh603313,梦百合,6.81,48.69791666666666,1.1202744191163378,12.006578947368414,建仓后期,66.66666666666666,"位置分位48.7%（中低位）, 低位涨12.0%, MA20之上",2026-09-18
sh600796,钱江生化,5.01,22.692307692307683,0.9072662804824636,-1.3779527559055174,建仓后期,75.0,位置分位22.7%（低位）,2026-09-18
sh600094,大名城,4.04,36.809815950920246,1.2525043970937078,4.663212435233165,建仓后期,57.14285714285714,"位置分位36.8%（中低位）, MA20之上",2026-09-18
sh600219,南山铝业,4.78,34.84729835552076,1.1565627934435594,0.6315789473684263,建仓后期,50.0,位置分位34.8%（中低位）,2026-09-18
sh603686,福龙马,15.47,45.86838769159848,0.5115878043041651,22.0031545741325,建仓后期,52.94117647058824,"位置分位45.9%（中低位）, 低位涨22.0%, 当日涨10.03%, MA20之上",2026-09-18
sh600765,中航重机,13.44,20.69572875385291,0.8616233247614953,2.5954198473282433,建仓后期,75.0,位置分位20.7%（低位）,2026-09-18
sh600755,厦门国贸,5.6,24.27184466019417,1.1313221390870598,-0.8849557522124019,建仓后期,66.66666666666666,位置分位24.3%（低位）,2026-09-18
sh688065,凯赛生物,37.99,6.779661016949183,0.9623493749852582,-16.081290037552463,建仓初期,100.0,"位置分位6.8%（极低位）, 低位跌-16.1%, MA20之下（低位）, MA60之下（低位）",2026-09-18
sh605186,健麾信息,25.49,38.79690949227373,0.8380719483810142,-3.15349544072949,建仓后期,50.0,位置分位38.8%（中低位）,2026-09-18
sh688112,鼎阳科技,76.49,73.02957927613447,1.701454782753592,7.565743214737725,拉升,50.0,"20日涨7.6%, 当日大涨6.02%, MA20之上, MA60之上, 价升量增",2026-09-18
sh688737,中自科技,16.98,12.407089765580334,1.1693708462016268,-5.351170568561877,建仓后期,66.66666666666666,位置分位12.4%（低位）,2026-09-18
sh600169,ST太重,2.15,47.826086956521735,0.7699531644049478,4.87804878048781,建仓后期,57.14285714285714,"位置分位47.8%（中低位）, MA20之上",2026-09-18
sh600206,有研新材,51.6,64.20392694432125,1.1978296646446174,-4.8672566371681425,洗盘,66.66666666666666,位置分位64.2%（中位）,2026-09-18
sh600956,新天绿能,7.21,22.25274725274725,0.8709977971351052,2.853067047075609,建仓后期,75.0,位置分位22.3%（低位）,2026-09-18
sh600778,友好集团,5.77,47.73662551440327,0.5160867980337359,3.9639639639639594,洗盘,78.57142857142857,"中位缩量（量比0.52）, 连续3天缩量",2026-09-18
sh603011,合锻智能,27.38,43.89755902360944,0.7593178060736143,15.138772077375936,建仓后期,70.0,"位置分位43.9%（中低位）, 低位涨15.1%, MA20之上",2026-09-18
sh601009,南京银行,11.8,75.28957528957534,1.0287581257958032,0.16977928692700636,出货,85.71428571428571,位置分位75.3%（中高位）,2026-09-18
sh600256,广汇能源,6.72,72.47706422018348,1.1098156111147026,7.865168539325832,出货,60.0,位置分位72.5%（中高位）,2026-09-18
sh688057,金达莱环保,16.24,52.90102389078497,0.7031548264395981,-9.223029625489112,洗盘,100.0,位置分位52.9%（中位）,2026-09-18
sh603317,天味食品,12.8,21.626984126984127,1.1219268922748196,-4.761904761904753,建仓后期,66.66666666666666,位置分位21.6%（低位）,2026-09-18
sh601611,中国核建,10.42,16.00790513833993,0.6823638879958408,-2.7077497665733046,建仓初期,64.70588235294117,"低位缩量（量比0.68）, MA20之下（低位）, MA60之下（低位）, 连续3天缩量",2026-09-18
sh688508,芯朋微电子,91.92,73.94352092930102,1.0318773632152525,7.634660421545663,拉升,50.0,"20日涨7.6%, MA20之上, MA60之上",2026-09-18
sh603809,豪能股份,8.57,9.495548961424342,1.0408327764496772,-3.707865168539327,建仓初期,100.0,"位置分位9.5%（极低位）, MA20之下（低位）, MA60之下（低位）",2026-09-18
sh603658,安图生物,32.17,54.582763337893304,1.1491532041583288,-7.023121387283236,洗盘,100.0,位置分位54.6%（中位）,2026-09-18
sh603991,领先股份,179.82,93.45772863395531,0.9830660640208037,33.65541846291066,拉升,50.0,"20日大涨33.7%, MA20之上, MA60之上",2026-09-18
sh603070,万控智造,11.48,18.09851088201604,0.987981824284202,-1.1197243755383204,建仓后期,66.66666666666666,位置分位18.1%（低位）,2026-09-18
sh603022,新通联,8.6,32.314410480349345,0.7777093025158296,-2.383654937570952,建仓后期,50.0,位置分位32.3%（中低位）,2026-09-18
sh603903,中持股份,13.94,57.911392405063275,0.9325872902506159,-1.7618040873854828,洗盘,85.71428571428571,位置分位57.9%（中位）,2026-09-18
sh603311,金海高科,25.99,41.57967988865692,1.0285170341298715,-10.317460317460323,建仓后期,62.5,"位置分位41.6%（中低位）, 当日涨3.96%",2026-09-18
sh603226,菲林格尔,39.08,19.7151424287856,0.9132764993766774,-12.376681614349783,建仓后期,90.0,"位置分位19.7%（低位）, 当日涨3.50%, MA20之上",2026-09-18
sh688788,科思科技,29.3,16.221374045801536,0.977624170501518,-1.908269166387681,建仓后期,66.66666666666666,位置分位16.2%（低位）,2026-09-18
sh688162,巨一科技,24.35,30.529986850380205,1.3945894751627723,5.09279240397065,建仓后期,70.0,"位置分位30.5%（中低位）, 低位涨5.1%, MA20之上, 价升量增",2026-09-18
sh603237,五芳斋实业,14.81,53.270142180094815,0.8152652212176974,4.664310954063605,洗盘,85.71428571428571,位置分位53.3%（中位）,2026-09-18
sh603773,沃格光电,94.1,39.72268583900372,1.1882047674289102,-6.822457669076147,建仓后期,57.14285714285714,"位置分位39.7%（中低位）, MA20之上",2026-09-18
sh600238,ST椰岛,4.63,48.66071428571427,1.2355112521844573,-8.498023715415016,建仓后期,57.14285714285714,"位置分位48.7%（中低位）, 价升量增",2026-09-18
sh600346,恒力石化,16.42,16.500994035785308,0.9362137666093264,-12.983571807101216,建仓后期,66.66666666666666,位置分位16.5%（低位）,2026-09-18
sh688136,科兴生物制药,20.99,24.219983003520696,1.731162005712638,2.141119221411181,建仓后期,100.0,"位置分位24.2%（低位）, 低位放量（量比1.73）, 当日涨4.48%, MA20之上, 价升量增",2026-09-18
sh600854,春兰股份,4.61,27.45901639344264,0.8516376950823832,1.3186813186813295,建仓后期,75.0,位置分位27.5%（低位）,2026-09-18
sh600318,新力金融,6.88,47.391304347826086,0.8387414828986675,6.336939721792893,建仓后期,70.0,"位置分位47.4%（中低位）, 低位涨6.3%, 当日涨3.77%",2026-09-18
sh603036,如通股份,13.38,30.57110862262039,1.0236820187615068,-14.831317632081475,建仓后期,62.5,"位置分位30.6%（中低位）, 当日涨3.72%",2026-09-18
sh601018,XD宁波港,3.42,35.048543689320354,1.5206680460762325,2.1200358315915118,拉升,45.45454545454545,中位放量（量比1.52）,2026-09-18
sh601137,博威合金,20.5,41.47424511545293,1.1600509311415312,6.826472120896293,建仓后期,72.72727272727273,"位置分位41.5%（中低位）, 低位涨6.8%, 当日涨3.02%, MA20之上",2026-09-18
sh603406,天富龙,27.65,32.59827420901245,0.7657209069272204,-2.675114396339323,建仓后期,50.0,位置分位32.6%（中低位）,2026-09-18
sh603130,云中马股份,38.38,33.49802371541502,1.7583617383894332,-4.217619166458691,建仓后期,42.857142857142854,"位置分位33.5%（中低位）, 当日涨3.79%, 价升量增",2026-09-18
sh600810,神马股份,6.31,20.057306590257866,1.017272787129908,0.7987220447284317,建仓后期,75.0,位置分位20.1%（低位）,2026-09-18
sh688697,纽威数控装备,15.1,63.26148078725397,1.370701217322739,3.2125768967874153,拉升,57.14285714285714,"当日大涨3.99%, MA20之上, MA60之上, 价升量增",2026-09-18
sh600201,生物股份,11.73,16.688339835283912,1.0167703370087102,-7.2727272727272725,建仓后期,66.66666666666666,位置分位16.7%（低位）,2026-09-18
sh603073,彩蝶实业,15.9,30.937098844672654,0.9910729762523834,-4.961147638971907,建仓后期,50.0,位置分位30.9%（中低位）,2026-09-18
sh600734,*ST实达,1.93,18.0,0.6492497459358229,16.26506024096386,建仓初期,50.0,"低位缩量（量比0.65）, 连续3天缩量, 价跌量缩",2026-09-18
sh601098,中南传媒,10.28,48.5576923076923,0.9122180413967618,1.2807881773398917,建仓后期,57.14285714285714,"位置分位48.6%（中低位）, MA20之上",2026-09-18
sh601811,新华文轩,13.9,63.41948310139165,2.4351090837235163,16.806722689075627,拉升,77.77777777777779,"中位放量（量比2.44）, 20日大涨16.8%, 当日大涨9.97%, MA20之上, MA60之上, 连续3天放量, 价升量增",2026-09-18
sh688509,正元地信,4.1,30.588235294117617,0.7005551895195673,-2.147971360381879,建仓后期,50.0,位置分位30.6%（中低位）,2026-09-18
sh600602,云赛智联,17.08,20.97449908925317,1.073276565774046,-6.666666666666679,建仓后期,66.66666666666666,位置分位21.0%（低位）,2026-09-18
sh603021,*ST华鹏,5.51,12.894736842105267,1.27780918791338,3.1835205992509352,建仓后期,75.0,"位置分位12.9%（低位）, 当日涨3.77%, 价升量增",2026-09-18
sh600897,厦门空港,15.12,43.50453172205439,1.4423780798561885,3.2081911262798557,建仓后期,62.5,"位置分位43.5%（中低位）, MA20之上, 价升量增",2026-09-18
sh603980,吉华集团,8.82,95.91280653950953,1.213155525143855,33.23262839879154,拉升,61.904761904761905,"20日大涨33.2%, 当日大涨7.04%, MA20之上, MA60之上, 价升量增",2026-09-18
sh605108,同庆楼,11.89,13.967310549777135,0.9042881382076199,-4.727564102564101,建仓后期,66.66666666666666,位置分位14.0%（低位）,2026-09-18
sh603730,岱美股份,9.67,20.367278797996672,0.724828967694841,-3.4930139720558846,建仓后期,54.54545454545454,位置分位20.4%（低位）,2026-09-18
sh600675,中华企业,2.31,41.35135135135135,1.6987067973429397,4.524886877828059,建仓后期,46.666666666666664,"位置分位41.4%（中低位）, 当日涨3.59%, MA20之上, 价升量增",2026-09-18
sh600955,维远股份,12.4,12.214611872146122,1.0119853937216563,-1.3524264120922826,建仓后期,66.66666666666666,位置分位12.2%（低位）,2026-09-18
sh603256,宏和科技,148.79,35.20173006913596,1.0685361339047976,5.968235880635279,建仓后期,66.66666666666666,"位置分位35.2%（中低位）, 低位涨6.0%, MA20之上",2026-09-18
sh603059,倍加洁,24.54,21.86836518046709,1.4854152128401954,-4.028157997653505,建仓后期,77.77777777777779,"位置分位21.9%（低位）, 价升量增",2026-09-18
sh688787,海天瑞声,91.6,7.076622742801364,1.0792160438387033,-12.235316661876027,建仓初期,100.0,"位置分位7.1%（极低位）, MA20之下（低位）, MA60之下（低位）",2026-09-18
sh603225,新凤鸣,16.98,13.173652694610762,0.8714565814013042,-10.725552050473182,建仓后期,66.66666666666666,位置分位13.2%（低位）,2026-09-18
sh603926,铁流股份,17.17,31.32250580046405,0.9884745859617693,11.132686084142412,建仓后期,66.66666666666666,"位置分位31.3%（中低位）, 低位涨11.1%, MA20之上",2026-09-18
sh688332,中科蓝讯,95.04,25.75288426573813,1.0183083211382489,4.302019315188764,建仓后期,90.0,"位置分位25.8%（低位）, 当日涨3.88%, MA20之上",2026-09-18
sh603368,柳药集团,15.37,37.184115523465685,0.7724141211539833,-3.211586901763234,洗盘,66.66666666666666,连续3天缩量,2026-09-18
sh688348,昱能科技,30.16,3.8875755187811936,1.0733395157592123,-6.856084002470668,建仓初期,100.0,"位置分位3.9%（极低位）, MA20之下（低位）, MA60之下（低位）",2026-09-18
sh688439,振华风光,37.69,9.538461538461537,1.0079108200664246,-1.7978113600833894,建仓初期,100.0,"位置分位9.5%（极低位）, MA20之下（低位）, MA60之下（低位）",2026-09-18
sh688551,科威尔股份,40.45,18.837512211006196,1.0050766644633937,0.37220843672457987,建仓后期,90.0,"位置分位18.8%（低位）, 当日涨3.45%, MA20之上",2026-09-18
sh688036,传音控股,52.77,15.99813432835821,1.023611887106182,-7.437291703209954,建仓后期,66.66666666666666,位置分位16.0%（低位）,2026-09-18
sh603161,科华控股,15.21,52.20949263502458,0.8372956572929402,-4.519774011299428,洗盘,85.71428571428571,位置分位52.2%（中位）,2026-09-18
sh600689,上海三毛,12.23,63.82596188421431,0.9745069680052986,13.3456904541242,洗盘,50.0,位置分位63.8%（中位）,2026-09-18
sh688119,中钢洛耐,3.81,17.84037558685446,1.0170796880929724,-2.307692307692304,建仓后期,66.66666666666666,位置分位17.8%（低位）,2026-09-18
sh600641,先导基电,37.3,58.999700509134456,1.435859296310428,14.59293394777266,拉升,64.70588235294117,"20日涨14.6%, MA20之上, MA60之上, 连续3天放量, 价升量增",2026-09-18
sh605208,永茂泰,14.64,42.21491228070177,1.0421033235829282,5.780346820809254,建仓后期,66.66666666666666,"位置分位42.2%（中低位）, 低位涨5.8%, MA20之上",2026-09-18
sh600066,宇通客车,26.01,4.200913242009141,1.3758790700002503,-11.800610376398769,建仓初期,100.0,"位置分位4.2%（极低位）, MA20之下（低位）, MA60之下（低位）",2026-09-18
sh600156,华升股份,8.95,30.188679245283012,2.040731241580823,11.45703611457036,建仓后期,52.94117647058824,"位置分位30.2%（中低位）, 低位涨11.5%, 当日涨5.05%, MA20之上, 价升量增",2026-09-18
sh688488,艾迪药业,15.34,42.91938997821351,0.9659894066812247,-6.973923590054571,建仓后期,50.0,位置分位42.9%（中低位）,2026-09-18
sh605398,新炬网络,20.41,23.911187019641336,0.7083793557367871,-0.04897159647405271,建仓后期,66.66666666666666,位置分位23.9%（低位）,2026-09-18
sh688578,艾力斯医药科技,100.41,37.306657700067255,1.0667953338520049,-13.36496980155307,建仓后期,50.0,位置分位37.3%（中低位）,2026-09-18
sh603089,正裕工业,9.49,34.630350194552534,0.927294771011772,-0.8359456635318712,建仓后期,50.0,位置分位34.6%（中低位）,2026-09-18
sh600115,中国东航,3.41,8.33333333333334,1.3949295745834314,-0.8720930232558082,建仓初期,91.66666666666666,"位置分位8.3%（极低位）, MA20之下（低位）, MA60之下（低位）",2026-09-18
sh688261,东微半导,81.37,44.39367013624441,2.809035259479796,8.768881165619574,建仓后期,45.0,"位置分位44.4%（中低位）, 低位涨8.8%, 当日涨15.16%, MA20之上, 价升量增",2026-09-18
sh605277,新亚电子,17.66,50.564145424153786,0.6912830170573135,19.97282608695652,洗盘,63.63636363636363,"位置分位50.6%（中位）, 中位缩量（量比0.69）, 连续3天缩量",2026-09-18
sh603507,振江股份,24.2,24.804602692140683,1.2455571392487281,5.034722222222223,建仓后期,100.0,"位置分位24.8%（低位）, 低位涨5.0%, MA20之上, 连续3天放量, 价升量增",2026-09-18
sh603307,扬州金泉,24.46,33.364839319470704,1.0880172272801614,-4.490433424443571,建仓后期,50.0,位置分位33.4%（中低位）,2026-09-18
sh603458,勘设股份,10.76,44.11196911196911,0.9522360310310864,16.95652173913044,建仓后期,70.0,"位置分位44.1%（中低位）, 低位涨17.0%, MA20之上",2026-09-18
sh605098,行动教育,53.71,25.88046958377803,1.674390174560755,-0.16728624535315298,建仓后期,78.57142857142857,"位置分位25.9%（低位）, 低位放量（量比1.67）",2026-09-18
sh688758,赛分科技,32.8,96.89877121123463,1.659053874091117,20.01463593121112,出货,55.172413793103445,"位置分位96.9%（极高位）, 高位放量（量比1.66）, 高位连续放量",2026-09-18
sh603726,朗迪集团,24.2,24.98410680228862,1.0844240643457097,4.0860215053763405,建仓后期,87.5,"位置分位25.0%（低位）, MA20之上",2026-09-18
sh600301,华锡有色,45.43,27.28509249183896,1.2632918575293797,-9.950445986124882,建仓后期,66.66666666666666,位置分位27.3%（低位）,2026-09-11
sh601686,友发集团,5.08,28.90625,0.961333815751668,-1.3592233009708792,建仓后期,66.66666666666666,位置分位28.9%（低位）,2026-09-18
sh600517,XD国网英大,5.0,25.02579979360166,1.1008768611884907,4.058272632674304,建仓后期,100.0,"位置分位25.0%（低位）, MA20之上",2026-09-18
sh603648,畅联股份,9.37,70.09803921568621,0.8971001422179056,0.0,出货,85.71428571428571,位置分位70.1%（中高位）,2026-09-18
sh600745,*ST闻泰,16.74,8.584169453734667,0.925064149958683,0.419916016796621,建仓初期,100.0,"位置分位8.6%（极低位）, MA20之下（低位）, MA60之下（低位）",2026-09-18
sh605179,一鸣食品,25.68,50.630011454753735,0.9754602711224728,-18.605388272583205,洗盘,60.0,位置分位50.6%（中位）,2026-09-18
sh603095,越剑智能,14.35,21.703617269544917,1.0887244064212247,-5.963302752293579,建仓后期,75.0,位置分位21.7%（低位）,2026-09-18
sh688375,国博电子,71.89,6.067086058134615,1.2825875830605082,-9.708615925646827,建仓初期,78.57142857142857,"位置分位6.1%（极低位）, MA20之下（低位）, MA60之下（低位）",2026-09-18
sh605111,新洁能,62.85,39.27356106964992,1.6751487940494614,2.9484029484029555,拉升,44.44444444444444,"中位放量（量比1.68）, 连续3天放量",2026-09-18
sh688237,超卓航科,58.49,50.561797752809,0.9477474971432935,4.074733096085407,洗盘,66.66666666666666,位置分位50.6%（中位）,2026-09-18
sh688350,富淼科技,27.44,31.016423450450002,0.6445089995330106,-6.188034188034184,洗盘,78.57142857142857,"中位缩量（量比0.64）, 连续3天缩量",2026-09-18
sh603087,甘李药业,68.91,61.779924111762675,1.2840828200922287,0.7014467338886303,洗盘,85.71428571428571,位置分位61.8%（中位）,2026-09-18
sh688728,格科微有限公司,14.92,16.641337386018233,1.4712063354254432,-5.867507886435329,建仓后期,90.9090909090909,"位置分位16.6%（低位）, 当日涨3.68%, MA20之上, 价升量增",2026-09-18
sh600458,时代新材,11.37,18.37181044957471,0.921657348019724,-1.4731369150779892,建仓后期,66.66666666666666,位置分位18.4%（低位）,2026-09-18
sh600929,雪天盐业,6.1,57.14285714285712,0.9952488853980076,14.446529080675413,洗盘,50.0,位置分位57.1%（中位）,2026-09-18
sh601390,中国中铁,4.3,18.156028368794342,1.0521197994131384,0.0,建仓后期,66.66666666666666,位置分位18.2%（低位）,2026-09-18
sh688049,炬芯科技,41.8,41.00730771252824,1.8435304264416874,6.7143221853459165,建仓后期,52.94117647058824,"位置分位41.0%（中低位）, 低位涨6.7%, 当日涨4.47%, MA20之上, 价升量增",2026-09-18
sh603128,华贸物流,5.32,51.47313691507802,0.733366728770462,-0.1876172607879885,洗盘,90.0,"位置分位51.5%（中位）, 连续3天缩量",2026-09-18
sh603396,金辰股份,28.24,36.0204081632653,1.712523201222841,10.097465886939572,建仓后期,50.0,"位置分位36.0%（中低位）, 低位涨10.1%, 当日涨4.83%, 价升量增",2026-09-18
sh688390,固德威电源,60.34,3.7949015063731237,1.1634355924513422,-8.865730252227747,建仓初期,100.0,"位置分位3.8%（极低位）, MA20之下（低位）, MA60之下（低位）",2026-09-18
sh601998,中信银行,8.96,95.04504504504507,1.0425086409815885,6.793802145411207,出货,57.14285714285714,位置分位95.0%（极高位）,2026-09-18
sh600353,旭光电子,34.53,52.22055888223554,0.9990195651368287,-9.796238244514106,洗盘,66.66666666666666,位置分位52.2%（中位）,2026-09-18
sh605005,合兴股份,16.36,27.999999999999996,1.139661136378195,4.939063502245026,建仓后期,100.0,"位置分位28.0%（低位）, MA20之上",2026-09-18
sh688092,爱科科技股份,21.33,19.531953195319517,1.1606983630008951,-5.4521276595744705,建仓后期,66.66666666666666,位置分位19.5%（低位）,2026-09-18
sh601595,上海电影,24.51,87.03200775945685,1.2767667320320513,50.3957783641161,拉升,61.904761904761905,"20日大涨50.4%, 当日大涨5.51%, MA20之上, MA60之上, 价升量增",2026-09-18
sh600622,光大嘉宝,2.4,56.81818181818182,1.3377726032314325,6.194690265486732,拉升,57.14285714285714,"20日涨6.2%, MA20之上, MA60之上, 价升量增",2026-09-18
sh601689,拓普集团,45.0,11.790780141843978,1.38734552699198,-4.092071611253201,建仓后期,70.0,"位置分位11.8%（低位）, 价升量增",2026-09-18
sh603289,泰瑞机器,9.55,42.021276595744695,0.6899691196352227,10.40462427745665,洗盘,57.14285714285714,中位缩量（量比0.69）,2026-09-18
sh688360,德马科技,15.0,13.431833445265278,1.416443436733675,-4.580152671755729,建仓后期,90.9090909090909,"位置分位13.4%（低位）, 当日涨3.09%, MA20之上, 价升量增",2026-09-18
sh600818,ST中路,8.86,86.8235294117647,1.0351560124080044,22.544951590594728,拉升,50.0,"20日大涨22.5%, MA20之上, MA60之上",2026-09-18
sh600227,赤天化,3.9,49.67532467532467,0.822610209259412,-1.2658227848101333,建仓后期,50.0,位置分位49.7%（中低位）,2026-09-18
sh600382,广东明珠,6.21,19.004337946705224,1.1006483521154582,-1.1146496815286668,建仓后期,66.66666666666666,位置分位19.0%（低位）,2026-09-18
sh603183,建研院,5.13,90.95744680851064,1.7854368567251846,7.547169811320763,出货,54.166666666666664,"位置分位91.0%（极高位）, 高位放量（量比1.79）",2026-09-18
sh601956,东贝集团,4.81,20.253164556962005,1.132605521173771,-3.413654618473912,建仓后期,66.66666666666666,位置分位20.3%（低位）,2026-09-18
sh600615,鑫源智造,9.31,29.693486590038326,0.7539338519090315,-0.6403415154749064,建仓后期,75.0,位置分位29.7%（低位）,2026-09-18
sh605298,必得科技,44.2,24.92711370262392,0.6830184250674803,-9.165639128647749,建仓初期,57.14285714285714,"低位缩量（量比0.68）, MA20之下（低位）, MA60之下（低位）",2026-09-18
sh600983,惠而浦,7.36,15.270935960591133,1.1401058638942052,-5.154639175257725,建仓后期,66.66666666666666,位置分位15.3%（低位）,2026-09-18
sh601607,上海医药,15.9,56.06694560669459,1.3575185056580519,-1.180857675574888,洗盘,100.0,位置分位56.1%（中位）,2026-09-18
sh688550,瑞联新材料,38.18,13.653913653913655,1.0435035979637397,-1.2671321437807137,建仓后期,87.5,"位置分位13.7%（低位）, MA20之上",2026-09-18
sh688701,浙江卓锦股份,8.61,42.992125984251956,0.7988976708104315,1.8934911242603567,建仓后期,50.0,位置分位43.0%（中低位）,2026-09-18
sh603123,翠微股份,9.65,31.9083969465649,0.8544755875491781,2.008456659619445,建仓后期,50.0,位置分位31.9%（中低位）,2026-09-18
sh603303,得邦照明,27.79,69.09248221495866,1.1615197279303686,20.983892033086637,拉升,57.14285714285714,"20日大涨21.0%, MA20之上, MA60之上",2026-09-18
sh600707,彩虹股份,9.24,29.706790123456795,1.0279177511630084,-5.327868852459012,建仓后期,87.5,"位置分位29.7%（低位）, MA20之上",2026-09-18
sh601360,三六零,8.77,13.63636363636363,0.6831388445385849,0.11415525114155008,建仓初期,57.14285714285714,"低位缩量（量比0.68）, MA20之下（低位）, MA60之下（低位）",2026-09-18
sh603895,天永智能,25.66,23.674242424242422,1.2595912785839094,2.312599681020741,建仓后期,70.0,"位置分位23.7%（低位）, 价升量增",2026-09-18
sh688101,三达膜环境技术,14.52,6.609547123623003,1.1648733981911623,-1.157249829816201,建仓初期,100.0,"位置分位6.6%（极低位）, MA20之下（低位）, MA60之下（低位）",2026-09-18
sh688498,源杰科技,1835.0,89.60705227932159,1.2160751525650924,15.626969124133586,拉升,55.55555555555556,"20日大涨15.6%, MA20之上, MA60之上, 价升量增",2026-09-18
sh600835,上海机电,17.78,4.477611940298526,1.5165394964390495,-2.628696604600221,建仓初期,64.70588235294117,"位置分位4.5%（极低位）, MA20之下（低位）, MA60之下（低位）",2026-09-18
sh600579,中化装备,7.17,38.83495145631068,0.7600158070040082,3.0172413793103443,建仓后期,57.14285714285714,"位置分位38.8%（中低位）, MA20之上",2026-09-18
sh600928,西安银行,3.5,53.84615384615387,0.9355310799569054,-1.12994350282486,洗盘,100.0,位置分位53.8%（中位）,2026-09-18
sh688002,睿创微纳,186.8,97.16520039100686,0.9175706805496017,16.815708836220384,拉升,50.0,"20日大涨16.8%, MA20之上, MA60之上",2026-09-18
sh600257,大湖股份,5.56,43.181818181818166,0.900345519276615,1.4598540145985253,建仓后期,50.0,位置分位43.2%（中低位）,2026-09-18
sh603075,热威科技股份,19.8,16.376944190301916,0.7431687056669131,2.8571428571428608,建仓后期,87.5,"位置分位16.4%（低位）, MA20之上",2026-09-18
sh601007,金陵饭店,6.76,30.191693290734804,1.184858194495827,0.7451564828613982,建仓后期,50.0,位置分位30.2%（中低位）,2026-09-18
sh603409,汇通控股,17.74,13.0630933943842,1.4217736504448304,-0.9491903964265868,建仓后期,77.77777777777779,"位置分位13.1%（低位）, 价升量增",2026-09-18
sh601619,嘉泽新能,4.11,6.854838709677434,0.7457935376939557,0.7352941176470649,建仓初期,91.66666666666666,"位置分位6.9%（极低位）, MA60之下（低位）, 价跌量缩",2026-09-18
sh605255,天普股份,61.27,2.4297173117358493,0.8664946116555644,-9.457662184128859,建仓初期,100.0,"位置分位2.4%（极低位）, MA20之下（低位）, MA60之下（低位）",2026-09-18
sh603698,航天工程,21.95,5.81500999454842,1.4738382819610834,0.04557885141293532,建仓初期,69.23076923076923,"位置分位5.8%（极低位）, MA60之下（低位）",2026-09-18
sh688010,福光股份,27.8,19.016393442622952,0.8576574046154672,5.382865807429877,建仓后期,90.0,"位置分位19.0%（低位）, 低位涨5.4%, MA20之上",2026-09-18
sh688516,奥特维科技,45.06,16.803780850691407,1.3043208846985568,8.552156106962189,建仓后期,100.0,"位置分位16.8%（低位）, 低位涨8.6%, 当日涨5.95%, MA20之上, 价升量增",2026-09-18
sh600581,*ST八钢,2.43,39.622641509434,0.7507258254962702,7.522123893805327,建仓后期,66.66666666666666,"位置分位39.6%（中低位）, 低位涨7.5%, MA20之上",2026-09-18
sh603501,豪威集团,81.27,14.293248945147683,1.6124823552747378,-5.301794453507338,建仓后期,93.75,"位置分位14.3%（低位）, 低位放量（量比1.61）, 当日涨3.37%, MA20之上, 价升量增",2026-09-18
sh600261,阳光照明,3.51,52.41935483870967,3.633586210497802,8.33333333333332,拉升,72.72727272727273,"中位放量（量比3.63）, 20日涨8.3%, 当日大涨10.03%, MA20之上, MA60之上, 价升量增",2026-09-18
sh603176,汇通集团,5.19,70.07299270072996,0.7244423716220979,5.702647657841146,出货,66.66666666666666,"位置分位70.1%（中高位）, 价跌量缩",2026-09-18
sh688750,湘投金天钛业,14.16,15.165354330708672,1.1923379679883417,0.7112375533428139,建仓后期,66.66666666666666,位置分位15.2%（低位）,2026-09-18
sh603266,天龙股份,17.13,42.08998548621188,1.1105571251823536,9.73734785393978,建仓后期,66.66666666666666,"位置分位42.1%（中低位）, 低位涨9.7%, MA20之上",2026-09-18
sh688569,铁科轨道,18.42,42.16133942161343,0.8810395030081265,-0.16260162601624706,建仓后期,50.0,位置分位42.2%（中低位）,2026-09-18
sh600610,中毅达,7.59,30.241187384044526,0.8776382218938554,-3.557814485387551,建仓后期,50.0,位置分位30.2%（中低位）,2026-09-18
sh603788,宁波高发,13.57,17.38317757009346,0.8689100432324577,-2.3741007194244608,建仓后期,66.66666666666666,位置分位17.4%（低位）,2026-09-18
sh600549,厦门钨业,50.49,13.845010221148494,0.8595830661787942,-9.15797049298308,建仓后期,66.66666666666666,位置分位13.8%（低位）,2026-09-18
sh688659,元琛科技,8.96,29.787234042553212,1.0046827389432993,-16.183348924228238,建仓初期,50.0,"低位跌-16.2%, MA20之下（低位）, MA60之下（低位）",2026-09-18
sh603690,至纯科技,24.38,26.23999999999999,1.3018494713788107,-4.053522235340422,建仓后期,88.88888888888889,"位置分位26.2%（低位）, MA20之上, 价升量增",2026-09-18
sh600425,青松建化,3.57,43.43434343434341,0.9247408678501688,0.2808988764044884,建仓后期,50.0,位置分位43.4%（中低位）,2026-09-18
sh600415,小商品城,11.82,53.63636363636364,1.0082947948493812,-5.288461538461539,洗盘,85.71428571428571,位置分位53.6%（中位）,2026-09-18
sh601113,华鼎股份,3.39,13.87283236994221,1.0278163471846757,0.2958579881656873,建仓后期,75.0,位置分位13.9%（低位）,2026-09-18
sh601177,杭齿前进,13.59,27.561327561327566,1.0614489491667005,-2.580645161290319,建仓后期,75.0,位置分位27.6%（低位）,2026-09-18
sh688798,艾为电子,55.61,14.131147540983612,1.2514907964348787,2.886216466234972,建仓后期,75.0,"位置分位14.1%（低位）, 当日涨4.41%, 价升量增",2026-09-18
sh600516,方大炭素,5.6,36.79700053561861,1.8430189355209534,10.236220472440936,建仓后期,46.666666666666664,"位置分位36.8%（中低位）, 低位涨10.2%, MA20之上, 价升量增",2026-09-18
sh688270,ST臻镭科技,57.42,6.798540426349148,0.9023118712657596,-7.222491517207947,建仓初期,75.0,"位置分位6.8%（极低位）, MA60之下（低位）",2026-09-18
sh600760,中航沈飞,43.9,42.40028745957599,0.819212015023918,-0.3405221339387028,建仓后期,50.0,位置分位42.4%（中低位）,2026-09-18
sh600096,云天化,28.1,19.488817891373827,1.01268933986419,-5.291540276373442,建仓后期,66.66666666666666,位置分位19.5%（低位）,2026-09-18
sh603979,金诚信,73.33,64.21484775915154,0.8177448495593194,-2.3568575233022586,洗盘,85.71428571428571,位置分位64.2%（中位）,2026-09-18
sh688580,伟思医疗,42.75,10.877982226483288,1.1730574275211285,-11.380597014925376,建仓后期,66.66666666666666,位置分位10.9%（低位）,2026-09-18
sh600017,日照港,2.82,50.651230101302424,0.9402312850083417,6.818181818181807,洗盘,60.0,位置分位50.7%（中位）,2026-09-18
sh600461,洪城环境,8.95,27.312499999999968,0.6810099640957498,1.359003397508485,建仓初期,57.14285714285714,"低位缩量（量比0.68）, MA20之下（低位）, MA60之下（低位）",2026-09-18
sh600768,富邦新材,14.35,32.07070707070706,0.9598526006613148,-5.654174884944124,建仓后期,50.0,位置分位32.1%（中低位）,2026-09-18
sh605028,世茂能源,24.25,43.304007820136846,1.076175323541396,-0.45155993431855274,建仓后期,50.0,位置分位43.3%（中低位）,2026-09-18
sh600105,永鼎股份,46.47,43.87182365547505,1.1110059185943262,16.993957703927492,建仓后期,70.0,"位置分位43.9%（中低位）, 低位涨17.0%, MA20之上",2026-09-18
sh603271,永杰新材料,38.68,4.5346062052505856,1.0994705989736515,-10.75219197046609,建仓初期,100.0,"位置分位4.5%（极低位）, MA20之下（低位）, MA60之下（低位）",2026-09-18
sh603916,苏博特,10.83,28.84848484848486,1.2054936503126636,-7.7512776831345835,建仓后期,70.0,"位置分位28.8%（低位）, 价升量增",2026-09-18
sh688799,华纳大药厂,56.1,63.86942610667855,1.6215773260506285,28.52233676975946,拉升,75.0,"中位放量（量比1.62）, 20日大涨28.5%, 当日大涨6.84%, MA20之上, MA60之上, 价升量增",2026-09-18
sh688212,澳华内镜,27.6,18.612637362637365,1.3901043376109776,-2.370003537318706,建仓后期,66.66666666666666,位置分位18.6%（低位）,2026-09-18
sh600710,苏美达,11.4,54.33376455368695,0.7756597466929812,12.20472440944882,洗盘,50.0,位置分位54.3%（中位）,2026-09-18
sh603270,金帝精密科技股份,36.83,90.01233045622685,0.7737369670221819,32.14926444205238,拉升,50.0,"20日大涨32.1%, MA20之上, MA60之上",2026-09-18
sh600138,中青旅,7.05,23.2249502322495,1.0033271481080313,1.2931034482758599,建仓后期,66.66666666666666,位置分位23.2%（低位）,2026-09-18
sh603709,中源家居,12.27,50.897927858787405,1.1113303447404976,3.4569983136593603,洗盘,85.71428571428571,位置分位50.9%（中位）,2026-09-18
sh603198,迎驾贡酒,37.77,63.47095871238629,0.855539860650404,-3.0792917628945236,洗盘,85.71428571428571,位置分位63.5%（中位）,2026-09-18
sh688052,纳芯微电子,250.47,64.79990087969271,1.6742501929962779,2.500409232280236,拉升,68.42105263157895,"中位放量（量比1.67）, 当日大涨5.15%, MA20之上, MA60之上, 价升量增",2026-09-18
sh603007,顺景科技,4.69,10.56751467710372,0.9386766920832157,1.5151515151515214,建仓后期,66.66666666666666,位置分位10.6%（低位）,2026-09-18
sh603676,卫信康,8.72,29.21129503407986,1.2517590993411374,-6.538049303322609,建仓后期,66.66666666666666,位置分位29.2%（低位）,2026-09-18
sh688130,晶华微电子,25.8,64.28571428571429,1.3164894267119132,6.832298136645972,拉升,70.0,"20日涨6.8%, 当日大涨4.07%, MA20之上, MA60之上, 连续3天放量, 价升量增",2026-09-18
sh603066,音飞储存,9.05,18.1772908366534,0.8153024378606347,0.5555555555555635,建仓后期,66.66666666666666,位置分位18.2%（低位）,2026-09-18
sh601838,成都银行,19.14,82.62953663547137,1.0686444481331883,5.390672319806173,拉升,50.0,"20日涨5.4%, MA20之上, MA60之上",2026-09-18
sh688090,瑞松科技,86.61,62.852859719998975,1.3358648110021383,21.13286713286713,拉升,68.42105263157895,"20日大涨21.1%, 当日大涨10.25%, MA20之上, MA60之上, 价升量增",2026-09-18
sh600192,长城电工,7.64,47.66355140186915,0.8262712739945863,10.564399421128792,建仓后期,66.66666666666666,"位置分位47.7%（中低位）, 低位涨10.6%, MA20之上",2026-09-18
sh603296,华勤技术,80.35,67.76538343258129,1.347465356026744,2.69683026584867,拉升,57.14285714285714,"MA20之上, MA60之上, 连续3天放量, 价升量增",2026-09-18
sh600237,铜峰电子,9.45,33.42465753424656,0.5279498016263198,12.232779097387166,洗盘,64.70588235294117,"中位缩量（量比0.53）, 连续3天缩量",2026-09-18
sh605287,德才股份,35.7,21.271646420263647,0.8179703696212772,-9.090909090909092,建仓后期,66.66666666666666,位置分位21.3%（低位）,2026-09-18
sh601328,交通银行,7.46,86.28257887517145,1.2260488575056574,4.775280898876402,出货,72.72727272727273,位置分位86.3%（极高位）,2026-09-18
sh600529,山东药玻,18.43,39.87138263665591,1.0070297840852032,-1.6542155816435367,建仓后期,50.0,位置分位39.9%（中低位）,2026-09-18
sh603106,恒银科技,7.48,33.85012919896643,0.7382792367208395,1.630434782608697,洗盘,66.66666666666666,连续3天缩量,2026-09-18
sh605555,德昌股份,12.49,32.85714285714287,1.9625179005043272,4.869857262804366,建仓后期,46.666666666666664,"位置分位32.9%（中低位）, 当日涨4.52%, MA20之上, 价升量增",2026-09-18
sh601158,重庆水务,4.01,30.349013657056094,1.0960712960836616,-2.195121951219509,建仓后期,50.0,位置分位30.3%（中低位）,2026-09-18
sh603076,乐惠国际,19.58,12.691326530612232,0.8695919654254911,-4.207436399217236,建仓后期,66.66666666666666,位置分位12.7%（低位）,2026-09-18
sh601179,中国西电,12.23,8.86652288521448,1.1514824440226819,-5.04658385093168,建仓初期,100.0,"位置分位8.9%（极低位）, MA20之下（低位）, MA60之下（低位）",2026-09-18
sh688396,华润微电子,60.79,29.3686033155612,1.4676352337470353,-2.2039897039897003,建仓后期,92.85714285714286,"位置分位29.4%（低位）, 当日涨4.22%, MA20之上, 连续3天放量, 价升量增",2026-09-18
sh600779,水井坊,25.92,5.186357243319296,1.3498908516251724,-3.5714285714285614,建仓初期,91.66666666666666,"位置分位5.2%（极低位）, MA20之下（低位）, MA60之下（低位）",2026-09-18
sh688088,虹软科技,29.66,7.015590200445443,1.2437469599532174,-6.168933881683009,建仓初期,91.66666666666666,"位置分位7.0%（极低位）, MA20之下（低位）, MA60之下（低位）",2026-09-18
sh603283,赛腾股份,47.36,27.630202886425437,1.3103165695758288,1.3048128342245977,建仓后期,90.9090909090909,"位置分位27.6%（低位）, 当日涨3.11%, MA20之上, 价升量增",2026-09-18
sh600578,京能电力,5.37,14.421252371916504,0.7277402809876886,-2.8933092224231487,建仓后期,66.66666666666666,位置分位14.4%（低位）,2026-09-18
sh603231,索宝蛋白,16.7,69.28406466512699,0.8988820817280364,3.7911746426351733,洗盘,66.66666666666666,位置分位69.3%（中位）,2026-09-18
sh600508,上海能源,10.64,58.80281690140846,1.0101435002030925,18.48552338530067,洗盘,50.0,位置分位58.8%（中位）,2026-09-18
sh603101,汇嘉时代,7.43,26.579925650557612,0.7962466344572754,3.770949720670385,建仓后期,54.54545454545454,位置分位26.6%（低位）,2026-09-18
sh600992,贵绳股份,9.61,24.319066147859917,0.8276764583043297,-0.10395010395010175,建仓后期,66.66666666666666,位置分位24.3%（低位）,2026-09-18
sh688721,龙图光罩,41.28,21.75095160413268,1.0836767039829573,-2.8934368383909597,建仓后期,87.5,"位置分位21.8%（低位）, MA20之上",2026-09-18
sh601717,中创智领,13.9,7.248322147651019,0.7395277898587421,-6.523201075991923,建仓初期,100.0,"位置分位7.2%（极低位）, MA20之下（低位）, MA60之下（低位）, 价跌量缩",2026-09-18
sh600234,科新发展,21.6,40.9297052154195,1.2348408120128584,0.6993006993007093,建仓后期,70.0,"位置分位40.9%（中低位）, 当日涨3.30%, MA20之上, 价升量增",2026-09-18
sh603466,风语筑,12.59,69.6798493408663,0.7244894144716314,11.317418213969932,洗盘,50.0,位置分位69.7%（中位）,2026-09-18
sh600975,新五丰,5.21,52.3076923076923,0.7750566650503502,6.326530612244889,洗盘,69.23076923076923,"位置分位52.3%（中位）, 连续3天缩量",2026-09-18
sh688258,江苏卓易信息科技,90.4,6.0336300692383915,1.1447946475333755,-7.0819200328913565,建仓初期,100.0,"位置分位6.0%（极低位）, MA20之下（低位）, MA60之下（低位）",2026-09-18
sh600999,招商证券,17.59,37.83850931677017,1.1876076970706395,-0.3568798504503418,建仓后期,50.0,位置分位37.8%（中低位）,2026-09-18
sh600727,鲁北化工,7.49,39.48339483394834,0.9527704867112903,0.807537012113062,建仓后期,50.0,位置分位39.5%（中低位）,2026-09-18
sh688001,苏州华兴源创科技,75.37,71.25462962962963,0.9673710649388392,42.290773848855,拉升,64.70588235294117,"20日大涨42.3%, 当日大涨6.94%, MA20之上, MA60之上",2026-09-18
sh603185,弘元绿能,14.47,15.30139103554869,1.4213212083544593,-14.022578728461069,建仓后期,70.0,"位置分位15.3%（低位）, 价升量增",2026-09-18
sh688115,思林杰,65.15,82.29778776356726,1.588844212975718,-4.42168886802417,出货,57.89473684210527,"位置分位82.3%（中高位）, 高位放量（量比1.59）",2026-09-18
sh605183,确成股份,16.08,39.0648567119155,1.1255745624995266,11.744266851980525,建仓后期,66.66666666666666,"位置分位39.1%（中低位）, 低位涨11.7%, MA20之上",2026-09-18
sh688576,西山科技,38.8,19.8648986740055,0.7367444178865586,-5.687894992707835,建仓后期,66.66666666666666,位置分位19.9%（低位）,2026-09-18
sh688618,三旺通信,29.47,30.52561641813081,1.0157849897422042,-6.176376950015922,建仓后期,62.5,"位置分位30.5%（中低位）, 当日涨3.99%",2026-09-18
sh688562,航天软件股份,14.28,18.489583333333336,1.1785026179645153,2.072909220872045,建仓后期,75.0,位置分位18.5%（低位）,2026-09-18
sh603556,海兴电力,23.53,22.200488997555016,1.4025790898132777,-8.621359223300965,建仓后期,70.0,"位置分位22.2%（低位）, 价升量增",2026-09-18
sh601298,青岛港,9.65,91.93930772878142,1.0574747871555035,8.793686583990995,出货,57.14285714285714,位置分位91.9%（极高位）,2026-09-18
sh688639,华恒生物,17.04,15.949367088607591,1.3661831895815055,2.097064110245643,建仓后期,77.77777777777779,"位置分位15.9%（低位）, 价升量增",2026-09-18
sh688630,芯碁微装,439.83,65.31356955908998,1.154971027374563,2.3860514921551284,洗盘,66.66666666666666,位置分位65.3%（中位）,2026-09-18
sh600165,宁科生物,3.24,62.64367816091955,1.3337132884295493,0.30959752321982137,洗盘,85.71428571428571,位置分位62.6%（中位）,2026-09-18
sh603060,国检集团,5.38,11.501807426881355,0.9349098192200892,-2.0036429872495503,建仓后期,66.66666666666666,位置分位11.5%（低位）,2026-09-18
sh600331,宏达股份,11.38,17.93179317931794,0.892477442405511,-11.987625676720796,建仓后期,66.66666666666666,位置分位17.9%（低位）,2026-09-18
sh688619,罗普特科技,14.9,38.24975417895772,0.9449485120097951,-3.1838856400259923,建仓后期,66.66666666666666,"位置分位38.2%（中低位）, 当日涨4.05%, MA20之上",2026-09-18
sh600855,航天长峰,13.28,23.776223776223766,0.914534271984727,11.409395973154357,建仓后期,100.0,"位置分位23.8%（低位）, 低位涨11.4%, MA20之上",2026-09-18
sh600239,ST云城,1.43,22.33009708737864,0.7612785567875854,1.4184397163120581,建仓后期,75.0,位置分位22.3%（低位）,2026-09-18
sh688233,神工半导体,103.82,20.668868154517845,1.3080612692737017,-8.278116441381751,建仓后期,90.9090909090909,"位置分位20.7%（低位）, 当日涨3.63%, MA20之上, 价升量增",2026-09-18
sh605086,XD龙高股份,23.74,24.07757209419467,0.9996777460638985,-6.336305531444811,建仓后期,75.0,位置分位24.1%（低位）,2026-09-18
sh603353,和顺石油,48.55,69.86794717887153,1.0393080482665635,58.34964122635354,拉升,64.70588235294117,"20日大涨58.3%, 当日大涨9.99%, MA20之上, MA60之上",2026-09-18
sh600548,深高速,8.13,25.090909090909136,0.9053251145335501,-0.6112469437652682,建仓后期,66.66666666666666,位置分位25.1%（低位）,2026-09-18
sh688028,沃尔德金刚石,127.12,68.07731434384537,1.1367877939962927,39.02012248468942,拉升,57.14285714285714,"20日大涨39.0%, MA20之上, MA60之上",2026-09-18
sh603257,中国瑞林,72.0,59.75574294853154,1.5575912481922192,12.517580872011248,拉升,68.42105263157895,"中位放量（量比1.56）, 20日涨12.5%, MA20之上, MA60之上, 价升量增",2026-09-18
sh688029,南微医学科技,80.78,76.59877076243207,0.5667714202320645,8.956029134070679,出货,62.5,"位置分位76.6%（中高位）, 高位缩量（量比0.57）, 价跌量缩",2026-09-18
sh603636,南威软件,6.62,13.68876080691643,0.883646231510472,-3.6390101892285296,建仓后期,66.66666666666666,位置分位13.7%（低位）,2026-09-18
sh688698,伟创电气,43.3,9.090719542961988,0.824368640769277,-3.9485359361135783,建仓初期,90.0,"位置分位9.1%（极低位）, MA60之下（低位）",2026-09-18
sh603385,惠达卫浴,5.43,39.25619834710741,0.9119996263253771,-1.092896174863397,建仓后期,50.0,位置分位39.3%（中低位）,2026-09-18
sh600800,渤海化学,3.27,23.320158102766793,1.0839151756035987,-2.9673590504451064,建仓后期,75.0,位置分位23.3%（低位）,2026-09-18
sh688351,微创电生理股份,17.8,11.97402816426344,1.953479043256541,-11.881188118811876,建仓后期,82.35294117647058,"位置分位12.0%（低位）, 低位放量（量比1.95）, 当日涨5.64%, 价升量增",2026-09-18
sh600706,曲江文旅,8.23,48.26666666666668,0.4551784876665776,4.441624365482241,洗盘,78.57142857142857,"中位缩量（量比0.46）, 连续3天缩量",2026-09-18
sh603335,迪生力,6.19,27.642276422764233,1.211561835936531,-8.023774145616642,建仓后期,66.66666666666666,位置分位27.6%（低位）,2026-09-18
sh601155,新城控股,12.24,33.6842105263158,1.99684846494105,11.882998171846443,建仓后期,52.94117647058824,"位置分位33.7%（中低位）, 低位涨11.9%, 当日涨9.87%, MA20之上, 价升量增",2026-09-18
sh600918,中泰证券,5.45,44.44444444444446,1.2303669383997833,-1.6245487364620912,建仓后期,57.14285714285714,"位置分位44.4%（中低位）, 价升量增",2026-09-18
sh600463,空港股份,7.93,20.043103448275854,1.0956117612990262,-2.3399014778325062,建仓后期,75.0,位置分位20.0%（低位）,2026-09-18
sh605339,南侨食品,12.82,25.64102564102563,1.1000579486188913,-7.703383729301658,建仓后期,66.66666666666666,位置分位25.6%（低位）,2026-09-18
sh600097,开创国际,9.21,49.152542372881385,0.7834531723420612,7.4679113185530985,洗盘,54.54545454545454,连续3天缩量,2026-09-18
sh688456,有研粉材,76.35,23.570746113089548,1.1263316936670458,-7.901085645355864,建仓后期,87.5,"位置分位23.6%（低位）, MA20之上",2026-09-18
sh603508,思维列控,21.02,9.024699176694115,0.8200437597275168,-0.8490566037735837,建仓初期,100.0,"位置分位9.0%（极低位）, MA20之下（低位）, MA60之下（低位）",2026-09-18
sh600495,晋西车轴,4.05,34.368932038834934,0.8495457712685537,0.0,建仓后期,50.0,位置分位34.4%（中低位）,2026-09-18
sh688658,悦康药业,12.84,13.753327417923696,1.3802007244933325,-10.272536687631032,建仓后期,70.0,"位置分位13.8%（低位）, 价升量增",2026-09-18
sh603006,联明股份,10.64,24.172185430463585,1.0827069739269295,-6.420404573438863,建仓后期,66.66666666666666,位置分位24.2%（低位）,2026-09-18
sh600089,特变电工,18.13,2.613240418118473,0.9748228380480497,-9.576059850374072,建仓初期,100.0,"位置分位2.6%（极低位）, MA20之下（低位）, MA60之下（低位）",2026-09-18
sh600979,广安爱众,4.03,20.465116279069782,0.7249783592083021,4.947916666666677,建仓后期,100.0,"位置分位20.5%（低位）, MA20之上",2026-09-18
sh605180,华生科技,13.26,44.96124031007752,1.801423664795426,4.822134387351774,建仓后期,46.666666666666664,"位置分位45.0%（中低位）, 当日涨4.16%, MA20之上, 价升量增",2026-09-18
sh601236,XD红塔证券,6.73,29.41176470588237,0.9892381755106585,0.29806259314456723,建仓后期,66.66666666666666,位置分位29.4%（低位）,2026-09-18
sh600178,东安动力,9.61,41.607295525790796,1.008207716617784,4.456521739130437,建仓后期,50.0,位置分位41.6%（中低位）,2026-09-18
sh601059,信达证券,15.56,35.254237288135634,1.253381203495119,-6.0953530476765225,建仓后期,50.0,位置分位35.3%（中低位）,2026-09-14
sh600009,XD上海机场,22.68,13.036020583190364,0.811227084633701,0.13245033112583285,建仓后期,66.66666666666666,位置分位13.0%（低位）,2026-09-18
sh603115,海星股份,93.68,58.45652173913044,1.0457999467786288,19.535536557356135,拉升,57.14285714285714,"20日大涨19.5%, MA20之上, MA60之上",2026-09-18
sh600303,曙光股份,2.98,41.714285714285715,0.870303122521895,3.8327526132404137,建仓后期,50.0,位置分位41.7%（中低位）,2026-09-18
sh688357,建龙微纳,25.52,17.53086419753086,1.1611171460802485,-5.130111524163565,建仓后期,66.66666666666666,位置分位17.5%（低位）,2026-09-18
sh688459,哈铁科技,8.15,25.568181818181817,0.7408871217351968,2.5157232704402537,建仓后期,70.0,"位置分位25.6%（低位）, MA20之上",2026-09-18
sh603933,睿能科技,19.42,34.38016528925621,1.2962778211104864,1.145833333333346,建仓后期,62.5,"位置分位34.4%（中低位）, MA20之上, 价升量增",2026-09-18
sh603135,中重科技,8.79,9.436274509803916,0.9574556510707177,-2.872928176795597,建仓初期,100.0,"位置分位9.4%（极低位）, MA20之下（低位）, MA60之下（低位）",2026-09-18
sh600887,伊利股份,26.6,72.08121827411172,0.7545475282880003,4.72440944881891,出货,66.66666666666666,位置分位72.1%（中高位）,2026-09-18
sh600117,西宁特钢,2.19,27.142857142857128,0.8564232354982243,-3.097345132743356,建仓后期,66.66666666666666,位置分位27.1%（低位）,2026-09-18
sh603333,福华尚纬,9.39,59.497206703910635,0.9143013504119274,-4.670050761421311,洗盘,85.71428571428571,位置分位59.5%（中位）,2026-09-18
sh688563,航空材料股份,55.4,54.07608695652172,0.716761417519633,10.910910910910902,洗盘,60.0,"位置分位54.1%（中位）, 连续3天缩量",2026-09-18
sh605088,冠盛股份,24.2,25.718376112076886,1.393097809677496,15.238095238095234,建仓后期,100.0,"位置分位25.7%（低位）, 低位涨15.2%, MA20之上, 价升量增",2026-09-18
sh601066,中信建投,23.62,27.57142857142857,1.2099023767487873,-4.681194511702986,建仓后期,70.0,"位置分位27.6%（低位）, 价升量增",2026-09-18
sh688298,东方基因生物,17.89,8.730964467005073,1.6594461023705647,-7.925887802367469,建仓初期,68.75,"位置分位8.7%（极低位）, MA20之下（低位）, MA60之下（低位）",2026-09-18
sh600202,哈空调,4.97,34.959349593495915,0.7897688552973514,-1.5841584158415856,建仓后期,50.0,位置分位35.0%（中低位）,2026-09-18
sh601866,中远海发,2.47,31.443298969072192,0.9372146718552472,3.347280334728036,建仓后期,57.14285714285714,"位置分位31.4%（中低位）, MA20之上",2026-09-18
sh603590,康辰药业,28.8,14.490445859872617,1.3060280934566244,-10.586774293697609,建仓后期,70.0,"位置分位14.5%（低位）, 价升量增",2026-09-18
sh688656,浩欧博生物,113.6,52.11900835764518,0.6445843934474857,11.61328355276085,洗盘,70.0,"位置分位52.1%（中位）, 中位缩量（量比0.64）, 连续3天缩量",2026-09-18
sh603626,科森科技,23.42,68.20776255707764,1.496666558881491,25.57640750670243,拉升,68.42105263157895,"20日大涨25.6%, 当日大涨10.00%, MA20之上, MA60之上, 价升量增",2026-09-18
sh603025,大豪科技,13.57,28.11918063314711,1.2383408508742622,-1.7378711078928326,建仓后期,100.0,"位置分位28.1%（低位）, MA20之上, 价升量增",2026-09-18
sh601133,柏诚系统股份公司,26.0,31.483420593368233,1.981898990714778,2.5641025641025585,建仓后期,46.666666666666664,"位置分位31.5%（中低位）, 当日涨9.98%, MA20之上, 价升量增",2026-09-18
sh603098,森特股份,10.65,17.956989247311824,0.9403137931751545,5.970149253731339,建仓后期,80.0,"位置分位18.0%（低位）, 低位涨6.0%",2026-09-18
sh688231,隆达超合金股份,31.76,42.76065119501213,0.7981859290776754,7.188660141748238,建仓后期,70.0,"位置分位42.8%（中低位）, 低位涨7.2%, 当日涨3.15%",2026-09-18
sh688268,广东华特气体,138.21,26.47973564000389,1.517113123074202,-4.8140495867768465,建仓后期,93.75,"位置分位26.5%（低位）, 低位放量（量比1.52）, 当日涨3.35%, MA20之上, 价升量增",2026-09-18
sh603339,四方科技,12.85,42.95246038365304,1.3497766369400088,-7.686781609195405,建仓后期,57.14285714285714,"位置分位43.0%（中低位）, 价升量增",2026-09-18
sh688599,天合光能,11.23,8.373786407767003,1.424732212946118,-12.945736434108527,建仓初期,78.57142857142857,"位置分位8.4%（极低位）, MA20之下（低位）, MA60之下（低位）",2026-09-18
sh603330,天洋新材,9.67,56.06469002695418,1.1202345309137036,-3.009027081243738,洗盘,60.0,位置分位56.1%（中位）,2026-09-18
sh603268,松发股份,208.0,96.11575063119052,1.5610050897073673,13.779333734478419,出货,59.25925925925925,"位置分位96.1%（极高位）, 高位放量（量比1.56）, 高位连续放量",2026-09-18
sh688293,奥浦迈生物,70.7,88.45321145056532,1.0292074618616984,14.49392712550608,出货,57.14285714285714,位置分位88.5%（极高位）,2026-09-18
sh688620,安凯微电子,17.99,93.98584905660375,1.2455188986514563,17.81270464963981,出货,52.38095238095239,"位置分位94.0%（极高位）, 高位连续放量",2026-09-18
sh688789,杭州宏华数码科技,42.52,10.576923076923087,1.2462778458917838,-8.025091931646104,建仓后期,75.0,"位置分位10.6%（低位）, 当日涨3.20%, 价升量增",2026-09-18
sh600137,浪莎股份,17.21,26.17801047120419,0.8269048098788175,-4.653739612188365,建仓后期,66.66666666666666,位置分位26.2%（低位）,2026-09-18
sh600183,生益科技,143.93,66.10828385637546,1.1730205239284988,8.381024096385538,洗盘,50.0,位置分位66.1%（中位）,2026-09-18
sh688607,康众数字医疗科技,39.73,18.21533923303834,1.1449286570339718,-7.346082089552251,建仓后期,72.72727272727273,"位置分位18.2%（低位）, 当日涨3.03%",2026-09-18
sh688326,经纬恒润,58.44,3.7187681580476397,1.2049503661103247,-8.971962616822438,建仓初期,91.66666666666666,"位置分位3.7%（极低位）, MA20之下（低位）, MA60之下（低位）",2026-09-18
sh600390,五矿资本,4.88,43.960396039603964,0.8271357056501489,0.8264462809917362,建仓后期,50.0,位置分位44.0%（中低位）,2026-09-18
sh603004,鼎龙科技,18.75,24.26383981154298,1.2767935996675153,-5.778894472361802,建仓后期,91.66666666666666,"位置分位24.3%（低位）, MA20之上, 连续3天放量, 价升量增",2026-09-18
sh603086,先达股份,5.74,24.66666666666667,0.9033872967178465,1.7730496453900804,建仓后期,75.0,位置分位24.7%（低位）,2026-09-18
sh600875,东方电气,24.42,4.335532516493882,1.0161659309592301,-6.9004956157072,建仓初期,100.0,"位置分位4.3%（极低位）, MA20之下（低位）, MA60之下（低位）",2026-09-18
sh603032,德新科技,18.83,21.8074656188605,0.6463749546027691,2.448313384113163,建仓初期,57.14285714285714,"低位缩量（量比0.65）, MA20之下（低位）, MA60之下（低位）",2026-09-18
sh688368,晶丰明源半导体,149.0,43.4020725031845,1.1542248371849866,17.47082939135919,建仓后期,75.0,"位置分位43.4%（中低位）, 低位涨17.5%, 当日涨6.03%, MA20之上",2026-09-18
sh600356,恒丰纸业,10.31,94.392523364486,1.879218636797198,16.365688487584663,出货,56.52173913043478,"位置分位94.4%（极高位）, 高位放量（量比1.88）",2026-09-18
sh688251,井松智能科技,18.44,6.8838916934373575,1.420471359057041,-13.952403173121786,建仓初期,100.0,"位置分位6.9%（极低位）, MA20之下（低位）, MA60之下（低位）",2026-09-18
sh605122,四方新材,11.46,36.99324324324327,0.8077673265521893,-1.1216566005176791,建仓后期,50.0,位置分位37.0%（中低位）,2026-09-18
sh600845,宝信软件,17.97,21.975582685904534,2.9902004626060137,3.573487031700273,建仓后期,93.75,"位置分位22.0%（低位）, 低位放量（量比2.99）, 当日涨6.96%, MA20之上, 价升量增",2026-09-18
sh600795,国电电力,5.26,78.66149369544127,1.09807299962836,2.935420743639911,出货,85.71428571428571,位置分位78.7%（中高位）,2026-09-18
sh688305,科德数控,57.97,24.36750998668442,1.4823245988926332,-8.28982755893055,建仓后期,88.88888888888889,"位置分位24.4%（低位）, MA20之上, 价升量增",2026-09-18
sh605133,嵘泰股份,24.36,14.342984409799547,1.2753197219668748,-14.013413342746203,建仓后期,75.0,"位置分位14.3%（低位）, 当日涨3.00%, 价升量增",2026-09-18
sh603017,中衡设计,9.8,19.432138542086193,1.1162406483790523,3.8135593220339112,建仓后期,75.0,位置分位19.4%（低位）,2026-09-18
sh688686,奥普特科技,143.8,56.75566953286067,1.135402643256657,17.09144206497843,拉升,57.14285714285714,"20日大涨17.1%, MA20之上, MA60之上",2026-09-18
sh601579,会稽山,32.84,100.0,0.9052087183139474,75.99142550911041,拉升,57.89473684210527,"20日大涨76.0%, 当日大涨10.02%, MA20之上, MA60之上",2026-09-18
sh600360,华微电子,10.95,24.225607910402577,1.0082069361614512,2.1455223880596885,建仓后期,90.0,"位置分位24.2%（低位）, 当日涨3.40%, MA20之上",2026-09-18
sh603759,海天股份,7.8,33.55978260869565,2.633116645971806,4.838709677419347,建仓后期,46.666666666666664,"位置分位33.6%（中低位）, 当日涨7.29%, MA20之上, 价升量增",2026-09-18
sh603202,天有为,51.75,6.9478908188585615,1.2804447878523197,1.1730205278592403,建仓初期,91.66666666666666,"位置分位6.9%（极低位）, MA20之下（低位）, MA60之下（低位）",2026-09-18
sh603439,三力制药,13.6,51.83120010138131,0.9768254304450211,9.589041095890407,拉升,60.0,"20日涨9.6%, 当日大涨3.11%, MA20之上, MA60之上",2026-09-18
sh600455,博通股份,23.27,34.25309229305422,0.8965803701534817,-4.199258954302181,建仓后期,50.0,位置分位34.3%（中低位）,2026-09-18
sh688366,昊海生物科技,28.87,12.406137773424748,1.7056632422736353,-7.319422150882818,建仓后期,80.0,"位置分位12.4%（低位）, 低位放量（量比1.71）, 价升量增",2026-09-18
sh600892,大晟文化,4.01,35.61643835616437,0.7489524412891013,4.699738903394248,洗盘,66.66666666666666,连续3天缩量,2026-09-18
sh600930,华电新能源集团,3.97,3.7288135593220453,1.348390900518198,1.0178117048346065,建仓初期,81.81818181818183,"位置分位3.7%（极低位）, MA60之下（低位）",2026-09-18
sh600798,宁波海运,3.47,48.45360824742269,0.5532961485759099,3.892215568862286,洗盘,66.66666666666666,中位缩量（量比0.55）,2026-09-18
sh603917,合力科技,13.67,94.21487603305782,1.167309239905113,11.138211382113813,出货,57.14285714285714,位置分位94.2%（极高位）,2026-09-18
sh600698,湖南天雁,7.1,48.24561403508772,0.7092944987337239,7.902735562310023,洗盘,54.54545454545454,连续3天缩量,2026-09-18
sh600232,金鹰股份,6.47,32.183908045977,0.7858557364904333,2.535657686212364,建仓后期,50.0,位置分位32.2%（中低位）,2026-09-18
sh600580,卧龙电驱,27.27,6.243902439024394,1.1928825952596331,-11.804657179818893,建仓初期,100.0,"位置分位6.2%（极低位）, MA20之下（低位）, MA60之下（低位）",2026-09-18
sh600203,福日电子,10.1,26.465028355387528,0.8931435854957631,0.29791459781528656,建仓后期,66.66666666666666,位置分位26.5%（低位）,2026-09-18
sh688507,索辰科技,145.34,28.718962671350766,1.3112121289646745,-8.279692035845011,建仓后期,75.0,"位置分位28.7%（低位）, 当日涨3.03%, 价升量增",2026-09-18
sh605305,中际联合,31.51,5.025699600228455,0.8613270491565647,-14.398261342026625,建仓初期,100.0,"位置分位5.0%（极低位）, MA20之下（低位）, MA60之下（低位）",2026-09-18
sh603876,XD鼎胜新材,18.96,8.092485549132956,0.6994861465152562,-17.09663314385658,建仓初期,100.0,"位置分位8.1%（极低位）, 低位缩量（量比0.70）, 低位跌-17.1%, MA20之下（低位）, MA60之下（低位）",2026-09-18
sh600987,航民股份,6.34,22.98136645962733,0.9694026865933724,-1.5527950310559087,建仓后期,66.66666666666666,位置分位23.0%（低位）,2026-09-18
sh600603,广汇物流,4.88,25.364431486880466,0.6506251651965993,5.856832971800424,建仓后期,56.25,"位置分位25.4%（低位）, 低位涨5.9%, MA20之上",2026-09-18
sh603267,鸿远电子,50.9,22.09302325581395,0.7527786202174067,3.476316324456192,建仓后期,87.5,"位置分位22.1%（低位）, MA20之上",2026-09-18
sh600446,金证股份,10.48,15.662650602409661,1.2434488062269125,-1.872659176029956,建仓后期,70.0,"位置分位15.7%（低位）, 价升量增",2026-09-18
sh600784,鲁银投资,7.08,36.50190114068441,0.9502172357133496,-8.997429305912599,建仓后期,50.0,位置分位36.5%（中低位）,2026-09-18
sh688111,金山办公,223.61,27.454445057979026,1.2016359930726737,-7.022869022869018,建仓后期,70.0,"位置分位27.5%（低位）, 价升量增",2026-09-18
sh603019,中科曙光,84.3,21.58469945355189,1.4656363095966574,0.22589466175246428,建仓后期,88.88888888888889,"位置分位21.6%（低位）, MA20之上, 价升量增",2026-09-18
sh600386,北巴传媒,3.48,35.29411764705881,0.8920756704403695,2.9585798816568074,建仓后期,50.0,位置分位35.3%（中低位）,2026-09-18
sh603169,兰石重装,6.2,10.39823008849557,0.9928887955116016,-1.4308426073131935,建仓后期,66.66666666666666,位置分位10.4%（低位）,2026-09-18
sh603132,金徽股份,18.15,58.42245989304809,0.7198552694613111,-4.171066525871185,洗盘,85.71428571428571,位置分位58.4%（中位）,2026-09-18
sh601865,福莱特,9.29,5.044510385756674,1.269011907863725,-12.026515151515165,建仓初期,91.66666666666666,"位置分位5.0%（极低位）, MA20之下（低位）, MA60之下（低位）",2026-09-18
sh605178,时空科技,68.97,21.656600517687664,1.6232793691484617,2.390142517814726,建仓后期,93.75,"位置分位21.7%（低位）, 低位放量（量比1.62）, 当日涨4.74%, MA20之上, 价升量增",2026-09-18
sh600467,好当家,2.39,59.2875318066158,0.9736312605227133,2.1367521367521483,洗盘,85.71428571428571,位置分位59.3%（中位）,2026-09-18
sh688100,威胜信息,24.67,3.219927095990286,1.0437628144693538,-3.858144972720181,建仓初期,100.0,"位置分位3.2%（极低位）, MA20之下（低位）, MA60之下（低位）",2026-09-18
sh603016,新宏泰,30.48,17.258195610945545,1.8144832437884042,1.3297872340425603,建仓后期,100.0,"位置分位17.3%（低位）, 低位放量（量比1.81）, 当日涨10.00%, MA20之上, 价升量增",2026-09-18
sh600691,潞化科技,2.89,45.18072289156627,0.6650964122474031,12.890625000000004,洗盘,68.75,"中位缩量（量比0.67）, 连续3天缩量",2026-09-18
sh600830,香溢融通,8.49,24.929971988795533,0.9563079900104196,4.299754299754295,建仓后期,75.0,位置分位24.9%（低位）,2026-09-18
sh605222,起帆电缆,22.39,22.823360802579725,0.7863700389643989,13.828164717844427,建仓后期,81.81818181818183,"位置分位22.8%（低位）, 低位涨13.8%, MA20之上",2026-09-18
sh600167,联美控股,5.71,30.09756097560976,1.2237044252629932,1.9642857142857202,建仓后期,57.14285714285714,"位置分位30.1%（中低位）, 价升量增",2026-09-18
sh603259,药明康德,160.0,84.65056285178237,1.0614543368332767,-1.4474899907606986,出货,66.66666666666666,位置分位84.7%（中高位）,2026-09-18
sh603239,浙江仙通,13.82,10.647482014388492,0.9649361239467246,-3.6933797909407624,建仓后期,66.66666666666666,位置分位10.6%（低位）,2026-09-18
sh603639,海利尔,10.31,15.97510373443986,0.7821463641531862,-2.367424242424242,建仓后期,54.54545454545454,位置分位16.0%（低位）,2026-09-18
sh688311,盟升电子,23.5,15.656810470189047,1.3131243083898758,2.709790209790214,建仓后期,92.85714285714286,"位置分位15.7%（低位）, 当日涨3.84%, MA20之上, 连续3天放量, 价升量增",2026-09-18
sh601728,中国电信,6.19,55.86046511627908,0.972148567695567,-1.2601690859786208,洗盘,85.71428571428571,位置分位55.9%（中位）,2026-09-18
sh600449,宁夏建材,13.26,54.285714285714285,1.9483249996295522,7.80487804878048,拉升,72.72727272727273,"中位放量（量比1.95）, 20日涨7.8%, 当日大涨3.92%, MA20之上, MA60之上, 价升量增",2026-09-18
sh688621,阳光诺和,73.32,95.78601528462251,0.9430925370380692,11.074079684896208,出货,57.14285714285714,位置分位95.8%（极高位）,2026-09-18
sh605138,盛泰集团,5.95,31.859557867360227,0.9524502567727716,1.5358361774744003,建仓后期,50.0,位置分位31.9%（中低位）,2026-09-18
sh600547,山东黄金,32.77,51.39500734214392,1.1640064580563747,-11.551956815114695,洗盘,85.71428571428571,位置分位51.4%（中位）,2026-09-18
sh600099,林海股份,9.03,36.01359003397506,0.7697243068787183,0.1108647450110841,建仓后期,50.0,位置分位36.0%（中低位）,2026-09-18
sh600893,航发动力,39.19,34.792101765711024,0.8256918579544061,7.901982378854619,建仓后期,66.66666666666666,"位置分位34.8%（中低位）, 低位涨7.9%, MA20之上",2026-09-18
sh688169,石头科技,118.6,60.784716516022996,1.1713842253581914,1.8375407865361504,洗盘,85.71428571428571,位置分位60.8%（中位）,2026-09-18
sh600746,江苏索普,7.27,39.0625,1.9343297465342373,10.318664643399085,建仓后期,52.94117647058824,"位置分位39.1%（中低位）, 低位涨10.3%, 当日涨6.13%, MA20之上, 价升量增",2026-09-18
sh603897,长城科技,30.67,25.78145182123483,1.1546646020047673,0.03261578604044867,建仓后期,100.0,"位置分位25.8%（低位）, MA20之上",2026-09-18
sh603717,天域生物,5.8,30.37249283667621,0.811763502264716,-8.661417322834643,建仓后期,50.0,位置分位30.4%（中低位）,2026-09-18
sh600742,富维股份,7.73,21.676300578034688,0.4694223662228522,2.384105960264909,建仓初期,60.0,"低位缩量（量比0.47）, MA20之下（低位）, 价跌量缩",2026-09-18
sh600120,浙江东方,4.73,28.29099307159354,0.8743675734942526,-0.8385744234800661,建仓后期,66.66666666666666,位置分位28.3%（低位）,2026-09-18
sh600619,海立股份,13.26,17.29839735436275,1.2435433824044047,-4.535637149028083,建仓后期,70.0,"位置分位17.3%（低位）, 价升量增",2026-09-18
sh600926,杭州银行,17.14,82.84023668639058,0.6705564444965197,3.0667468430547298,出货,72.72727272727273,"位置分位82.8%（中高位）, 高位缩量（量比0.67）",2026-09-18
sh603500,祥和实业,9.18,24.28785607196402,1.2303582462049163,-3.4700315457413256,建仓后期,70.0,"位置分位24.3%（低位）, 价升量增",2026-09-18
sh603091,众鑫股份,46.9,27.53841243787899,1.0565451325067674,-5.2333804809052396,建仓后期,66.66666666666666,位置分位27.5%（低位）,2026-09-18
sh603194,中力股份,33.5,27.434842249657066,0.735649239184196,0.6913134956417097,建仓后期,66.66666666666666,位置分位27.4%（低位）,2026-09-18
sh600629,华建集团,16.26,65.25241675617617,0.7575896707671823,-2.048192771084336,洗盘,90.0,"位置分位65.3%（中位）, 连续3天缩量",2026-09-18
sh603373,安邦护卫集团股份,40.78,82.4347118013145,0.831924968406949,5.620305620305625,拉升,50.0,"20日涨5.6%, MA20之上, MA60之上",2026-09-18
sh601825,沪农商行,8.75,76.96566998892578,1.1180081590364566,-0.11415525114155008,出货,85.71428571428571,位置分位77.0%（中高位）,2026-09-18
sh600343,航天动力,21.67,23.974255832662916,1.0418779804594958,18.35062807209177,建仓后期,100.0,"位置分位24.0%（低位）, 低位涨18.4%, 当日涨10.00%, MA20之上",2026-09-18
sh603117,万林物流,3.92,32.8358208955224,0.8750809734213809,2.349869451697124,建仓后期,50.0,位置分位32.8%（中低位）,2026-09-18
sh600182,S佳通,12.77,23.722627737226286,0.8757062146892655,-3.1842304776345713,建仓后期,66.66666666666666,位置分位23.7%（低位）,2026-09-18
sh603065,宿迁联盛,14.27,42.988929889298895,1.186597393851275,-17.657241777264854,建仓后期,33.33333333333333,位置分位43.0%（中低位）,2026-09-18
sh601618,中国中冶,2.54,21.212121212121225,0.8641860918239086,-0.3921568627450897,建仓后期,66.66666666666666,位置分位21.2%（低位）,2026-09-18
sh688347,华虹宏力半导体,234.0,41.761492944924896,1.5374100151411574,0.3344481605351175,建仓后期,46.666666666666664,"位置分位41.8%（中低位）, 当日涨5.93%, MA20之上, 价升量增",2026-09-18
sh600749,西藏旅游,13.66,9.83783783783784,0.7836264655767996,-0.364697301239976,建仓初期,100.0,"位置分位9.8%（极低位）, MA20之下（低位）, MA60之下（低位）, 连续3天缩量",2026-09-18
sh603063,禾望电气,30.78,9.855649576903934,1.0283472538597824,-2.9634300126103335,建仓初期,100.0,"位置分位9.9%（极低位）, MA20之下（低位）, MA60之下（低位）",2026-09-18
sh600351,亚宝药业,6.61,65.40540540540542,1.048970908677827,-0.8995502248875504,洗盘,85.71428571428571,位置分位65.4%（中位）,2026-09-18
sh603300,海南华铁,4.64,13.13131313131312,0.9890991524898516,-2.7253668763102703,建仓后期,66.66666666666666,位置分位13.1%（低位）,2026-09-18
sh603062,麦加芯彩,36.52,14.935064935064938,1.3068419730340843,-7.403651115618648,建仓后期,70.0,"位置分位14.9%（低位）, 价升量增",2026-09-18
sh600067,冠城新材,2.67,11.757789535567298,1.5081907685864118,-4.64285714285714,建仓后期,78.57142857142857,"位置分位11.8%（低位）, 低位放量（量比1.51）",2026-09-18
sh600171,上海贝岭,23.2,14.664310954063605,1.7615767342829907,2.383053839364515,建仓后期,92.85714285714286,"位置分位14.7%（低位）, 低位放量（量比1.76）, MA20之上, 价升量增",2026-09-18
sh603312,西典新能,31.64,18.448139350752193,0.95947699030452,1.8673535093367735,建仓后期,66.66666666666666,位置分位18.4%（低位）,2026-09-18
sh600185,珠免集团,4.79,28.723404255319153,0.879733645583965,6.4444444444444455,建仓后期,80.0,"位置分位28.7%（低位）, 低位涨6.4%",2026-09-18
sh600106,重庆路桥,4.44,18.93287435456112,0.830224458286976,3.496503496503505,建仓后期,75.0,位置分位18.9%（低位）,2026-09-18
sh600808,马钢股份,2.57,12.834224598930469,1.228771040942958,2.3904382470119545,建仓后期,77.77777777777779,"位置分位12.8%（低位）, 价升量增",2026-09-18
sh688381,帝奥微电子,42.19,62.937265105521824,1.0712542919739707,25.490779298036887,拉升,64.70588235294117,"20日大涨25.5%, 当日大涨5.95%, MA20之上, MA60之上",2026-09-18
sh603701,德宏股份,19.92,38.75464684014871,1.0259106822168027,3.750000000000013,建仓后期,57.14285714285714,"位置分位38.8%（中低位）, MA20之上",2026-09-18
sh688209,英集芯科技,37.33,92.28883668675311,0.7317646997022059,62.16333622936576,出货,55.55555555555556,"位置分位92.3%（极高位）, 价跌量缩",2026-09-18
sh600729,重百集团,18.39,21.063829787234084,1.4323207680805854,-3.363110877561747,建仓后期,66.66666666666666,位置分位21.1%（低位）,2026-09-18
sh601668,中国建筑,4.28,34.87179487179489,0.8407281586284222,-2.505694760820033,建仓后期,50.0,位置分位34.9%（中低位）,2026-09-18
sh601006,大秦铁路,4.7,31.2621359223301,0.7447238536872204,0.6423982869379069,建仓后期,50.0,位置分位31.3%（中低位）,2026-09-18
sh688696,极米科技,83.84,66.2139689578714,0.7539706557180413,21.825050857308938,拉升,57.14285714285714,"20日大涨21.8%, MA20之上, MA60之上",2026-09-18
sh688059,株洲华锐精密,88.2,26.017812944592777,1.3708533109334151,-3.4905350694824353,建仓后期,90.9090909090909,"位置分位26.0%（低位）, 当日涨4.50%, MA20之上, 价升量增",2026-09-18
sh603866,桃李面包,4.16,42.53731343283585,0.8998900167889565,0.7263922518159867,建仓后期,50.0,位置分位42.5%（中低位）,2026-09-18
sh603682,锦和商管,9.69,49.48320413436692,1.0359951140410129,-15.148861646234678,建仓后期,33.33333333333333,位置分位49.5%（中低位）,2026-09-18
sh600080,ST金花,4.77,10.714285714285712,0.8500970322336348,-0.41753653444677374,建仓后期,66.66666666666666,位置分位10.7%（低位）,2026-09-18
sh603596,伯特利,28.38,44.92753623188406,1.1072060674944508,12.977707006369418,建仓后期,62.5,"位置分位44.9%（中低位）, 低位涨13.0%",2026-09-18
sh603129,春风动力,290.39,66.13989637305697,1.007955361582233,-6.025694961328114,洗盘,85.71428571428571,位置分位66.1%（中位）,2026-09-18
sh600515,海南机场,2.75,10.550458715596347,0.9506720088548706,-2.1352313167259807,建仓后期,66.66666666666666,位置分位10.6%（低位）,2026-09-18
sh601015,陕西黑猫,3.62,29.588014981273407,0.8719927337744814,1.6853932584269677,建仓后期,75.0,位置分位29.6%（低位）,2026-09-18
sh688321,微芯生物,25.02,16.312056737588644,1.3014857966238467,-10.483005366726296,建仓后期,70.0,"位置分位16.3%（低位）, 价升量增",2026-09-18
sh688699,明微电子,68.55,58.05354866128346,1.4166443702423064,13.268341044282872,拉升,70.0,"20日涨13.3%, 当日大涨4.39%, MA20之上, MA60之上, 连续3天放量, 价升量增",2026-09-18
sh603220,中贝通信,18.26,10.26490066225167,1.018158147836272,-1.1369788846778413,建仓后期,66.66666666666666,位置分位10.3%（低位）,2026-09-18
sh601878,浙商证券,9.08,23.96694214876039,1.1112785924369433,-0.9814612868047967,建仓后期,66.66666666666666,位置分位24.0%（低位）,2026-09-18
sh601608,中信重工,4.73,20.04975124378112,0.8603000911099987,1.5021459227467873,建仓后期,66.66666666666666,位置分位20.0%（低位）,2026-09-18
sh688531,日联科技股份,146.97,55.69382391590013,1.2767969804030748,7.772970594705576,拉升,64.70588235294117,"20日涨7.8%, 当日大涨4.09%, MA20之上, MA60之上, 价升量增",2026-09-18
sh603986,兆易创新,388.18,24.907051019572517,1.3947576568055056,-5.104385664694664,建仓后期,90.9090909090909,"位置分位24.9%（低位）, 当日涨4.95%, MA20之上, 价升量增",2026-09-18
sh600671,天目药业,22.61,80.81871345029239,0.8932279397651329,10.23890784982934,拉升,50.0,"20日涨10.2%, MA20之上, MA60之上",2026-09-18
sh603816,顾家家居,22.5,14.441842310694778,0.8973434964718312,-9.383809907370111,建仓后期,66.66666666666666,位置分位14.4%（低位）,2026-09-18
sh688775,影石创新,97.25,3.867589302412569,1.3289162797477898,-19.74085994883222,建仓初期,82.35294117647058,"位置分位3.9%（极低位）, 低位跌-19.7%, MA20之下（低位）, MA60之下（低位）",2026-09-18
sh600530,ST交昂,3.73,3.124999999999998,1.1060523129488646,0.8108108108108055,建仓初期,100.0,"位置分位3.1%（极低位）, MA20之下（低位）, MA60之下（低位）",2026-09-18
sh603937,丽岛新材,11.57,28.47358121330725,1.0954518067635837,-0.6866952789699576,建仓后期,75.0,位置分位28.5%（低位）,2026-09-18
sh688021,奥福科技,19.27,24.999999999999996,1.0606370362296198,-10.246856078248715,建仓后期,66.66666666666666,位置分位25.0%（低位）,2026-09-18
sh603679,华体科技,25.6,94.86803519061584,1.609587503489364,14.746750336172132,出货,54.166666666666664,"位置分位94.9%（极高位）, 高位放量（量比1.61）",2026-09-18
sh688603,天承科技,124.37,35.41696776990895,1.3258207751093978,16.375035089360907,建仓后期,76.92307692307693,"位置分位35.4%（中低位）, 低位涨16.4%, 当日涨5.58%, MA20之上, 价升量增",2026-09-18
sh688361,中科飞测,386.36,76.64951768488747,1.2837776335184372,10.559148400389182,拉升,55.00000000000001,"20日涨10.6%, 当日大涨7.71%, MA20之上, MA60之上, 价升量增",2026-09-18
sh600900,长江电力,28.27,69.1211401425178,1.0432915760345125,1.108726752503572,洗盘,85.71428571428571,位置分位69.1%（中位）,2026-09-18
sh601208,东材科技,51.3,43.343713507201244,1.0037042254354125,12.180188060354254,建仓后期,66.66666666666666,"位置分位43.3%（中低位）, 低位涨12.2%, MA20之上",2026-09-18
sh600367,红星发展,38.0,39.60817717206133,1.408379818721805,9.668109668109674,建仓后期,75.0,"位置分位39.6%（中低位）, 低位涨9.7%, 当日涨4.86%, MA20之上, 价升量增",2026-09-18
sh600475,华光环能,14.87,34.349671941335394,0.8700603763868578,-0.7343124165554152,建仓后期,50.0,位置分位34.3%（中低位）,2026-09-18
sh600354,敦煌种业,10.23,72.7509778357236,1.2391376743780702,59.097978227060665,拉升,68.42105263157895,"20日大涨59.1%, 当日大涨4.92%, MA20之上, MA60之上, 价升量增",2026-09-18
sh688549,中巨芯科技,24.36,44.908835904628326,1.00197532376387,-10.441176470588236,建仓后期,57.14285714285714,"位置分位44.9%（中低位）, MA20之上",2026-09-18
sh600556,天下秀,4.64,23.917525773195873,1.2039340296430097,1.3100436681222623,建仓后期,75.0,位置分位23.9%（低位）,2026-09-18
sh603777,来伊份,13.18,21.51431209602955,0.6785412008821718,-4.561911658218688,建仓初期,57.14285714285714,"低位缩量（量比0.68）, MA20之下（低位）, MA60之下（低位）",2026-09-18
sh603681,永冠新材,19.29,27.764887857695282,1.0967353971431173,6.04727872457393,建仓后期,100.0,"位置分位27.8%（低位）, 低位涨6.0%, MA20之上",2026-09-18
sh603042,华脉科技,17.3,84.92849284928492,1.0858347716642072,25.180897250361795,拉升,57.14285714285714,"20日大涨25.2%, MA20之上, MA60之上",2026-09-18
sh603505,金石资源,15.42,13.229571984435792,1.1550028111802164,0.9162303664921503,建仓后期,87.5,"位置分位13.2%（低位）, MA20之上",2026-09-18
sh600084,*ST尼雅,4.37,21.2707182320442,0.8153510711763929,6.845965770171156,建仓后期,100.0,"位置分位21.3%（低位）, 低位涨6.8%, MA20之上",2026-09-18
sh688772,珠海冠宇电池,13.68,6.219151036525163,1.0354757241584793,-7.816711590296498,建仓初期,100.0,"位置分位6.2%（极低位）, MA20之下（低位）, MA60之下（低位）",2026-09-18
sh603949,雪龙集团,13.87,24.751381215469596,0.900529190668356,-1.2108262108262104,建仓后期,66.66666666666666,位置分位24.8%（低位）,2026-09-18
sh603630,拉芳家化,13.59,27.240773286467494,1.345707860430795,-5.690492713393478,建仓后期,70.0,"位置分位27.2%（低位）, 价升量增",2026-09-18
sh688113,联测科技,34.81,32.42921336148559,0.8910400570016254,-3.439667128987504,建仓后期,50.0,位置分位32.4%（中低位）,2026-09-18
sh600613,神奇制药,8.41,48.341232227488156,1.2524122295604818,-6.555555555555554,建仓后期,50.0,位置分位48.3%（中低位）,2026-09-18
sh688570,天玛智控,14.58,18.35147744945568,1.1668634293524835,-4.393442622950819,建仓后期,66.66666666666666,位置分位18.4%（低位）,2026-09-18
sh601226,华电科工,6.57,26.621490803485003,1.0739395656088455,7.528641571194762,建仓后期,100.0,"位置分位26.6%（低位）, 低位涨7.5%, MA20之上",2026-09-18
sh603999,读者传媒,6.55,66.33858267716533,0.8956375849270645,17.383512544802862,拉升,57.14285714285714,"20日大涨17.4%, MA20之上, MA60之上",2026-09-18
sh603606,东方电缆,35.88,12.623394775923828,0.6303495549322327,5.189094107299922,建仓后期,60.0,"位置分位12.6%（低位）, 低位涨5.2%, MA20之上",2026-09-18
sh600271,航天信息,6.69,13.385826771653567,0.9314117254165851,-0.298062593144554,建仓后期,66.66666666666666,位置分位13.4%（低位）,2026-09-18
sh605599,菜百股份,14.23,8.919202518363061,0.9143767866160739,-15.599051008303672,建仓初期,100.0,"位置分位8.9%（极低位）, 低位跌-15.6%, MA20之下（低位）, MA60之下（低位）",2026-09-18
sh603629,利通电子,113.6,55.21633178536944,1.1014766594160665,-9.819798364690008,洗盘,75.0,位置分位55.2%（中位）,2026-09-18
sh603800,洪田股份,59.19,39.37614678899082,0.8847428486965452,-11.788375558867358,建仓后期,50.0,位置分位39.4%（中低位）,2026-09-18
sh605058,澳弘电子,47.4,89.01398839986354,1.3864032693214885,76.273707698029,拉升,50.0,"20日大涨76.3%, MA20之上, MA60之上",2026-09-18
sh688283,坤恒顺维,27.33,17.871559633027516,1.1685879032674165,-3.4275618374558383,建仓后期,90.0,"位置分位17.9%（低位）, 当日涨4.07%, MA20之上",2026-09-18
sh600053,*ST九鼎,7.12,7.607497243660423,0.9125305289006928,2.446043165467625,建仓初期,100.0,"位置分位7.6%（极低位）, MA20之下（低位）, MA60之下（低位）",2026-09-18
sh688648,中邮科技,29.2,8.373349339735894,1.146512738659203,-9.681410454686047,建仓初期,100.0,"位置分位8.4%（极低位）, MA20之下（低位）, MA60之下（低位）",2026-09-18
sh603659,璞泰来,22.27,8.064516129032247,0.6421733172785059,-7.899090157154674,建仓初期,100.0,"位置分位8.1%（极低位）, 低位缩量（量比0.64）, MA20之下（低位）, MA60之下（低位）",2026-09-18
sh688338,赛科希德,29.58,62.70661157024793,1.1378142604906376,-6.392405063291148,洗盘,85.71428571428571,位置分位62.7%（中位）,2026-09-18
sh688128,中国电器研究院,21.94,21.882640586797102,0.7891855285335901,1.1059907834101474,建仓后期,63.63636363636363,"位置分位21.9%（低位）, MA20之上",2026-09-18
sh600802,福建水泥,5.74,71.33105802047783,0.7940612459463061,24.78260869565219,拉升,50.0,"20日大涨24.8%, MA20之上, MA60之上",2026-09-18
sh688058,宝兰德软件,24.23,47.843137254901976,0.8566499194939103,6.132282084975919,建仓后期,66.66666666666666,"位置分位47.8%（中低位）, 低位涨6.1%, MA20之上",2026-09-18
sh600917,重庆燃气,4.88,32.13465952563121,0.6716493785282013,1.2448132780082906,洗盘,78.57142857142857,"中位缩量（量比0.67）, 连续3天缩量",2026-09-18
sh603392,万泰生物,25.42,3.2315978456014474,1.1988766776691269,-16.900948022229482,建仓初期,100.0,"位置分位3.2%（极低位）, 低位跌-16.9%, MA20之下（低位）, MA60之下（低位）",2026-09-18
sh688388,嘉元科技,30.88,30.62970568104038,1.6852879926549156,4.043126684636116,拉升,44.44444444444444,"中位放量（量比1.69）, 连续3天放量",2026-09-18
sh600697,欧亚集团,11.39,52.39234449760767,0.5735953969359161,6.647940074906375,洗盘,64.70588235294117,"位置分位52.4%（中位）, 中位缩量（量比0.57）",2026-09-18
sh600557,康缘药业,12.08,35.01259445843829,1.0296092916683128,0.16583747927031153,建仓后期,50.0,位置分位35.0%（中低位）,2026-09-18
sh688597,煜邦电力,6.18,15.476190476190466,1.0391241972074343,-8.444444444444448,建仓后期,66.66666666666666,位置分位15.5%（低位）,2026-09-18
sh603990,麦迪科技,20.29,55.49295774647886,1.1837842260710572,-11.397379912663753,洗盘,66.66666666666666,位置分位55.5%（中位）,2026-09-18
sh603378,*ST亚士,5.67,50.55555555555556,1.13471712415927,-7.504078303425775,洗盘,100.0,位置分位50.6%（中位）,2026-09-18
sh600618,氯碱化工,9.82,13.783783783783782,0.8767743714623578,-2.8684470820969254,建仓后期,66.66666666666666,位置分位13.8%（低位）,2026-09-18
sh600050,中国联通,4.22,25.709219858156,1.3323940206177902,0.0,建仓后期,70.0,"位置分位25.7%（低位）, 价升量增",2026-09-18
sh603871,嘉友国际,12.29,49.16339599256351,1.0572399869540772,-3.3805031446541,建仓后期,50.0,位置分位49.2%（中低位）,2026-09-18
sh600674,川投能源,15.76,83.44594594594594,1.0503709224451279,3.3442622950819656,出货,85.71428571428571,位置分位83.4%（中高位）,2026-09-18
sh600132,重庆啤酒,37.77,0.5600814663951453,1.146413045316914,-6.231380337636539,建仓初期,100.0,"位置分位0.6%（极低位）, MA20之下（低位）, MA60之下（低位）",2026-09-18
sh600973,宝胜股份,6.11,30.107526881720446,0.8266645472925377,0.6589785831960466,建仓后期,50.0,位置分位30.1%（中低位）,2026-09-18
sh688709,成都华微,25.02,13.240161824200069,1.287723883004019,-2.3037875829753998,建仓后期,90.9090909090909,"位置分位13.2%（低位）, 当日涨4.25%, MA20之上, 价升量增",2026-09-18
sh600960,渤海汽车,3.9,24.87562189054726,0.9401715681772259,-2.743142144638401,建仓后期,66.66666666666666,位置分位24.9%（低位）,2026-09-18
sh603859,能科科技,38.65,21.56465342521281,1.09965520983779,1.6570226196738438,建仓后期,87.5,"位置分位21.6%（低位）, MA20之上",2026-09-18
sh603345,安井食品,79.48,16.251325556733853,2.044424647915642,0.6075949367088658,建仓后期,93.75,"位置分位16.3%（低位）, 低位放量（量比2.04）, 当日涨6.78%, MA20之上, 价升量增",2026-09-18
sh600398,海澜之家,5.79,52.63157894736843,0.9523349759984594,-1.8644067796610222,洗盘,100.0,位置分位52.6%（中位）,2026-09-18
sh600751,海航科技,3.0,21.137026239067062,1.2879889748132016,-5.06329113924051,建仓后期,66.66666666666666,位置分位21.1%（低位）,2026-09-18
sh600536,中国软件,31.66,28.67298578199052,1.058282050754317,-6.6076696165191695,建仓后期,66.66666666666666,位置分位28.7%（低位）,2026-09-18
sh688800,瑞可达连接系统,69.32,38.61369399830938,1.0844642305201453,9.062303335431073,建仓后期,66.66666666666666,"位置分位38.6%（中低位）, 低位涨9.1%, MA20之上",2026-09-18
sh600061,国投资本,6.23,26.521739130434856,0.9933352634457184,-0.3199999999999932,建仓后期,66.66666666666666,位置分位26.5%（低位）,2026-09-18
sh688262,苏州国芯科技,28.26,22.862823061630223,1.3329783967425093,4.938730040846647,建仓后期,88.88888888888889,"位置分位22.9%（低位）, MA20之上, 价升量增",2026-09-18
sh601766,中国中车,6.0,75.18796992481202,1.2631350576675424,-0.6622516556291397,出货,66.66666666666666,位置分位75.2%（中高位）,2026-09-18
sh601010,ST文峰,1.47,18.399999999999995,1.298721962371756,2.7972027972028,建仓后期,70.0,"位置分位18.4%（低位）, 价升量增",2026-09-18
sh601985,中国核电,8.94,60.526315789473585,0.907012233502396,2.640642939150386,洗盘,85.71428571428571,位置分位60.5%（中位）,2026-09-18
sh603165,荣晟环保,13.48,30.094466936572207,1.2496467234366744,1.9667170953101345,建仓后期,57.14285714285714,"位置分位30.1%（中低位）, 价升量增",2026-09-18
sh688256,寒武纪科技,1113.14,47.27211255884114,1.1278689457374547,7.549758454106289,建仓后期,66.66666666666666,"位置分位47.3%（中低位）, 低位涨7.5%, MA20之上",2026-09-18
sh688617,惠泰医疗,240.0,67.27195945945947,0.8360604764142452,-8.918406072106261,洗盘,85.71428571428571,位置分位67.3%（中位）,2026-09-18
sh688700,东威科技,65.18,31.954754330152003,0.8049301324296124,13.455178416013933,建仓后期,66.66666666666666,"位置分位32.0%（中低位）, 低位涨13.5%, MA20之上",2026-09-18
sh688184,ST帕瓦股份,10.75,20.267686424474196,1.5650758910425104,-2.8906955736224056,建仓后期,80.0,"位置分位20.3%（低位）, 低位放量（量比1.57）, 价升量增",2026-09-18
sh688403,汇成股份,26.39,42.85231497127408,1.3530616921350247,14.689265536723159,建仓后期,75.0,"位置分位42.9%（中低位）, 低位涨14.7%, 当日涨4.18%, MA20之上, 价升量增",2026-09-18
sh600967,内蒙一机,13.56,62.43386243386245,0.7473514962837524,25.43940795559667,洗盘,52.94117647058824,"位置分位62.4%（中位）, 连续3天缩量",2026-09-18
sh600653,申华控股,1.7,57.14285714285715,1.0097597682935977,1.7964071856287442,洗盘,85.71428571428571,位置分位57.1%（中位）,2026-09-18
sh603320,迪贝电气,18.34,31.957060280759702,1.283405902273827,10.882708585247888,建仓后期,75.0,"位置分位32.0%（中低位）, 低位涨10.9%, 当日涨3.03%, MA20之上, 价升量增",2026-09-18
sh601106,中国一重,3.04,13.705583756345177,0.8833463686394063,-0.32786885245900943,建仓后期,66.66666666666666,位置分位13.7%（低位）,2026-09-18
sh688037,芯源微电子,363.98,67.73125084152417,1.144243117411715,-0.6875852660300087,洗盘,50.0,位置分位67.7%（中位）,2026-09-18
sh603012,创力集团,9.06,51.46666666666667,0.9177407094830621,3.071672354948821,洗盘,85.71428571428571,位置分位51.5%（中位）,2026-09-18
sh688419,耐科装备,53.08,41.069375239555384,1.1984314738375328,8.703665779234077,建仓后期,72.72727272727273,"位置分位41.1%（中低位）, 低位涨8.7%, 当日涨3.55%, MA20之上",2026-09-18
sh605056,咸亨国际,13.48,6.799336650082921,1.4325459571026808,-5.003523608174765,建仓初期,91.66666666666666,"位置分位6.8%（极低位）, MA20之下（低位）, MA60之下（低位）",2026-09-18
sh603499,翔港科技,13.75,56.38268541494347,0.7569567623194552,16.328257191201352,拉升,57.14285714285714,"20日大涨16.3%, MA20之上, MA60之上",2026-09-18
sh605009,豪悦护理,24.71,53.649167733674794,2.140168087747502,2.6589115081013732,拉升,64.70588235294117,"中位放量（量比2.14）, 当日大涨3.74%, MA60之上, 价升量增",2026-09-18
sh600858,银座股份,4.96,40.23668639053254,0.9848420278217648,2.0576131687242727,建仓后期,50.0,位置分位40.2%（中低位）,2026-09-18
sh603379,三美股份,51.14,0.6429969247973271,1.1137366207297472,-16.067618578696862,建仓初期,100.0,"位置分位0.6%（极低位）, 低位跌-16.1%, MA20之下（低位）, MA60之下（低位）",2026-09-18
sh600741,华域汽车,14.88,11.111111111111128,1.0737585727353967,-2.490170380078631,建仓后期,66.66666666666666,位置分位11.1%（低位）,2026-09-18
sh688726,拉普拉斯,46.55,25.26904864399483,2.7270053952946136,2.9639460296394518,建仓后期,100.0,"位置分位25.3%（低位）, 低位放量（量比2.73）, 当日涨11.26%, MA20之上, 价升量增",2026-09-18
sh688306,均普智能制造,9.04,32.73604410751202,1.194432905024135,4.1474654377880125,建仓后期,57.14285714285714,"位置分位32.7%（中低位）, MA20之上",2026-09-18
sh688056,莱伯泰科仪器,42.29,21.689216892168915,1.2690768574553302,-1.283846872082176,建仓后期,90.9090909090909,"位置分位21.7%（低位）, 当日涨4.11%, MA20之上, 价升量增",2026-09-18
sh688786,悦安新材,28.84,18.916379580331977,1.36512101062897,3.7410071942446015,建仓后期,92.85714285714286,"位置分位18.9%（低位）, 当日涨4.87%, MA20之上, 连续3天放量, 价升量增",2026-09-18
sh600822,上海物贸,9.4,60.00000000000002,2.5401673018858584,13.253012048192767,拉升,68.42105263157895,"中位放量（量比2.54）, 20日涨13.3%, MA20之上, MA60之上, 价升量增",2026-09-18
sh601377,兴业证券,5.91,51.315789473684234,1.038477469780511,2.072538860103629,洗盘,75.0,位置分位51.3%（中位）,2026-09-18
sh603316,诚邦股份,16.69,32.35470341521871,1.2746546343522327,18.790035587188616,建仓后期,76.92307692307693,"位置分位32.4%（中低位）, 低位涨18.8%, 当日涨10.02%, MA20之上, 价升量增",2026-09-18
sh603081,大丰实业,9.35,24.177949709864606,1.0890407465959508,-0.6376195536663177,建仓后期,75.0,位置分位24.2%（低位）,2026-09-18
sh603906,龙蟠科技,18.29,10.627753303964754,0.8100977517106549,-6.921119592875316,建仓后期,66.66666666666666,位置分位10.6%（低位）,2026-09-18
sh688279,峰岹科技,209.43,57.12683347713546,0.9924189436854308,17.829413750421963,拉升,57.14285714285714,"20日大涨17.8%, MA20之上, MA60之上",2026-09-18
sh600345,长江通信,54.49,42.1759747102213,1.081532142868711,14.474789915966388,建仓后期,66.66666666666666,"位置分位42.2%（中低位）, 低位涨14.5%, MA20之上",2026-09-18
sh600638,新黄浦,4.99,30.08230452674897,2.020716115162674,2.2540983606557443,建仓后期,46.666666666666664,"位置分位30.1%（中低位）, 当日涨4.61%, MA20之上, 价升量增",2026-09-18
sh600365,ST通葡,2.83,59.139784946236574,1.0478541009899895,1.4336917562724028,洗盘,66.66666666666666,位置分位59.1%（中位）,2026-09-18
sh688171,纬德信息,23.43,9.158038034734536,1.0588652962957188,-13.222222222222225,建仓初期,100.0,"位置分位9.2%（极低位）, MA20之下（低位）, MA60之下（低位）",2026-09-18
sh688707,振华新材料,10.25,10.041841004184107,0.8076788960876683,-1.5369836695485124,建仓后期,66.66666666666666,位置分位10.0%（低位）,2026-09-18
sh601665,齐鲁银行,6.9,76.24434389140274,0.9208650588149175,5.828220858895718,出货,60.0,位置分位76.2%（中高位）,2026-09-18
sh688556,高测科技股份,7.8,5.548996458087363,1.2991024175152497,-4.059040590405916,建仓初期,78.57142857142857,"位置分位5.5%（极低位）, MA20之下（低位）, MA60之下（低位）",2026-09-18
sh603398,*ST沐邦,9.3,20.680958385876426,1.0545726882206647,-14.04805914972273,建仓后期,66.66666666666666,位置分位20.7%（低位）,2026-09-18
sh600460,士兰微,32.77,25.154320987654323,1.4485225281639524,-8.693229311786006,建仓后期,91.66666666666666,"位置分位25.2%（低位）, MA20之上, 连续3天放量, 价升量增",2026-09-18
sh600493,凤竹纺织,6.26,48.050139275766014,1.3407916130754483,2.960526315789469,建仓后期,62.5,"位置分位48.1%（中低位）, MA20之上, 价升量增",2026-09-18
sh600168,武汉控股,4.33,30.257186081694403,0.817553522928885,-2.036199095022621,建仓后期,50.0,位置分位30.3%（中低位）,2026-09-18
sh600072,中船科技,8.92,15.43116490166414,0.8276964912009641,3.1213872832369893,建仓后期,100.0,"位置分位15.4%（低位）, MA20之上",2026-09-18
sh605500,森林包装,7.37,22.5114854517611,1.152986761721502,6.043165467625898,建仓后期,100.0,"位置分位22.5%（低位）, 低位涨6.0%, MA20之上",2026-09-18
sh600977,中国电影,12.93,30.4054054054054,1.1522706452035074,8.200836820083685,建仓后期,66.66666666666666,"位置分位30.4%（中低位）, 低位涨8.2%, MA20之上",2026-09-18
sh600012,皖通高速,15.97,44.94382022471911,0.789472499876237,3.0322580645161334,洗盘,66.66666666666666,连续3天缩量,2026-09-18
sh605188,国光连锁,13.12,30.31815346225827,0.9771789868853269,6.407137064071364,建仓后期,70.0,"位置分位30.3%（中低位）, 低位涨6.4%, 当日涨9.97%",2026-09-18
sh603131,上海沪工,13.89,9.382329945269749,1.0285032254397681,-4.0082930200414655,建仓初期,100.0,"位置分位9.4%（极低位）, MA20之下（低位）, MA60之下（低位）",2026-09-18
sh688588,凌志软件,8.78,12.880562060889906,1.1891001297389956,-7.481559536354066,建仓后期,66.66666666666666,位置分位12.9%（低位）,2026-09-18
sh600373,中文传媒,7.38,42.21105527638191,1.2549108881110669,6.034482758620689,建仓后期,66.66666666666666,"位置分位42.2%（中低位）, 低位涨6.0%, MA20之上",2026-09-18
sh603858,步长制药,14.53,22.727272727272705,1.5638931736382058,-6.378865979381445,建仓后期,78.57142857142857,"位置分位22.7%（低位）, 低位放量（量比1.56）",2026-09-18
sh600660,福耀玻璃,53.68,49.31836407377706,1.2874006468593278,-5.426356589147284,建仓后期,50.0,位置分位49.3%（中低位）,2026-09-18
sh600114,东睦股份,28.08,18.92907468294973,0.9427295174843954,-6.772908366533874,建仓后期,66.66666666666666,位置分位18.9%（低位）,2026-09-18
sh601966,玲珑轮胎,10.42,10.966875559534472,1.147309531459676,-4.403669724770646,建仓后期,66.66666666666666,位置分位11.0%（低位）,2026-09-18
sh600601,方正科技,14.5,81.05849582172702,1.0382158275714533,16.37239165329052,拉升,57.14285714285714,"20日大涨16.4%, MA20之上, MA60之上",2026-09-18
sh600809,山西汾酒,112.7,33.69283865401209,1.071319058947925,-3.303303303303298,建仓后期,50.0,位置分位33.7%（中低位）,2026-09-18
sh688466,金科环境,13.46,28.326828654160902,0.8833743841904171,-3.2350826743350054,建仓后期,75.0,位置分位28.3%（低位）,2026-09-18
sh603282,亚光科技股份,16.14,38.86888371107817,0.9447260057016154,3.3952594490711157,建仓后期,50.0,位置分位38.9%（中低位）,2026-09-18
sh603341,龙旗科技,35.47,15.311941441824828,0.944847827230011,-4.880665057656209,建仓后期,66.66666666666666,位置分位15.3%（低位）,2026-09-18
sh600339,中油工程,3.3,15.982951518380387,0.8479119541707911,-2.3668639053254457,建仓后期,66.66666666666666,位置分位16.0%（低位）,2026-09-18
sh601375,中原证券,3.98,51.228070175438575,1.1674354512237501,-0.25062656641604586,洗盘,100.0,位置分位51.2%（中位）,2026-09-18
sh688222,成都先导,39.97,89.48285880302149,1.5709601041465187,10.536504424778768,出货,59.25925925925925,"位置分位89.5%（极高位）, 高位放量（量比1.57）, 高位连续放量",2026-09-18
sh603352,至信股份,25.7,15.019505851755516,1.9217162123658464,-0.8104978772674677,建仓后期,92.85714285714286,"位置分位15.0%（低位）, 低位放量（量比1.92）, MA20之上, 价升量增",2026-09-18
sh600959,江苏有线,3.12,22.176870748299322,1.1557889297187531,4.0000000000000036,建仓后期,100.0,"位置分位22.2%（低位）, MA20之上",2026-09-18
sh688009,中国通号,4.67,10.000000000000025,0.794273553137303,-4.49897750511247,建仓初期,50.0,"MA20之下（低位）, MA60之下（低位）, 连续3天缩量",2026-09-18
sh603789,ST星农,5.97,36.19402985074626,0.9694719976516921,-2.291325695581024,建仓后期,50.0,位置分位36.2%（中低位）,2026-09-18
sh600406,国电南瑞,22.05,11.70717249555423,0.9624436938363703,-4.8338368580060465,建仓后期,66.66666666666666,位置分位11.7%（低位）,2026-09-18
sh603262,技源集团,18.2,10.45436268596702,0.646927641272749,2.999434069043563,建仓初期,57.14285714285714,"低位缩量（量比0.65）, MA20之下（低位）, MA60之下（低位）",2026-09-18
sh603214,爱婴室,13.14,29.763070295672627,0.7221742657233455,-4.8515568428674865,建仓初期,50.0,"MA20之下（低位）, MA60之下（低位）, 连续3天缩量",2026-09-18
sh688105,诺唯赞生物,21.79,60.50305914343982,1.4824315116559612,-10.107260726072605,拉升,57.14285714285714,"当日大涨3.07%, MA20之上, MA60之上, 价升量增",2026-09-18
sh688690,纳微科技,47.2,96.62333277055546,1.5437585164869712,8.755760368663605,出货,54.166666666666664,"位置分位96.6%（极高位）, 高位放量（量比1.54）",2026-09-18
sh600971,恒源煤电,8.34,58.333333333333314,0.9458313699062791,-4.137931034482753,洗盘,85.71428571428571,位置分位58.3%（中位）,2026-09-18
sh603609,禾丰股份,6.32,47.50000000000003,0.7849063700599125,0.9584664536741293,建仓后期,50.0,位置分位47.5%（中低位）,2026-09-18
sh603912,佳力图,8.7,42.4793388429752,1.651848582478653,2.594339622641496,建仓后期,42.857142857142854,"位置分位42.5%（中低位）, 当日涨4.44%, 价升量增",2026-09-18
sh601169,北京银行,5.54,86.33879781420762,0.8524641761032651,8.840864440078589,出货,57.14285714285714,位置分位86.3%（极高位）,2026-09-18
sh600518,康美药业,1.35,26.027397260274,0.7953724463544486,-0.7352941176470594,建仓后期,66.66666666666666,位置分位26.0%（低位）,2026-09-18
sh688807,优迅芯片股份,369.9,52.81904761904761,1.4082574021565955,15.91977436540268,拉升,68.42105263157895,"20日大涨15.9%, 当日大涨7.72%, MA20之上, MA60之上, 价升量增",2026-09-18
sh600179,安通控股,4.55,51.807228915662606,0.9623874781965297,3.8812785388127837,洗盘,85.71428571428571,位置分位51.8%（中位）,2026-09-18
sh600834,申通地铁,7.57,47.665198237885484,1.1501781888024158,2.853260869565217,建仓后期,50.0,位置分位47.7%（中低位）,2026-09-18
sh603045,福达合金,52.07,36.03976308818716,1.6008150579777076,-9.032145352900073,拉升,53.333333333333336,"中位放量（量比1.60）, 连续3天放量",2026-09-18
sh600388,紫金龙净,17.45,58.46153846153847,1.0986364981310726,-1.579244218838134,洗盘,85.71428571428571,位置分位58.5%（中位）,2026-09-18
sh600158,中体产业,7.06,10.103329506314578,0.9726568859784005,2.7656477438136755,建仓后期,75.0,位置分位10.1%（低位）,2026-09-18
sh600665,天地源,3.39,49.35897435897437,1.0978411119663734,-1.453488372093018,建仓后期,50.0,位置分位49.4%（中低位）,2026-09-18
sh600838,上海九百,8.59,52.20843672456576,1.4393484617175978,15.768194070080863,拉升,68.42105263157895,"20日大涨15.8%, 当日大涨9.99%, MA20之上, MA60之上, 价升量增",2026-09-18
sh603583,捷昌驱动,26.79,45.625,0.9143460528102567,15.623651273198089,建仓后期,70.0,"位置分位45.6%（中低位）, 低位涨15.6%, MA20之上",2026-09-18
sh600889,*ST京化,13.31,11.6504854368932,0.8309349089869437,0.30143180105501827,建仓后期,66.66666666666666,位置分位11.7%（低位）,2026-09-18
sh688289,圣湘生物,16.04,48.520492556515315,1.6658430992105204,1.647655259822559,建仓后期,38.46153846153847,"位置分位48.5%（中低位）, MA20之上, 价升量增",2026-09-18
sh600833,第一医药,10.44,39.85148514851485,1.5486980667470005,-1.3232514177693815,拉升,41.66666666666667,中位放量（量比1.55）,2026-09-18
sh601163,三角轮胎,12.39,15.884476534296068,0.9425802834948346,-2.7472527472527446,建仓后期,66.66666666666666,位置分位15.9%（低位）,2026-09-18
sh688181,八亿时空液晶股份,45.45,42.43139809461771,0.8535367629983901,17.38119834710745,建仓后期,70.0,"位置分位42.4%（中低位）, 低位涨17.4%, MA20之上",2026-09-18
sh603187,海容冷链,10.73,4.545454545454553,0.9640642348417148,-2.1877848678213327,建仓初期,100.0,"位置分位4.5%（极低位）, MA20之下（低位）, MA60之下（低位）",2026-09-18
sh605300,佳禾食品,9.96,51.2345679012346,0.8601824817518248,3.9665970772442667,洗盘,85.71428571428571,位置分位51.2%（中位）,2026-09-18
sh688116,天奈科技,34.15,25.745508427486563,0.8187978248798577,6.055900621117999,建仓后期,100.0,"位置分位25.7%（低位）, 低位涨6.1%, MA20之上",2026-09-18
sh601958,金钼股份,20.45,19.158527422990236,1.4684337034190689,-6.791248860528723,建仓后期,70.0,"位置分位19.2%（低位）, 价升量增",2026-09-18
sh688371,菲沃泰纳米科技,26.27,26.15293847717067,1.0756679275954213,-5.842293906810032,建仓后期,72.72727272727273,"位置分位26.2%（低位）, 当日涨3.83%",2026-09-18
sh600571,信雅达,10.38,28.361702127659584,1.051573937280674,0.2898550724637791,建仓后期,75.0,位置分位28.4%（低位）,2026-09-18
sh688499,广东利元亨,35.8,18.44903064415259,0.8268825834757206,1.9943019943019822,建仓后期,87.5,"位置分位18.4%（低位）, MA20之上",2026-09-18
sh600905,三峡能源,3.65,5.189873417721509,0.871283640283142,-1.084010840108402,建仓初期,100.0,"位置分位5.2%（极低位）, MA20之下（低位）, MA60之下（低位）",2026-09-18
sh688126,上海硅产业集团,24.41,28.61335289801908,1.1567097697341315,-0.8932196508323137,建仓后期,90.0,"位置分位28.6%（低位）, 当日涨3.08%, MA20之上",2026-09-18
sh600273,嘉化能源,6.34,1.349983125210936,0.7495640306315869,-5.934718100890213,建仓初期,100.0,"位置分位1.3%（极低位）, MA20之下（低位）, MA60之下（低位）",2026-09-18
sh600595,中孚实业,6.1,20.512820512820507,1.2923691734729696,-1.4539579967689942,建仓后期,70.0,"位置分位20.5%（低位）, 价升量增",2026-09-18
sh603127,昭衍新药,45.76,60.94488188976377,1.6765417212879166,-7.12401055408972,拉升,68.42105263157895,"中位放量（量比1.68）, 当日大涨3.72%, MA20之上, MA60之上, 价升量增",2026-09-18
sh600714,金瑞矿业,17.5,28.052655469813885,0.9146153375215454,11.964171465131153,建仓后期,80.0,"位置分位28.1%（低位）, 低位涨12.0%",2026-09-18
sh603363,傲农生物,2.89,15.934065934065938,0.8112071091542253,0.0,建仓后期,66.66666666666666,位置分位15.9%（低位）,2026-09-18
sh601615,明阳智能,9.74,5.982823506706561,0.8933754042382638,-11.050228310502275,建仓初期,100.0,"位置分位6.0%（极低位）, MA20之下（低位）, MA60之下（低位）",2026-09-18
sh605169,洪通燃气,12.8,83.7330135891287,0.8748473976630042,15.627822944896119,拉升,57.14285714285714,"20日大涨15.6%, MA20之上, MA60之上",2026-09-18
sh603529,爱玛科技,21.43,19.95114006514659,0.7240878647370146,0.7522331922896104,建仓后期,60.0,位置分位20.0%（低位）,2026-09-18
sh688087,英科再生,33.26,13.97649969078539,0.7939739509568099,-17.28425764735141,建仓初期,57.14285714285714,"低位跌-17.3%, MA20之下（低位）, MA60之下（低位）, 价跌量缩",2026-09-18
sh600600,青岛啤酒,50.06,13.76863023420869,1.3432981395235426,-1.4954742227469462,建仓后期,66.66666666666666,位置分位13.8%（低位）,2026-09-18
sh601096,宏盛华源铁塔集团,4.11,6.948493683187571,0.9009934737496367,0.5627599706386244,建仓初期,100.0,"位置分位6.9%（极低位）, MA20之下（低位）, MA60之下（低位）",2026-09-18
sh688146,中船派瑞特气,239.2,52.792765044501564,1.297085955238676,-9.080542780037245,拉升,53.84615384615385,"当日大涨5.89%, MA20之上, 价升量增",2026-09-18
sh603860,中公高科,25.16,28.27740492170023,0.9371252498334444,-4.152380952380952,建仓后期,66.66666666666666,位置分位28.3%（低位）,2026-09-18
sh605338,巴比食品,17.41,9.090909090909104,1.3645364984867543,-7.294994675186374,建仓初期,91.66666666666666,"位置分位9.1%（极低位）, MA20之下（低位）, MA60之下（低位）",2026-09-18
sh603955,大千生态,23.29,58.283261802575105,0.8698324215774531,24.213333333333328,拉升,57.14285714285714,"20日大涨24.2%, MA20之上, MA60之上",2026-09-18
sh603329,上海雅仕,9.87,38.135048231511234,1.0804265661082328,-5.459770114942532,建仓后期,50.0,位置分位38.1%（中低位）,2026-09-18
sh603121,华培动力,12.34,20.535068691250906,1.022979654955167,0.08110300081102828,建仓后期,75.0,位置分位20.5%（低位）,2026-09-18
sh600604,市北高新,4.61,35.1219512195122,1.2373672567090384,2.672605790645882,建仓后期,57.14285714285714,"位置分位35.1%（中低位）, 价升量增",2026-09-18
sh688271,联影医疗,101.0,15.519219736087203,1.1291420755909083,-4.599981108907154,建仓后期,66.66666666666666,位置分位15.5%（低位）,2026-09-18
sh603233,大参林,18.38,71.25,1.704052523141762,4.077010192525475,出货,68.75,"位置分位71.2%（中高位）, 高位放量（量比1.70）",2026-09-18
sh603028,赛福天,6.75,26.813186813186807,0.7898173074710659,-3.708987161198285,建仓后期,60.0,位置分位26.8%（低位）,2026-09-18
sh603120,肯特催化,59.21,83.59464627151053,1.4633374344627608,22.79137287432601,拉升,59.09090909090909,"20日大涨22.8%, 当日大涨9.99%, MA20之上, MA60之上, 价升量增",2026-09-18
sh600901,江苏金租,6.7,73.9130434782609,0.9897710911952142,2.4464831804281366,出货,66.66666666666666,位置分位73.9%（中高位）,2026-09-18
sh603867,新化股份,32.5,44.461459928534964,2.070523035518255,16.071428571428573,建仓后期,55.55555555555556,"位置分位44.5%（中低位）, 低位涨16.1%, 当日涨7.12%, MA20之上, 价升量增",2026-09-18
sh600673,东阳光,32.12,37.80487804878048,1.3716772843854528,-4.801422643746308,建仓后期,62.5,"位置分位37.8%（中低位）, MA20之上, 价升量增",2026-09-18
sh603205,健尔康,22.0,22.98959318826868,1.8887016878360792,2.2780102278010155,建仓后期,87.5,"位置分位23.0%（低位）, 低位放量（量比1.89）, 连续3天放量",2026-09-18
sh600628,新世界,6.23,37.98882681564249,1.2925661526532064,1.7973856209150378,建仓后期,50.0,位置分位38.0%（中低位）,2026-09-18
sh688336,三生国健,40.48,16.021847974510685,1.125603531415613,-15.04721930745016,建仓初期,50.0,"低位跌-15.0%, MA20之下（低位）, MA60之下（低位）",2026-09-18
sh688638,誉辰智能,32.47,35.56723609286026,0.8066218519053772,-3.2479141835518575,建仓后期,50.0,位置分位35.6%（中低位）,2026-09-18
sh600216,浙江医药,12.55,31.8549747048904,1.0802528268281693,-5.1398337112622805,建仓后期,50.0,位置分位31.9%（中低位）,2026-09-18
sh603936,博敏电子,21.34,51.840168243953734,0.5378968997557539,21.24999999999999,洗盘,63.63636363636363,"位置分位51.8%（中位）, 中位缩量（量比0.54）, 连续3天缩量",2026-09-18
sh600993,马应龙,22.67,41.108986615678816,1.0507344294385321,-1.4776184267709684,建仓后期,50.0,位置分位41.1%（中低位）,2026-09-18
sh600126,杭钢股份,6.18,11.898512685914255,1.176255806361664,-8.849557522123902,建仓后期,66.66666666666666,位置分位11.9%（低位）,2026-09-18
sh600888,新疆众和,9.97,23.854166666666675,1.264282628306112,-2.7317073170731643,建仓后期,70.0,"位置分位23.9%（低位）, 价升量增",2026-09-18
sh601880,辽港股份,1.47,37.567567567567565,0.843816148766737,1.3793103448275874,建仓后期,57.14285714285714,"位置分位37.6%（中低位）, MA20之上",2026-09-18
sh600685,中船防务,28.78,51.00849256900211,0.911232422596366,12.465806955842131,洗盘,50.0,位置分位51.0%（中位）,2026-09-18
sh688312,燕麦科技,51.6,20.47781569965871,0.8079801849747833,3.7811745776347596,建仓后期,87.5,"位置分位20.5%（低位）, MA20之上",2026-09-18
sh600377,宁沪高速,12.66,87.04663212435233,1.0422630087606979,6.20805369127517,出货,57.14285714285714,位置分位87.0%（极高位）,2026-09-18
sh603687,大胜达,16.07,46.29981024667932,1.1601517262044558,19.925373134328357,建仓后期,75.0,"位置分位46.3%（中低位）, 低位涨19.9%, 当日涨3.88%, MA20之上",2026-09-18
sh603823,百合花,55.4,52.15891670924885,1.228946114371482,-28.745980707395503,洗盘,66.66666666666666,位置分位52.2%（中位）,2026-09-18
sh688172,燕东微电子股份,46.91,19.966567607726596,1.3668781703065718,-15.705300988319859,建仓后期,60.0,"位置分位20.0%（低位）, 当日涨5.01%, 价升量增",2026-09-18
sh603048,浙江黎明,24.33,93.59605911330047,1.7882295486480002,13.479477611940283,出货,54.166666666666664,"位置分位93.6%（极高位）, 高位放量（量比1.79）",2026-09-18
sh601658,邮储银行,5.33,70.37037037037035,0.9564216865920091,7.028112449799188,拉升,50.0,"20日涨7.0%, MA20之上, MA60之上",2026-09-18
sh600438,通威股份,11.35,12.103407755581664,1.2257829937663145,-8.688656476267097,建仓后期,70.0,"位置分位12.1%（低位）, 价升量增",2026-09-18
sh688609,广东九联科技,9.55,31.095406360424043,0.9870574780670892,6.584821428571426,建仓后期,66.66666666666666,"位置分位31.1%（中低位）, 低位涨6.6%, MA20之上",2026-09-18
sh603665,康隆达,21.26,13.532269257460117,0.8973868096104145,1.6252390057361368,建仓后期,66.66666666666666,位置分位13.5%（低位）,2026-09-18
sh688068,热景生物,88.26,20.48375950241881,1.144117951279477,-17.11897830782232,建仓初期,50.0,"低位跌-17.1%, MA20之下（低位）, MA60之下（低位）",2026-09-18
sh601702,华峰铝业,15.07,19.18528252299607,1.008805056447766,-5.9300873907615435,建仓后期,66.66666666666666,位置分位19.2%（低位）,2026-09-18
sh688501,青岛达能环保,15.4,55.838523131672616,1.6675176105274612,15.963855421686754,拉升,75.0,"中位放量（量比1.67）, 20日大涨16.0%, 当日大涨5.84%, MA20之上, MA60之上, 价升量增",2026-09-18
sh600135,乐凯胶片,7.91,26.35542168674699,1.5379976558660062,8.060109289617484,建仓后期,100.0,"位置分位26.4%（低位）, 低位放量（量比1.54）, 低位涨8.1%, MA20之上, 连续3天放量, 价升量增",2026-09-18
sh688161,威高骨科,21.34,12.346688470973026,0.8236038448280614,-3.351449275362312,建仓后期,66.66666666666666,位置分位12.3%（低位）,2026-09-18
sh600433,冠豪高新,3.31,12.393162393162394,1.1183271619223945,0.6079027355623106,建仓后期,75.0,位置分位12.4%（低位）,2026-09-18
sh601677,明泰铝业,16.91,44.06614785992218,1.3219754899205916,1.7448856799037251,建仓后期,62.5,"位置分位44.1%（中低位）, MA20之上, 价升量增",2026-09-18
sh688708,佳驰科技,40.15,9.57076566125289,1.2694115716180585,-5.082742316784867,建仓初期,100.0,"位置分位9.6%（极低位）, MA20之下（低位）, MA60之下（低位）",2026-09-18
sh603156,养元饮品,44.5,55.50189720593308,1.2023773239865896,-16.085234772770132,洗盘,42.857142857142854,位置分位55.5%（中位）,2026-09-18
sh601088,中国神华,46.23,68.51405622489958,0.9123780767909945,-0.3878474466709755,洗盘,85.71428571428571,位置分位68.5%（中位）,2026-09-18
sh601963,重庆银行,10.9,53.38345864661653,1.042617447726691,-1.7132551848512128,洗盘,85.71428571428571,位置分位53.4%（中位）,2026-09-18
sh688159,有方科技,36.53,20.985284708893154,0.9934536322820541,12.92117465224111,建仓后期,100.0,"位置分位21.0%（低位）, 低位涨12.9%, MA20之上",2026-09-18
sh603027,千禾味业,7.28,18.29268292682928,1.2025380022397092,0.8310249307479294,建仓后期,70.0,"位置分位18.3%（低位）, 价升量增",2026-09-18
sh603815,交建股份,5.19,10.726643598615935,0.8748552612534376,-0.1923076923076882,建仓后期,66.66666666666666,位置分位10.7%（低位）,2026-09-18
sh600512,腾达建设,2.06,24.691358024691358,1.11786555292994,1.980198019801982,建仓后期,75.0,位置分位24.7%（低位）,2026-09-18
sh603192,汇得科技,20.16,49.369482976040345,0.9274024339068401,0.7748062984253994,建仓后期,50.0,位置分位49.4%（中低位）,2026-09-18
sh600648,外高桥,9.44,65.38461538461537,1.0901222972904736,5.005561735261393,洗盘,50.0,位置分位65.4%（中位）,2026-09-18
sh605100,华丰股份,33.81,53.35480407944178,0.9763808957182031,2.206771463119722,洗盘,66.66666666666666,位置分位53.4%（中位）,2026-09-18
sh605117,德业股份,84.63,14.467826790772948,1.041167378590367,-12.027027027027035,建仓后期,66.66666666666666,位置分位14.5%（低位）,2026-09-18
sh600362,江西铜业,44.03,38.39859731151374,0.8989420171832655,-3.990405582206712,建仓后期,50.0,位置分位38.4%（中低位）,2026-09-18
sh601515,衢州东峰,3.29,15.111111111111105,0.8849459639283058,-2.0833333333333286,建仓后期,66.66666666666666,位置分位15.1%（低位）,2026-09-18
sh600558,大西洋,4.76,28.08219178082193,1.369627918857362,-0.4184100418410139,建仓后期,77.77777777777779,"位置分位28.1%（低位）, 价升量增",2026-09-18
sh601020,华钰矿业,21.44,26.029091337377082,0.8052806037025816,-3.1616982836495,建仓后期,75.0,位置分位26.0%（低位）,2026-09-18
sh600861,北京人力,12.7,26.507979442791424,1.2695282682815126,-1.5503875968992331,建仓后期,70.0,"位置分位26.5%（低位）, 价升量增",2026-09-18
sh605089,味知香,20.45,25.036496350364963,0.8129785509930709,2.2499999999999964,建仓后期,75.0,位置分位25.0%（低位）,2026-09-18
sh601233,桐昆股份,23.81,59.68045112781952,1.225409742232805,-3.6422501011736226,洗盘,66.66666666666666,位置分位59.7%（中位）,2026-09-18
sh605319,无锡振华,22.57,27.6595744680851,0.6844853471368308,-6.464981351015328,建仓初期,64.70588235294117,"低位缩量（量比0.68）, MA20之下（低位）, MA60之下（低位）, 连续3天缩量",2026-09-18
sh688432,有研硅,56.82,91.67804980561101,1.03533153314364,45.95427690726946,拉升,57.89473684210527,"20日大涨46.0%, 当日大涨3.31%, MA20之上, MA60之上",2026-09-18
sh603173,福斯达深冷,29.39,11.22923588039868,1.1039735834397024,-6.579783852511126,建仓后期,72.72727272727273,"位置分位11.2%（低位）, 当日涨3.09%",2026-09-18
sh688589,力合微电子,20.65,52.206673842841745,1.4061055783841416,3.768844221105528,拉升,57.14285714285714,"当日大涨3.10%, MA20之上, MA60之上, 价升量增",2026-09-18
sh603408,建霖家居,11.92,86.19528619528619,0.8910801845976348,15.840621963070953,拉升,50.0,"20日大涨15.8%, MA20之上, MA60之上",2026-09-18
sh603918,金桥信息,10.72,33.398437500000014,2.537119924597987,5.098039215686288,建仓后期,42.857142857142854,"位置分位33.4%（中低位）, 低位涨5.1%, 价升量增",2026-09-18
sh603839,安正时尚,6.6,36.39575971731446,0.8988773732949352,-6.7796610169491585,建仓后期,50.0,位置分位36.4%（中低位）,2026-09-18
sh603966,法兰泰克,7.32,6.878557874762809,0.6352744497074394,-5.791505791505783,建仓初期,100.0,"位置分位6.9%（极低位）, 低位缩量（量比0.64）, MA20之下（低位）, MA60之下（低位）, 连续3天缩量",2026-09-18
sh603893,瑞芯微,190.04,50.522162914829416,1.5623494344351716,5.2211948397098595,拉升,71.42857142857143,"中位放量（量比1.56）, 20日涨5.2%, 当日大涨4.87%, MA20之上, 价升量增",2026-09-18
sh600535,天士力,13.86,28.74251497005987,1.151878807387793,-7.414829659318645,建仓后期,66.66666666666666,位置分位28.7%（低位）,2026-09-18
sh600546,山煤国际,13.39,59.73630831643003,1.1206531748753135,1.3626040878122612,洗盘,85.71428571428571,位置分位59.7%（中位）,2026-09-18
sh688505,复旦张江股份,7.73,45.634920634920654,1.7262899749026062,-10.532407407407408,拉升,41.66666666666667,中位放量（量比1.73）,2026-09-18
sh601118,海南橡胶,6.15,43.97759103641457,0.8106287940131993,0.0,建仓后期,50.0,位置分位44.0%（中低位）,2026-09-18
sh605266,健之佳,15.26,17.44305356043504,0.9810604514469978,-7.683000604960685,建仓后期,66.66666666666666,位置分位17.4%（低位）,2026-09-18
sh688622,*ST禾信仪器,130.24,79.74583002382846,1.0948601711284276,24.99040307101728,拉升,64.70588235294117,"20日大涨25.0%, 当日大涨6.60%, MA20之上, MA60之上",2026-09-18
sh688523,航天环宇科技,41.67,8.531783236452286,1.4065924146373523,-0.856531049250534,建仓初期,69.23076923076923,"位置分位8.5%（极低位）, MA60之下（低位）",2026-09-18
sh688575,亚辉龙生物,9.74,20.26342451874367,1.5299996143629389,1.989528795811513,建仓后期,85.71428571428571,"位置分位20.3%（低位）, 低位放量（量比1.53）, 价升量增",2026-09-18
sh600777,新潮能源,4.07,6.772908366533879,0.9489891086838936,-0.9732360097323608,建仓初期,100.0,"位置分位6.8%（极低位）, MA20之下（低位）, MA60之下（低位）",2026-09-18
sh600824,益民集团,3.64,46.19289340101524,1.0637980424922415,2.5352112676056424,建仓后期,50.0,位置分位46.2%（中低位）,2026-09-18
sh603829,洛凯股份,15.57,16.2280701754386,0.9150826652728992,2.908129543952409,建仓后期,75.0,位置分位16.2%（低位）,2026-09-18
sh603721,中广天择,18.24,32.22390317700452,1.131113910964657,1.0526315789473557,建仓后期,50.0,位置分位32.2%（中低位）,2026-09-18
sh600155,华创云信,5.98,62.015503875969046,1.4749170656210864,4.000000000000008,洗盘,66.66666666666666,位置分位62.0%（中位）,2026-09-18
sh600582,天地科技,4.89,51.14503816793891,0.7723684180598634,2.515723270440254,洗盘,75.0,"位置分位51.1%（中位）, 连续3天缩量",2026-09-18
sh688083,中望软件,51.18,31.150793650793656,1.0337417151714803,-4.7459519821328815,建仓后期,50.0,位置分位31.2%（中低位）,2026-09-18
sh601939,建设银行,10.81,81.91993112354714,1.017263433833017,2.6590693257360036,出货,85.71428571428571,位置分位81.9%（中高位）,2026-09-18
sh688613,奥精医疗,18.02,55.48317046688381,2.119504147252239,16.634304207119744,拉升,75.0,"中位放量（量比2.12）, 20日大涨16.6%, 当日大涨7.20%, MA20之上, MA60之上, 价升量增",2026-09-18
sh603248,锡华科技,24.57,50.0,1.8057485911359414,35.67090005521812,拉升,38.095238095238095,"中位放量（量比1.81）, 连续3天放量",2026-09-18
sh688265,南方模式生物,44.78,65.56076451496574,2.068533405112683,5.862884160756511,拉升,72.72727272727273,"中位放量（量比2.07）, 20日涨5.9%, 当日大涨9.84%, MA20之上, MA60之上, 价升量增",2026-09-18
sh605259,绿田机械,17.33,15.482695810564628,0.6933566755735742,-1.8130311614730894,建仓初期,62.5,"低位缩量（量比0.69）, MA20之下（低位）, MA60之下（低位）, 价跌量缩",2026-09-18
sh600576,祥源文旅,5.39,13.286713286713256,0.7805684600357243,-1.1009174311926697,建仓初期,57.14285714285714,"MA20之下（低位）, MA60之下（低位）, 连续3天缩量, 价跌量缩",2026-09-18
sh688335,复洁科技,18.18,8.14952176459105,0.9904653439408236,-8.872180451127818,建仓初期,100.0,"位置分位8.1%（极低位）, MA20之下（低位）, MA60之下（低位）",2026-09-18
sh603200,上海洗霸,40.13,21.100500227376084,0.7210035535843108,12.819791959516452,建仓后期,80.0,"位置分位21.1%（低位）, 低位涨12.8%",2026-09-18
sh603489,八方股份,28.94,34.45714285714287,0.873465834288869,4.627621113521334,建仓后期,57.14285714285714,"位置分位34.5%（中低位）, MA20之上",2026-09-18
sh600217,中再资环,3.23,40.0,0.8211452618510776,3.1948881789137404,建仓后期,50.0,位置分位40.0%（中低位）,2026-09-18
sh600771,广誉远,13.72,22.280701754385994,1.1579855565856205,2.083333333333342,建仓后期,87.5,"位置分位22.3%（低位）, MA20之上",2026-09-18
sh601921,浙版传媒,7.36,54.777070063694275,1.096850237070949,1.7980636237897634,洗盘,85.71428571428571,位置分位54.8%（中位）,2026-09-18
sh603601,再升科技,10.21,20.108043217286916,0.8956723592847927,14.078212290502812,建仓后期,100.0,"位置分位20.1%（低位）, 低位涨14.1%, MA20之上",2026-09-18
sh603680,今创集团,10.57,27.089783281733748,2.696460496351818,3.323558162267838,建仓后期,100.0,"位置分位27.1%（低位）, 低位放量（量比2.70）, 当日涨5.07%, MA20之上, 价升量增",2026-09-18
sh603310,巍华新材,14.83,22.282608695652172,0.8905347102160335,0.884353741496604,建仓后期,100.0,"位置分位22.3%（低位）, MA20之上",2026-09-18
sh600794,保税科技,3.21,40.625000000000014,0.8302158141579951,1.9047619047619067,建仓后期,50.0,位置分位40.6%（中低位）,2026-09-18
sh688478,晶升股份,48.11,30.099878934624698,1.1256106500951484,-3.7029623698959195,建仓后期,57.14285714285714,"位置分位30.1%（中低位）, MA20之上",2026-09-18
sh600756,浪潮软件,13.72,26.66666666666668,1.0225932346957354,-3.5839775122979605,建仓后期,66.66666666666666,位置分位26.7%（低位）,2026-09-18
sh600789,鲁抗医药,7.58,48.11715481171549,1.2641450937839096,3.4106412005457027,建仓后期,62.5,"位置分位48.1%（中低位）, MA20之上, 价升量增",2026-09-18
sh688299,长阳科技,13.12,22.75334608030592,1.1427168186236782,1.6266460108442995,建仓后期,100.0,"位置分位22.8%（低位）, MA20之上",2026-09-18
sh688484,南芯科技,34.93,17.54703328509407,1.3758961903997593,-3.2677928551647737,建仓后期,90.9090909090909,"位置分位17.5%（低位）, 当日涨5.37%, MA20之上, 价升量增",2026-09-18
sh603071,物产环能,12.32,36.138613861386155,0.9005039866779888,-1.123595505617982,建仓后期,50.0,位置分位36.1%（中低位）,2026-09-18
sh688616,西力科技,10.55,26.876737720111237,0.7120607443500937,-3.0330882352941178,建仓后期,75.0,位置分位26.9%（低位）,2026-09-18
sh688358,祥生医疗科技,27.77,20.236336779911362,1.0647391378521374,-4.241379310344829,建仓后期,66.66666666666666,位置分位20.2%（低位）,2026-09-18
sh688310,迈得医疗,15.47,51.55615696887686,1.7696836611815716,-1.4649681528662335,拉升,68.42105263157895,"中位放量（量比1.77）, 当日大涨3.27%, MA20之上, MA60之上, 价升量增",2026-09-18
sh688267,中触媒股份,21.82,52.498738011105495,1.4689815908425377,16.997319034852556,拉升,68.42105263157895,"20日大涨17.0%, 当日大涨3.81%, MA20之上, MA60之上, 价升量增",2026-09-18
sh605196,华通线缆,31.47,30.226182316655244,0.47048332744074034,-10.596590909090919,洗盘,72.72727272727273,中位缩量（量比0.47）,2026-09-18
sh600371,万向德农,15.4,87.45283018867923,1.2723796346923684,98.96640826873386,拉升,50.0,"20日大涨99.0%, MA20之上, MA60之上",2026-09-18
sh688485,九州一轨环科,113.0,100.0,1.122603388700133,35.9480269489894,拉升,57.89473684210527,"20日大涨35.9%, 当日大涨4.15%, MA20之上, MA60之上",2026-09-18
sh688229,博睿宏远数据,61.33,7.371048252911813,1.216057504579166,-7.760565498571209,建仓初期,91.66666666666666,"位置分位7.4%（极低位）, MA20之下（低位）, MA60之下（低位）",2026-09-18
sh605376,博迁新材,139.12,24.396344396344393,0.9235144329806282,-9.544863459037716,建仓后期,66.66666666666666,位置分位24.4%（低位）,2026-09-18
sh603163,圣晖系统集成集团,84.37,20.019876325088344,1.2132342720524867,2.777439395785115,建仓后期,90.9090909090909,"位置分位20.0%（低位）, 当日涨3.78%, MA20之上, 价升量增",2026-09-18
sh603337,杰克科技,36.67,15.153906866614061,0.9851860242662237,-3.2453825857519707,建仓后期,66.66666666666666,位置分位15.2%（低位）,2026-09-18
sh603969,银龙股份,7.62,27.8409090909091,1.043751037246023,4.383561643835621,建仓后期,75.0,位置分位27.8%（低位）,2026-09-18
sh605333,沪光股份,16.38,7.598253275109163,1.0675068290400165,-6.772908366533873,建仓初期,100.0,"位置分位7.6%（极低位）, MA20之下（低位）, MA60之下（低位）",2026-09-18
sh601928,凤凰传媒,8.25,4.000000000000034,1.0635921160035566,-6.143344709897602,建仓初期,100.0,"位置分位4.0%（极低位）, MA20之下（低位）, MA60之下（低位）",2026-09-18
sh605020,永和股份,32.22,33.35699077359829,1.0683817389784651,-0.34024126198577,建仓后期,50.0,位置分位33.4%（中低位）,2026-09-18
sh603001,奥康国际,10.43,57.69669327251995,2.120815356574303,26.424242424242422,拉升,75.0,"中位放量（量比2.12）, 20日大涨26.4%, 当日大涨10.02%, MA20之上, MA60之上, 价升量增",2026-09-18
sh688612,威迈斯,36.5,70.44854881266492,0.8649146124665525,10.006027727546716,拉升,50.0,"20日涨10.0%, MA20之上, MA60之上",2026-09-18
sh600679,上海凤凰,10.28,49.812834224598916,2.265690019419133,9.478168264110742,建仓后期,52.94117647058824,"位置分位49.8%（中低位）, 低位涨9.5%, 当日涨3.01%, MA20之上, 价升量增",2026-09-18
sh601600,中国铝业,9.35,33.80761523046091,1.0070089977225434,-0.743099787685778,建仓后期,50.0,位置分位33.8%（中低位）,2026-09-18
sh688345,博力威,50.39,46.72077922077923,0.8496459828259142,-5.848281016442456,建仓后期,50.0,位置分位46.7%（中低位）,2026-09-18
sh603689,皖天然气,7.62,50.0,0.8701861490346331,0.3952569169960507,洗盘,100.0,位置分位50.0%（中位）,2026-09-18
sh688198,佰仁医疗科技,72.61,14.392571575960792,0.7069582394881109,-7.503184713375798,建仓后期,87.5,"位置分位14.4%（低位）, MA20之上",2026-09-18
sh688026,洁特生物股份,21.02,82.469384331488,1.0047644031752763,27.62598664238009,拉升,57.14285714285714,"20日大涨27.6%, MA20之上, MA60之上",2026-09-18
sh603058,永吉股份,8.76,28.135593220338983,1.1038799578678362,-2.0134228187919434,建仓后期,66.66666666666666,位置分位28.1%（低位）,2026-09-18
sh688078,龙软科技,28.96,83.51063829787235,1.8599740510644256,24.13201885983713,拉升,54.166666666666664,"20日大涨24.1%, 当日大涨3.72%, MA20之上, MA60之上, 价升量增",2026-09-18
sh600590,泰豪科技,8.7,15.540482527689534,1.2427291520203543,4.945717732207481,建仓后期,100.0,"位置分位15.5%（低位）, MA20之上, 价升量增",2026-09-18
sh600152,维科技术,7.99,15.72265625,0.7840267757276662,-0.249687890137323,建仓后期,66.66666666666666,位置分位15.7%（低位）,2026-09-18
sh600919,江苏银行,12.17,73.7827715355805,0.9221501760009067,1.9262981574539402,出货,85.71428571428571,位置分位73.8%（中高位）,2026-09-18
sh600681,百川能源,3.48,21.5568862275449,0.8087203663613971,1.7543859649122824,建仓后期,75.0,位置分位21.6%（低位）,2026-09-18
sh688579,地纬智能,7.71,14.09395973154362,1.01852316469881,-3.1407035175879394,建仓后期,66.66666666666666,位置分位14.1%（低位）,2026-09-18
sh603825,ST华扬,7.82,60.97560975609758,0.7636767177734648,-4.166666666666665,洗盘,85.71428571428571,位置分位61.0%（中位）,2026-09-18
sh603049,中策橡胶,45.11,25.74786324786321,0.6769076750121038,-8.424685343077545,建仓初期,57.14285714285714,"低位缩量（量比0.68）, MA20之下（低位）, MA60之下（低位）",2026-09-18
sh603828,*ST利达,5.61,65.87301587301589,0.6416057547279267,8.092485549132945,洗盘,64.70588235294117,"位置分位65.9%（中位）, 中位缩量（量比0.64）",2026-09-18
sh603370,华新精科,27.77,4.171549097726742,1.6485536631522033,-15.283709579011598,建仓初期,70.0,"位置分位4.2%（极低位）, 低位跌-15.3%, MA20之下（低位）, MA60之下（低位）",2026-09-18
sh600560,金自天正,10.99,23.544442416499372,1.065774481779839,-1.0801080108010732,建仓后期,75.0,位置分位23.5%（低位）,2026-09-18
sh603175,超颖电子,100.15,83.38028169014086,0.8311975149704134,9.000870700914247,拉升,50.0,"20日涨9.0%, MA20之上, MA60之上",2026-09-18
sh688468,科美诊断,6.23,33.1818181818182,1.1444313416890226,-0.9538950715421243,建仓后期,50.0,位置分位33.2%（中低位）,2026-09-18
sh688333,西安铂力特,107.27,65.92750861388616,0.8552668858535918,1.7442687634566671,洗盘,60.0,位置分位65.9%（中位）,2026-09-18
sh603272,*ST联翔,16.89,12.397163120567377,1.579562024957093,18.52631578947369,建仓后期,94.73684210526315,"位置分位12.4%（低位）, 低位放量（量比1.58）, 低位涨18.5%, 当日涨10.03%, MA20之上, 价升量增",2026-09-18
sh603167,渤海轮渡,8.08,10.30927835051544,0.8485227921131047,-6.91244239631336,建仓后期,66.66666666666666,位置分位10.3%（低位）,2026-09-18
sh600633,浙数文化,10.28,9.019607843137237,1.3318953764655475,1.1811023622047168,建仓初期,91.66666666666666,"位置分位9.0%（极低位）, MA20之下（低位）, MA60之下（低位）",2026-09-18
sh603136,天目湖,9.13,28.895184135977363,0.7842361672710197,0.9955752212389563,建仓后期,75.0,位置分位28.9%（低位）,2026-09-18
sh601916,浙商银行,2.9,65.2173913043478,0.9273975610191478,-0.6849315068493157,洗盘,85.71428571428571,位置分位65.2%（中位）,2026-09-18
sh688106,金宏气体,27.85,12.151307141813945,1.488664166117522,-0.28643036161832547,建仓后期,90.9090909090909,"位置分位12.2%（低位）, 当日涨4.74%, MA20之上, 价升量增",2026-09-18
sh688328,深科达智能装备,85.0,57.419208010923995,1.0419731123913585,-6.757349714787184,洗盘,66.66666666666666,位置分位57.4%（中位）,2026-09-18
sh600119,*ST长投,4.98,40.14084507042256,0.8676797875693696,5.732484076433131,建仓后期,62.5,"位置分位40.1%（中低位）, 低位涨5.7%",2026-09-18
sh688681,科汇电力自动化,14.96,25.57055801170989,1.0868917736963224,-12.0517342739565,建仓后期,66.66666666666666,位置分位25.6%（低位）,2026-09-18
sh688309,恒誉科技,77.92,75.30573847601129,1.4844762525407018,4.618689581095593,拉升,57.14285714285714,"当日大涨8.22%, MA20之上, MA60之上, 价升量增",2026-09-18
sh600272,开开实业,15.29,41.76448315032184,1.476279884281754,-7.333333333333339,建仓后期,57.14285714285714,"位置分位41.8%（中低位）, 价升量增",2026-09-18
sh603168,莎普爱思,5.58,38.57677902621724,0.970306924119616,0.0,建仓后期,50.0,位置分位38.6%（中低位）,2026-09-18
sh600718,东软集团,7.91,35.983263598326374,1.8430934256526985,-1.9826517967781925,拉升,41.66666666666667,中位放量（量比1.84）,2026-09-18
sh603868,飞科电器,31.67,32.69565217391307,1.3182766534529522,7.392336385215338,建仓后期,66.66666666666666,"位置分位32.7%（中低位）, 低位涨7.4%, MA20之上",2026-09-18
sh688190,云路先进材料股份,71.99,13.876745169933713,1.6242490749729173,-1.4645496851902646,建仓后期,82.35294117647058,"位置分位13.9%（低位）, 低位放量（量比1.62）, 当日涨4.79%, 价升量增",2026-09-18
sh603712,七一二,11.34,10.43872919818456,0.6537557845747184,1.612903225806449,建仓初期,64.70588235294117,"低位缩量（量比0.65）, MA20之下（低位）, MA60之下（低位）, 连续3天缩量",2026-09-18
sh603043,广州酒家,13.2,28.528528528528508,0.7375073795217262,-2.2222222222222276,建仓初期,50.0,"MA20之下（低位）, MA60之下（低位）, 连续3天缩量",2026-09-18
sh601211,国泰海通,17.5,49.494949494949495,1.123978049312711,0.6904487917146203,建仓后期,50.0,位置分位49.5%（中低位）,2026-09-18
sh688020,方邦股份,150.2,33.718945571780765,0.8901663990419723,15.645210963966733,建仓后期,70.0,"位置分位33.7%（中低位）, 低位涨15.6%, MA20之上",2026-09-18
sh688073,毕得医药科技股份,68.16,54.63104882855265,1.2164412665132915,-4.804469273743014,拉升,57.14285714285714,"当日大涨5.28%, MA20之上, MA60之上, 价升量增",2026-09-18
sh603900,莱绅通灵,6.82,51.63204747774483,0.9537832241420279,6.2305295950155815,洗盘,60.0,位置分位51.6%（中位）,2026-09-18
sh605177,东亚药业,24.69,85.31468531468533,1.10911519185373,19.102749638205502,出货,57.89473684210527,"位置分位85.3%（极高位）, 当日大跌-4.08%",2026-09-18
sh603375,盛景微,51.69,87.19074221867518,2.5413171031154977,31.828615149196626,拉升,50.0,"20日大涨31.8%, 当日大涨10.00%, MA20之上, MA60之上, 价升量增",2026-09-18
sh600082,ST海泰,3.16,39.2857142857143,0.4636626037752026,11.660777385159014,洗盘,64.70588235294117,"中位缩量（量比0.46）, 连续3天缩量",2026-09-18
sh688785,恒运昌,375.02,53.73149885345006,1.470588445330593,39.464484938638904,拉升,72.72727272727273,"20日大涨39.5%, 当日大涨10.63%, MA20之上, MA60之上, 连续3天放量, 价升量增",2026-09-18
sh600841,动力新科,5.85,12.778904665314398,1.141575090943968,3.356890459363949,建仓后期,100.0,"位置分位12.8%（低位）, MA20之上",2026-09-18
sh688393,安必平医药,19.72,40.688259109311744,1.2230825523076807,-2.6653504442250875,建仓后期,57.14285714285714,"位置分位40.7%（中低位）, 价升量增",2026-09-18
sh688615,合合信息,87.2,1.6393442622950913,1.81438099261208,-7.174792420694056,建仓初期,68.75,"位置分位1.6%（极低位）, MA20之下（低位）, MA60之下（低位）",2026-09-18
sh600820,隧道股份,5.26,21.259842519685012,1.1497344439604151,0.1904761904761864,建仓后期,66.66666666666666,位置分位21.3%（低位）,2026-09-18
sh600223,福瑞达,5.51,31.34259259259257,1.1547243703635237,0.5474452554744409,建仓后期,50.0,位置分位31.3%（中低位）,2026-09-18
sh600358,国旅联合,5.01,11.44067796610168,0.9888923983996631,-0.19920318725099181,建仓后期,66.66666666666666,位置分位11.4%（低位）,2026-09-18
sh688519,南亚新材料,316.31,61.70838100021392,1.0809854659928912,9.136390297760762,洗盘,50.0,位置分位61.7%（中位）,2026-09-18
sh603578,三星新材,14.25,61.21297602256699,0.9765306560260866,5.633802816901406,洗盘,50.0,位置分位61.2%（中位）,2026-09-18
sh600821,金开新能,6.16,16.77559912854031,0.9385085085976463,3.8785834738617275,建仓后期,87.5,"位置分位16.8%（低位）, MA20之上",2026-09-18
sh603877,太平鸟,11.75,6.983240223463687,1.106563350174893,-6.0,建仓初期,100.0,"位置分位7.0%（极低位）, MA20之下（低位）, MA60之下（低位）",2026-09-18
sh603382,海阳科技,18.85,25.440806045340057,1.1126512275913052,-7.325467059980327,建仓后期,75.0,位置分位25.4%（低位）,2026-09-18
sh600400,红豆股份,3.46,93.58974358974358,1.8812908837608848,10.543130990415337,出货,54.166666666666664,"位置分位93.6%（极高位）, 高位放量（量比1.88）",2026-09-18
sh688063,派能科技,41.69,5.40672294976622,0.9782536508523763,-6.503700381251414,建仓初期,100.0,"位置分位5.4%（极低位）, MA20之下（低位）, MA60之下（低位）",2026-09-18
sh688651,远江盛邦安全,23.26,34.063260340632624,0.8367314228298405,1.572052401746738,建仓后期,57.14285714285714,"位置分位34.1%（中低位）, MA20之上",2026-09-18
sh603833,欧派家居,28.82,2.081010776662946,1.0039149146760695,-10.134081696289368,建仓初期,100.0,"位置分位2.1%（极低位）, MA20之下（低位）, MA60之下（低位）",2026-09-18
sh600006,东风股份,5.27,12.376237623762373,0.8617979607362917,-0.18939393939395216,建仓后期,66.66666666666666,位置分位12.4%（低位）,2026-09-18
sh600676,久事动娱,6.74,28.115015974440894,0.9389581131148766,2.12121212121213,建仓后期,87.5,"位置分位28.1%（低位）, MA20之上",2026-09-18
sh601799,星宇股份,72.78,3.1270358306188997,0.9369253640116649,-15.861271676300575,建仓初期,100.0,"位置分位3.1%（极低位）, 低位跌-15.9%, MA20之下（低位）, MA60之下（低位）",2026-09-18
sh603288,海天味业,33.85,22.388059701492544,1.1038636767864718,-3.423680456490716,建仓后期,66.66666666666666,位置分位22.4%（低位）,2026-09-18
sh688048,长光华芯,342.0,45.12167088108765,1.114046544260245,11.317254174397025,建仓后期,72.72727272727273,"位置分位45.1%（中低位）, 低位涨11.3%, 当日涨4.24%, MA20之上",2026-09-18
sh688489,三未信安,24.27,37.0087023046763,1.0158313613249168,0.49689440993789236,建仓后期,57.14285714285714,"位置分位37.0%（中低位）, MA20之上",2026-09-18
sh688722,同益中新材料,14.09,19.783616692426573,1.3111410052247532,1.7328519855595685,建仓后期,70.0,"位置分位19.8%（低位）, 价升量增",2026-09-18
sh600249,两面针,5.4,31.531531531531552,0.7851399075090355,3.4482758620689773,建仓后期,57.14285714285714,"位置分位31.5%（中低位）, MA20之上",2026-09-18
sh688585,上纬新材,154.2,44.21460892049126,1.2364745848253487,7.1875434450159705,建仓后期,70.0,"位置分位44.2%（中低位）, 低位涨7.2%, MA20之上, 价升量增",2026-09-18
sh600961,株冶集团,25.5,43.14016840019813,1.1556005387107557,-10.242872228088702,建仓后期,62.5,"位置分位43.1%（中低位）, 当日涨3.70%",2026-09-18
sh688733,壹石通,29.51,28.934395145999247,1.3211340348155003,-2.927631578947359,建仓后期,90.9090909090909,"位置分位28.9%（低位）, 当日涨3.98%, MA20之上, 价升量增",2026-09-18
sh600815,厦工股份,3.63,48.61111111111111,0.9581057461752183,-7.39795918367347,建仓后期,50.0,位置分位48.6%（中低位）,2026-09-18
sh600157,永泰能源,1.52,2.1276595744680873,0.6858540621971917,-1.9354838709677438,建仓初期,100.0,"位置分位2.1%（极低位）, 低位缩量（量比0.69）, MA20之下（低位）, MA60之下（低位）",2026-09-18
sh603376,大明电子,27.45,40.158870255957645,1.0089097053715304,2.044609665427512,建仓后期,66.66666666666666,"位置分位40.2%（中低位）, 当日涨4.37%, MA20之上",2026-09-18
sh600965,*ST福成,2.74,10.192837465564741,0.7291530981202416,-0.7246376811594049,建仓后期,75.0,位置分位10.2%（低位）,2026-09-18
sh601128,常熟银行,6.27,51.724137931034434,0.9024521377777645,0.48076923076922046,洗盘,85.71428571428571,位置分位51.7%（中位）,2026-09-18
sh688168,北京安博通,44.6,29.46669433492426,0.9664638779429312,25.175413976985684,建仓后期,100.0,"位置分位29.5%（低位）, 低位涨25.2%, 当日涨7.42%, MA20之上",2026-09-18
sh600368,五洲交通,4.1,70.22332506203472,0.6291697199243087,1.9900497512437831,出货,90.9090909090909,"位置分位70.2%（中高位）, 高位缩量（量比0.63）, 价跌量缩",2026-09-18
sh603097,江苏华辰,18.5,43.818466353677614,0.8063238622076943,-5.708460754332319,建仓后期,50.0,位置分位43.8%（中低位）,2026-09-18
sh601008,XD连云港,4.44,49.12280701754392,0.6454456080942693,3.2558139534883854,洗盘,78.57142857142857,"中位缩量（量比0.65）, 连续3天缩量",2026-09-18
sh600730,*ST高科,9.11,19.974059662775606,1.67313402254558,-11.810261374636987,建仓后期,82.35294117647058,"位置分位20.0%（低位）, 低位放量（量比1.67）, 当日涨9.89%, 价升量增",2026-09-18
sh600375,汉马科技,3.68,9.375000000000009,0.6664147743894516,-5.641025641025635,建仓初期,100.0,"位置分位9.4%（极低位）, 低位缩量（量比0.67）, MA20之下（低位）, MA60之下（低位）, 价跌量缩",2026-09-18
sh600405,动力源,4.99,54.89361702127661,0.8752822903766301,8.951965065502186,洗盘,50.0,位置分位54.9%（中位）,2026-09-18
sh603040,XD新坐标,47.85,8.06671204901295,1.3516380501282812,-11.273873539773778,建仓初期,91.66666666666666,"位置分位8.1%（极低位）, MA20之下（低位）, MA60之下（低位）",2026-09-18
sh601636,旗滨集团,5.56,4.3809523809523725,1.1096640296367863,-6.3973063973064095,建仓初期,100.0,"位置分位4.4%（极低位）, MA20之下（低位）, MA60之下（低位）",2026-09-18
sh600228,返利科技,11.58,95.83333333333334,0.8680689416800712,41.04750304506698,拉升,50.0,"20日大涨41.0%, MA20之上, MA60之上",2026-09-18
sh603766,隆鑫通用,14.81,80.69105691056912,0.6300451393231224,6.854256854256863,出货,62.5,"位置分位80.7%（中高位）, 高位缩量（量比0.63）, 价跌量缩",2026-09-18
sh603281,江瀚新材,18.67,6.806362802080152,1.5170285029989572,-3.4143817899637696,建仓初期,64.70588235294117,"位置分位6.8%（极低位）, MA20之下（低位）, MA60之下（低位）",2026-09-18
sh603588,高能环境,16.14,52.74611398963731,0.9961912089112414,16.702819956616054,拉升,64.70588235294117,"20日大涨16.7%, 当日大涨3.20%, MA20之上, MA60之上",2026-09-18
sh600419,天润乳业,8.56,49.58677685950416,0.7994644163564668,-2.171428571428566,洗盘,66.66666666666666,连续3天缩量,2026-09-18
sh603600,永艺股份,10.13,50.393700787401585,1.3459998077600845,7.765957446808515,洗盘,50.0,位置分位50.4%（中位）,2026-09-18
sh603315,福鞍股份,10.84,8.305804624823022,0.9566735221685747,-7.112253641816624,建仓初期,100.0,"位置分位8.3%（极低位）, MA20之下（低位）, MA60之下（低位）",2026-09-18
sh603351,威尔药业,25.32,53.43750000000001,1.0931862694567571,-5.310396409872843,洗盘,100.0,位置分位53.4%（中位）,2026-09-18
sh688768,容知日新,41.15,26.506550218340614,0.9174578541634408,-3.3810753698051297,建仓后期,66.66666666666666,位置分位26.5%（低位）,2026-09-18
sh600773,西藏城投,10.05,3.8304392236976508,0.7329904898655679,-10.267857142857132,建仓初期,100.0,"位置分位3.8%（极低位）, MA20之下（低位）, MA60之下（低位）",2026-09-18
sh603088,宁波精达,10.29,38.449111470113074,0.7855950546628513,7.07596253902185,建仓后期,66.66666666666666,"位置分位38.4%（中低位）, 低位涨7.1%, MA20之上",2026-09-18
sh600588,用友网络,9.46,17.59036144578314,1.1143609577948148,-11.999999999999993,建仓后期,66.66666666666666,位置分位17.6%（低位）,2026-09-18
sh688398,赛特新材,23.82,33.237160992498566,1.5513140989770657,11.464670098268597,建仓后期,45.0,"位置分位33.2%（中低位）, 低位涨11.5%, 当日涨9.62%, MA20之上, 价升量增",2026-09-18
sh688039,当虹科技,33.55,18.61924686192467,1.3059004738201208,0.2989536621823447,建仓后期,88.88888888888889,"位置分位18.6%（低位）, MA20之上, 价升量增",2026-09-18
sh601858,中国科传,20.24,27.38690074274138,1.1717040659263316,-8.291798821930229,建仓后期,66.66666666666666,位置分位27.4%（低位）,2026-09-18
sh688719,爱科赛博,56.0,29.50702972059085,1.3875621679240386,8.527131782945734,建仓后期,100.0,"位置分位29.5%（低位）, 低位涨8.5%, 当日涨5.16%, MA20之上, 价升量增",2026-09-18
sh603836,海程邦达,9.23,63.46749226006195,0.9809516100746017,2.101769911504439,洗盘,85.71428571428571,位置分位63.5%（中位）,2026-09-18
sh601288,农业银行,6.81,74.45255474452551,1.1496551550301224,0.4424778761061852,出货,85.71428571428571,位置分位74.5%（中高位）,2026-09-18
sh688662,广东富信科技,95.9,33.278449275904656,1.0987088250821733,4.4434763668046315,建仓后期,66.66666666666666,"位置分位33.3%（中低位）, 当日涨4.52%, MA20之上",2026-09-18
sh601121,宝地矿业,7.19,68.39032527105923,1.0772742935906272,-3.489932885906037,洗盘,85.71428571428571,位置分位68.4%（中位）,2026-09-18
sh688511,天微电子,23.28,40.73627036813519,0.9930060088058352,5.339366515837103,建仓后期,66.66666666666666,"位置分位40.7%（中低位）, 低位涨5.3%, MA20之上",2026-09-18
sh601599,浙文影业,3.23,38.4,1.0785028658701723,6.95364238410596,建仓后期,66.66666666666666,"位置分位38.4%（中低位）, 低位涨7.0%, MA20之上",2026-09-18
sh605336,*ST帅电,11.27,25.310410697230186,0.7303729246141105,5.623242736644795,建仓后期,66.66666666666666,"位置分位25.3%（低位）, 低位涨5.6%",2026-09-18
sh688285,高铁电气,7.47,26.59305993690851,0.9973920856202054,-1.9685039370078785,建仓后期,75.0,位置分位26.6%（低位）,2026-09-18
sh600452,涪陵电力,9.11,8.891800823661542,1.1569690386291775,0.8301051466519013,建仓初期,90.0,"位置分位8.9%（极低位）, MA60之下（低位）",2026-09-18
sh688247,宣泰医药,9.25,51.74013921113689,1.3797566895054214,-5.225409836065572,洗盘,54.54545454545454,位置分位51.7%（中位）,2026-09-18
sh688337,普源精电,44.09,18.885781888578194,1.50058927048715,-1.6287371709058387,建仓后期,93.75,"位置分位18.9%（低位）, 低位放量（量比1.50）, 当日涨5.38%, MA20之上, 价升量增",2026-09-18
sh600322,津投城开,2.67,46.66666666666665,1.0150744561261025,1.136363636363629,建仓后期,50.0,位置分位46.7%（中低位）,2026-09-18
sh603277,银都股份,11.27,31.717171717171716,0.9488362247642903,-9.840000000000003,建仓后期,50.0,位置分位31.7%（中低位）,2026-09-18
sh600426,华鲁恒升,19.47,14.050892998261407,0.8531689913130609,-6.2590274434280255,建仓后期,66.66666666666666,位置分位14.1%（低位）,2026-09-18
sh603057,上海紫燕食品,18.52,0.5550416281220975,1.3226693938695553,-15.201465201465203,建仓初期,100.0,"位置分位0.6%（极低位）, 低位跌-15.2%, MA20之下（低位）, MA60之下（低位）",2026-09-18
sh688518,联赢激光股份,21.26,29.285299244625236,1.0391377317046218,7.31953558808684,建仓后期,100.0,"位置分位29.3%（低位）, 低位涨7.3%, MA20之上",2026-09-18
sh603053,成都燃气,8.72,36.72566371681419,0.8048844388249098,0.11481056257175414,建仓后期,50.0,位置分位36.7%（中低位）,2026-09-18
sh601968,宝钢包装,4.53,42.69005847953219,0.9467252765131597,3.6613272311212848,建仓后期,50.0,位置分位42.7%（中低位）,2026-09-18
sh688232,国泰新点软件,17.45,12.712469647193265,0.9334099876115154,-3.909691629955952,建仓后期,66.66666666666666,位置分位12.7%（低位）,2026-09-18
sh600867,通化东宝,7.85,21.495327102803728,1.0077485118718772,-3.2059186189889,建仓后期,66.66666666666666,位置分位21.5%（低位）,2026-09-18
sh600081,东风科技,10.34,36.95443645083934,0.6603794437281267,2.3762376237623783,洗盘,72.72727272727273,中位缩量（量比0.66）,2026-09-18
sh601369,陕鼓动力,9.02,27.639751552795005,3.249181384114494,3.321878579610529,建仓后期,100.0,"位置分位27.6%（低位）, 低位放量（量比3.25）, 当日涨7.38%, MA20之上, 价升量增",2026-09-18
sh688201,ST信安世纪,7.59,15.921616656460502,0.6450059967636224,7.052186177715091,建仓后期,64.28571428571429,"位置分位15.9%（低位）, 低位涨7.1%, MA20之上",2026-09-18
sh688455,科捷智能,16.9,26.070861977789523,1.1575170334535294,4.064039408866996,建仓后期,100.0,"位置分位26.1%（低位）, 当日涨3.62%, MA20之上",2026-09-18
sh600004,白云机场,7.63,38.281250000000014,0.9150671194338608,3.387533875338754,建仓后期,50.0,位置分位38.3%（中低位）,2026-09-18
sh603798,康普顿,13.02,29.997115661955583,1.194295601322487,2.439024390243892,建仓后期,75.0,位置分位30.0%（低位）,2026-09-18
sh688076,ST诺泰生物,28.81,43.01521438450898,1.0329100456542495,5.415294548115625,建仓后期,66.66666666666666,"位置分位43.0%（中低位）, 低位涨5.4%, MA20之上",2026-09-18
sh600332,白云山,19.52,14.857142857142843,0.8814334044697147,-5.288694808345463,建仓后期,66.66666666666666,位置分位14.9%（低位）,2026-09-18
sh600744,华银电力,6.39,26.53061224489795,0.6950233772649264,0.0,建仓初期,64.70588235294117,"低位缩量（量比0.70）, MA20之下（低位）, MA60之下（低位）, 连续3天缩量",2026-09-18
sh600616,金枫酒业,4.9,82.78145695364239,1.4661727936917663,15.839243498817964,拉升,59.09090909090909,"20日大涨15.8%, 当日大涨4.93%, MA20之上, MA60之上, 价升量增",2026-09-18
sh600509,天富能源,7.26,5.860290670417253,0.8482356633188259,-0.41152263374485937,建仓初期,100.0,"位置分位5.9%（极低位）, MA20之下（低位）, MA60之下（低位）",2026-09-18
sh600829,人民同泰,9.62,39.619047619047606,1.4043109798081694,0.0,建仓后期,57.14285714285714,"位置分位39.6%（中低位）, 价升量增",2026-09-18
sh688061,灿瑞科技,45.37,65.05604947816003,0.7921135368650053,21.635388739946382,拉升,57.14285714285714,"20日大涨21.6%, MA20之上, MA60之上",2026-09-18
sh688228,开普云信息科技,79.9,35.59374516178976,1.1364917187898553,0.5031446540880575,建仓后期,57.14285714285714,"位置分位35.6%（中低位）, MA20之上",2026-09-18
sh688005,容百科技,24.06,8.52459016393442,0.9455632101455763,-9.887640449438205,建仓初期,100.0,"位置分位8.5%（极低位）, MA20之下（低位）, MA60之下（低位）",2026-09-18
sh603843,*ST正平,6.87,37.65690376569038,0.9841323430114787,-4.18410041841004,建仓后期,50.0,位置分位37.7%（中低位）,2026-09-18
sh605011,杭州热电,18.22,35.99537037037036,0.525227617602428,8.906156604901366,洗盘,57.14285714285714,中位缩量（量比0.53）,2026-09-18
sh600526,菲达环保,4.56,35.29411764705882,1.0061777168668802,-1.084598698481577,建仓后期,50.0,位置分位35.3%（中低位）,2026-09-18
sh600023,浙能电力,5.08,23.36956521739129,0.6859112067733268,4.526748971193411,建仓后期,58.333333333333336,"位置分位23.4%（低位）, MA20之上",2026-09-18
sh603605,珀莱雅,55.83,19.926739926739913,1.3108303051330277,-2.0526315789473717,建仓后期,70.0,"位置分位19.9%（低位）, 价升量增",2026-09-18
sh605168,三人行,53.14,67.09982279976373,0.8252903418699605,13.13604428358527,洗盘,50.0,位置分位67.1%（中位）,2026-09-18
sh603118,共进股份,18.43,78.23886639676114,1.177320173883116,3.597526700393483,拉升,50.0,"当日大涨10.03%, MA20之上, MA60之上",2026-09-18
sh688259,创耀通信科技,31.92,35.362142422398065,1.5982313914237527,2.9345372460496617,建仓后期,38.46153846153847,"位置分位35.4%（中低位）, MA20之上, 价升量增",2026-09-18
sh603218,日月股份,9.36,7.853403141361244,0.7878722316766471,-2.9045643153527085,建仓初期,100.0,"位置分位7.9%（极低位）, MA20之下（低位）, MA60之下（低位）",2026-09-18
sh603610,麒盛科技,13.71,18.00518134715027,0.9759210245358254,-10.157273918741803,建仓后期,66.66666666666666,位置分位18.0%（低位）,2026-09-18
sh600826,兰生股份,7.62,14.33021806853583,1.8060331127741338,-3.0534351145038197,建仓后期,82.35294117647058,"位置分位14.3%（低位）, 低位放量（量比1.81）, 当日涨3.11%, 价升量增",2026-09-18
sh600998,九州通,5.0,67.05882352941175,1.0631224609534562,1.8329938900203637,洗盘,75.0,位置分位67.1%（中位）,2026-09-18
sh601890,亚星锚链,9.85,58.501440922190206,0.8591220908676718,15.882352941176467,拉升,57.14285714285714,"20日大涨15.9%, MA20之上, MA60之上",2026-09-18
sh601366,利群股份,3.6,50.90909090909093,0.9979793601073946,1.4084507042253596,洗盘,85.71428571428571,位置分位50.9%（中位）,2026-09-18
sh603189,*ST网达,9.57,16.25222024866785,0.7280564982115014,6.097560975609764,建仓后期,75.0,"位置分位16.3%（低位）, 低位涨6.1%, MA20之上",2026-09-18
sh605303,园林股份,23.68,40.91144484722941,0.9293918572454107,10.550887021475248,建仓后期,66.66666666666666,"位置分位40.9%（中低位）, 低位涨10.6%, MA20之上",2026-09-11
sh601156,东航物流,18.08,72.49352202511457,0.4515136332901565,-2.5862068965517264,出货,88.88888888888889,"位置分位72.5%（中高位）, 高位缩量（量比0.45）",2026-09-18
sh601126,四方股份,41.0,8.710801393728223,1.1845257660844164,-9.790979097909796,建仓初期,84.61538461538461,"位置分位8.7%（极低位）, MA20之下（低位）, MA60之下（低位）",2026-09-18
sh603030,全筑股份,2.08,28.66666666666668,1.003132811175441,-0.47846889952152094,建仓后期,75.0,位置分位28.7%（低位）,2026-09-18
sh688739,成大生物,20.14,20.127638684339722,1.314552174325494,-2.611218568665373,建仓后期,70.0,"位置分位20.1%（低位）, 价升量增",2026-09-18
sh600252,中恒集团,2.18,48.45360824742269,1.0367311510637722,-1.8018018018018032,建仓后期,50.0,位置分位48.5%（中低位）,2026-09-18
sh600052,东望时代,3.69,21.428571428571427,0.7152079183896308,-4.155844155844159,建仓后期,54.54545454545454,位置分位21.4%（低位）,2026-09-18
sh603273,天元智能,14.41,33.33333333333335,1.1676635830871314,-0.6206896551724128,建仓后期,50.0,位置分位33.3%（中低位）,2026-09-18
sh600184,光电股份,21.76,37.78364116094989,0.6935027375002094,23.566155593412848,洗盘,53.333333333333336,中位缩量（量比0.69）,2026-09-18
sh603124,江南新材,132.58,27.835562159484905,1.318296827636886,0.1208276695363427,建仓后期,88.88888888888889,"位置分位27.8%（低位）, MA20之上, 价升量增",2026-09-18
sh601718,ST际华,1.97,33.89830508474576,0.8561252191408937,7.65027322404371,建仓后期,66.66666666666666,"位置分位33.9%（中低位）, 低位涨7.7%, MA20之上",2026-09-18
sh600030,中信证券,26.54,48.77300613496933,1.0548193760671423,-2.138643067846614,建仓后期,50.0,位置分位48.8%（中低位）,2026-09-18
sh688123,聚辰半导体,146.0,33.557294743059664,1.2570989282833007,5.119159046727637,建仓后期,75.0,"位置分位33.6%（中低位）, 低位涨5.1%, 当日涨3.84%, MA20之上, 价升量增",2026-09-18
sh600740,山西焦化,3.76,36.20178041543026,0.8398943561055423,4.15512465373961,建仓后期,50.0,位置分位36.2%（中低位）,2026-09-18
sh688027,科大国盾量子,359.0,6.284962158604812,1.2027629202103067,-7.139161924469742,建仓初期,91.66666666666666,"位置分位6.3%（极低位）, MA20之下（低位）, MA60之下（低位）",2026-09-18
sh601019,山东出版,6.73,14.53287197231837,1.4172064691624595,-2.180232558139527,建仓后期,66.66666666666666,位置分位14.5%（低位）,2026-09-18
sh603727,博迈科,17.6,51.48771021992239,1.2363761374439768,-5.528717122920009,洗盘,50.0,位置分位51.5%（中位）,2026-09-18
sh603739,蔚蓝生物,12.24,32.09876543209878,1.0744991040377616,-0.4068348250610166,建仓后期,50.0,位置分位32.1%（中低位）,2026-09-18
sh603881,数据港,24.18,14.398243801652894,1.2378483724858869,-11.525795828759602,建仓后期,70.0,"位置分位14.4%（低位）, 价升量增",2026-09-18
sh600250,南京商旅,9.0,21.161825726141085,0.8128498418106596,-1.6393442622950858,建仓后期,75.0,位置分位21.2%（低位）,2026-09-18
sh688409,富创精密,200.9,46.16228961704204,1.3042922320189767,-3.8755980861243997,建仓后期,70.0,"位置分位46.2%（中低位）, 当日涨7.95%, MA20之上, 价升量增",2026-09-18
sh600333,长春燃气,6.69,73.83966244725741,0.8034288499304769,6.022187004754371,出货,60.0,位置分位73.8%（中高位）,2026-09-18
sh600062,华润双鹤,15.87,25.84905660377358,1.0931391095976792,1.2763241863433268,建仓后期,66.66666666666666,位置分位25.8%（低位）,2026-09-18
sh688755,汉邦科技,27.8,53.30567331108508,1.44452943869461,1.2381646030589943,拉升,57.14285714285714,"MA20之上, MA60之上, 连续3天放量, 价升量增",2026-09-18
sh601872,招商轮船,22.36,94.15584415584416,1.2092690536007273,13.043478260869556,拉升,50.0,"20日涨13.0%, MA20之上, MA60之上, 价升量增",2026-09-18
sh688137,近岸蛋白,99.03,83.54060913705584,1.0499240888327543,22.27435485862453,拉升,57.14285714285714,"20日大涨22.3%, MA20之上, MA60之上",2026-09-18
sh688458,美芯晟科技,38.22,47.682119205298,1.0535770518345058,14.089552238805966,建仓后期,66.66666666666666,"位置分位47.7%（中低位）, 低位涨14.1%, MA20之上",2026-09-18
sh688376,美埃科技,66.6,12.958715596330265,1.7502529689001567,-0.8338296605122132,建仓后期,93.75,"位置分位13.0%（低位）, 低位放量（量比1.75）, 当日涨5.46%, MA20之上, 价升量增",2026-09-18
sh600611,大众交通,4.53,33.98058252427185,1.006899388522533,2.2573363431151363,建仓后期,50.0,位置分位34.0%（中低位）,2026-09-18
sh600803,新奥股份,18.67,52.21238938053101,0.8374129994421224,6.624785836664763,洗盘,50.0,位置分位52.2%（中位）,2026-09-18
sh688066,*ST航天宏图,9.3,17.09166092350104,1.576015039367672,10.189573459715655,建仓后期,100.0,"位置分位17.1%（低位）, 低位放量（量比1.58）, 低位涨10.2%, 当日涨7.51%, MA20之上, 价升量增",2026-09-18
sh601528,瑞丰银行,4.99,76.08695652173915,0.7286297578830152,4.612159329140475,出货,88.88888888888889,"位置分位76.1%（中高位）, 价跌量缩",2026-09-18
sh603138,海量数据,15.57,42.589285714285715,0.8753273720906054,20.510835913312697,建仓后期,75.0,"位置分位42.6%（中低位）, 低位涨20.5%, 当日涨10.04%, MA20之上",2026-09-18
sh601899,紫金矿业,31.41,64.60331299040976,0.923023737107454,-9.58549222797928,洗盘,85.71428571428571,位置分位64.6%（中位）,2026-09-18
sh603939,益丰药房,22.78,63.04079110012363,1.2834783454041705,-4.805683242791469,洗盘,66.66666666666666,位置分位63.0%（中位）,2026-09-18
sh600605,汇通能源,26.8,37.74689100219458,1.1110039540939338,9.164969450101832,建仓后期,62.5,"位置分位37.7%（中低位）, 低位涨9.2%",2026-09-18
sh688139,海尔生物,31.36,52.43332831098388,1.4268826183542391,6.161137440758295,拉升,57.14285714285714,"20日涨6.2%, MA20之上, MA60之上, 价升量增",2026-09-18
sh688007,光峰科技,10.36,8.358208955223862,1.479842289202886,-2.6315789473684315,建仓初期,91.66666666666666,"位置分位8.4%（极低位）, MA20之下（低位）, MA60之下（低位）",2026-09-18
sh600028,中国石化,5.16,49.727520435967335,0.9367506749768775,1.176470588235304,建仓后期,50.0,位置分位49.7%（中低位）,2026-09-18
sh603806,福斯特,14.37,17.777777777777764,1.3865693306544675,-6.990291262135923,建仓后期,70.0,"位置分位17.8%（低位）, 价升量增",2026-09-18
sh600207,安彩高科,4.82,26.808510638297882,0.583016878976847,10.550458715596328,建仓后期,64.28571428571429,"位置分位26.8%（低位）, 低位涨10.6%, MA20之上",2026-09-18
sh605258,协和电子,37.45,88.55774348057479,0.6606079648939683,34.085213032581464,出货,55.55555555555556,"位置分位88.6%（极高位）, 高位缩量（量比0.66）",2026-09-18
sh603855,华荣股份,16.72,36.12440191387555,0.7123215230037018,4.304429195258875,建仓后期,57.14285714285714,"位置分位36.1%（中低位）, MA20之上",2026-09-18
sh601326,秦港股份,3.51,64.45783132530116,0.9868637834808254,5.405405405405396,洗盘,60.0,位置分位64.5%（中位）,2026-09-18
sh605123,派克新材,80.82,19.084249084249063,1.3213998720829165,5.702328014648182,建仓后期,92.3076923076923,"位置分位19.1%（低位）, 低位涨5.7%, 当日涨3.17%, MA20之上, 价升量增",2026-09-18
sh688429,时创能源,9.58,11.618257261410786,0.8457626106293321,-9.792843691148768,建仓后期,66.66666666666666,位置分位11.6%（低位）,2026-09-18
sh688148,芳源股份,6.0,8.660130718954253,0.9354455633660006,-4.912836767036445,建仓初期,100.0,"位置分位8.7%（极低位）, MA20之下（低位）, MA60之下（低位）",2026-09-18
sh603418,友升股份,45.76,18.98660454280721,1.3214264210019269,6.865950490425029,建仓后期,100.0,"位置分位19.0%（低位）, 低位涨6.9%, MA20之上",2026-09-18
sh688766,普冉股份,430.0,30.578464565789854,1.7706778302084694,-7.257629677558499,建仓后期,46.666666666666664,"位置分位30.6%（中低位）, 当日涨10.06%, MA20之上, 价升量增",2026-09-18
sh605060,联德股份,39.6,21.366319932527418,1.184242615519245,-7.325064357594186,建仓后期,66.66666666666666,位置分位21.4%（低位）,2026-09-18
sh600543,*ST莫高,4.08,40.860215053763454,0.7240307896890343,0.990099009900991,建仓后期,50.0,位置分位40.9%（中低位）,2026-09-18
sh688178,万德斯环保,29.51,45.5895589558956,1.024325647387319,2.822299651567952,建仓后期,57.14285714285714,"位置分位45.6%（中低位）, MA20之上",2026-09-18
sh603938,三孚股份,50.33,46.03441184535235,0.6276748980322215,16.61260426320668,洗盘,53.333333333333336,中位缩量（量比0.63）,2026-09-18
sh688665,四方光电股份,44.42,19.090282563749135,1.382769433882772,1.647597254004574,建仓后期,88.88888888888889,"位置分位19.1%（低位）, MA20之上, 价升量增",2026-09-18
sh603092,德力佳传动,45.11,12.818111268698654,1.128459811630736,4.6392948271862675,建仓后期,87.5,"位置分位12.8%（低位）, MA20之上",2026-09-18
sh600071,凤凰光学,16.44,32.54901960784316,1.3515977653631286,3.8534428300694956,建仓后期,62.5,"位置分位32.5%（中低位）, MA20之上, 价升量增",2026-09-18
sh600738,丽尚国潮,4.24,55.038759689922486,0.53384041363581,6.265664160401002,洗盘,77.77777777777779,"位置分位55.0%（中位）, 中位缩量（量比0.53）, 连续3天缩量",2026-09-18
sh603416,信捷电气,46.85,16.49458035217001,1.1696357600411464,3.262067445448543,建仓后期,87.5,"位置分位16.5%（低位）, MA20之上",2026-09-18
sh603151,邦基科技股份,16.68,62.310030395136785,0.7060921132417652,6.923076923076923,洗盘,60.0,位置分位62.3%（中位）,2026-09-18
sh600292,电投水电,11.8,4.951475539710834,0.7851763477742152,-2.3986765922249726,建仓初期,100.0,"位置分位5.0%（极低位）, MA20之下（低位）, MA60之下（低位）",2026-09-18
sh605289,罗曼股份,105.12,41.151870637056746,2.053629500341668,-2.612562534741517,建仓后期,46.666666666666664,"位置分位41.2%（中低位）, 当日涨6.89%, MA20之上, 价升量增",2026-09-18
sh600678,ST金顶,5.83,14.104193138500639,0.9640347883395511,6.776556776556779,建仓后期,100.0,"位置分位14.1%（低位）, 低位涨6.8%, MA20之上",2026-09-18
sh603402,陕西旅游,64.19,13.871249404667399,1.5252204688711117,3.8001293661060704,建仓后期,82.35294117647058,"位置分位13.9%（低位）, 低位放量（量比1.53）, 当日涨10.01%, 价升量增",2026-09-18
sh688586,江航飞机装备,11.1,26.470588235294112,0.9359745366911437,7.454017424975795,建仓后期,80.0,"位置分位26.5%（低位）, 低位涨7.5%",2026-09-18
sh688069,德林海环保,36.71,55.75070821529745,0.9287875788159151,15.512901195720577,洗盘,50.0,位置分位55.8%（中位）,2026-09-18
sh600522,中天科技,35.98,23.302840635532004,1.1464546636191941,7.627879150463647,建仓后期,90.0,"位置分位23.3%（低位）, 低位涨7.6%, MA20之上",2026-09-18
sh605055,迎丰股份,8.95,17.487046632124343,1.0174132774967266,-7.1576763485477315,建仓后期,66.66666666666666,位置分位17.5%（低位）,2026-09-18
sh688685,迈信林航空股份,36.0,22.41715399610136,0.9171637321480262,-12.087912087912093,建仓后期,66.66666666666666,位置分位22.4%（低位）,2026-09-18
sh603000,人民网,17.35,51.317460317460316,0.7769887164927184,8.91399874450723,洗盘,50.0,位置分位51.3%（中位）,2026-09-18
sh605068,明新旭腾,19.41,36.99256718124643,1.2533011148463025,12.91448516579406,建仓后期,66.66666666666666,"位置分位37.0%（中低位）, 低位涨12.9%, 价升量增",2026-09-18
sh605166,聚合顺,8.27,17.739367750739124,1.0133261265435078,-0.9580838323353302,建仓后期,66.66666666666666,位置分位17.7%（低位）,2026-09-18
sh600736,苏州高新,6.54,15.758835758835756,1.417895548205814,-1.9490254872563704,建仓后期,70.0,"位置分位15.8%（低位）, 价升量增",2026-09-18
sh600909,华安证券,7.9,34.528552456839314,1.2351256418254268,-3.3047735618115004,建仓后期,57.14285714285714,"位置分位34.5%（中低位）, 价升量增",2026-09-18
sh603291,联合水务,8.96,26.562500000000018,0.3256618652933129,-4.9840933191940495,建仓初期,53.84615384615385,"低位缩量（量比0.33）, MA20之下（低位）",2026-09-18
sh688552,航天南湖,30.94,26.291140467039178,0.728780898123373,17.508545385491846,建仓后期,100.0,"位置分位26.3%（低位）, 低位涨17.5%, MA20之上",2026-09-18
sh603322,超讯科技,32.92,58.07759119861032,0.710554047295849,25.600915681037772,拉升,64.70588235294117,"20日大涨25.6%, 当日大涨3.20%, MA20之上, MA60之上",2026-09-18
sh600269,赣粤高速,3.81,11.956521739130423,0.9250981241030822,1.3297872340425603,建仓后期,66.66666666666666,位置分位12.0%（低位）,2026-09-18
sh688692,达梦数据,203.3,2.0300333704115667,1.4887039646897056,-15.323420384022654,建仓初期,93.33333333333333,"位置分位2.0%（极低位）, 低位跌-15.3%, MA20之下（低位）, MA60之下（低位）",2026-09-18
sh600847,万里股份,13.92,50.05875440658048,2.441523904675149,8.41121495327103,拉升,72.72727272727273,"中位放量（量比2.44）, 20日涨8.4%, 当日大涨10.04%, MA20之上, MA60之上, 价升量增",2026-09-18
sh605268,王力安防,9.63,21.052631578947373,1.1159471454508776,4.108108108108117,建仓后期,100.0,"位置分位21.1%（低位）, MA20之上",2026-09-18
sh601933,永辉超市,3.05,16.993464052287564,1.053498863784878,-0.6514657980456032,建仓后期,66.66666666666666,位置分位17.0%（低位）,2026-09-18
sh688720,艾森股份,67.68,30.031025997646317,1.347823050719401,0.5049005049005099,建仓后期,70.0,"位置分位30.0%（中低位）, 当日涨5.27%, MA20之上, 价升量增",2026-09-18
sh688420,天津美腾科技,21.38,24.331550802139034,0.8662048474719714,-4.723707664884145,建仓后期,75.0,位置分位24.3%（低位）,2026-09-18
sh600990,四创电子,18.06,29.698857736240914,0.840327074902143,0.5008347245409007,建仓后期,75.0,位置分位29.7%（低位）,2026-09-18
sh600166,福田汽车,2.78,4.424778761061932,0.8826211464315996,-3.8062283737024334,建仓初期,100.0,"位置分位4.4%（极低位）, MA20之下（低位）, MA60之下（低位）",2026-09-18
sh688636,智明达电子,20.76,13.591022443890285,1.0197243490263244,3.386454183266949,建仓后期,90.0,"位置分位13.6%（低位）, 当日涨3.03%, MA20之上",2026-09-18
sh603565,中谷物流,11.78,58.16993464052288,1.0887202112264476,-4.1497152156224555,洗盘,85.71428571428571,位置分位58.2%（中位）,2026-09-18
sh600329,达仁堂,34.51,22.53668763102724,0.9502059704686496,-2.3762376237623855,建仓后期,66.66666666666666,位置分位22.5%（低位）,2026-09-18
sh603080,新疆火炬,19.48,30.013831258644558,0.9206206312221986,0.46415678184631176,建仓后期,50.0,位置分位30.0%（中低位）,2026-09-18
sh600877,电科芯片,12.23,19.15184678522572,1.1688568438190488,-0.08169934640522701,建仓后期,90.0,"位置分位19.2%（低位）, 当日涨3.03%, MA20之上",2026-09-18
sh600064,南京高科,7.76,60.11904761904761,0.8360160851351851,3.882195448460509,洗盘,66.66666666666666,位置分位60.1%（中位）,2026-09-18
sh603222,济民健康,7.77,17.943107221006553,1.459110916925022,-5.474452554744539,建仓后期,66.66666666666666,位置分位17.9%（低位）,2026-09-18
sh601616,广电电气,3.81,38.02083333333333,0.938872481725572,-0.26178010471203633,建仓后期,50.0,位置分位38.0%（中低位）,2026-09-18
sh603332,苏州龙杰,11.44,32.88973384030416,0.8085376162299239,-1.464254952627045,建仓后期,50.0,位置分位32.9%（中低位）,2026-09-18
sh688479,用友汽车信息科技,34.4,70.47970479704796,1.1781390227271908,4.02177199879044,出货,66.66666666666666,位置分位70.5%（中高位）,2026-09-18
sh600731,湖南海利,5.77,28.030303030303006,0.7796576651798466,-1.3675213675213687,建仓后期,60.0,位置分位28.0%（低位）,2026-09-18
sh600505,西昌电力,10.65,12.813102119460515,0.7153604040984265,2.109300095877283,建仓后期,66.66666666666666,位置分位12.8%（低位）,2026-09-18
sh601111,中国国航,5.83,8.823529411764726,1.4749475325005315,0.5172413793103492,建仓初期,91.66666666666666,"位置分位8.8%（极低位）, MA20之下（低位）, MA60之下（低位）",2026-09-18
sh603787,新日股份,10.06,15.34713763702801,0.9107944374388233,-1.0816125860373593,建仓后期,75.0,位置分位15.3%（低位）,2026-09-18
sh688143,长盈通光电,195.52,70.90900190905087,1.064075657418674,23.123425692695214,拉升,57.14285714285714,"20日大涨23.1%, MA20之上, MA60之上",2026-09-18
sh603386,骏亚科技,17.64,62.93532338308459,0.5083259317871516,27.364620938628164,洗盘,57.89473684210527,"位置分位62.9%（中位）, 中位缩量（量比0.51）",2026-09-18
sh603009,北特科技,49.29,56.12505400416323,1.7910528658644875,9.89966555183946,拉升,72.72727272727273,"中位放量（量比1.79）, 20日涨9.9%, 当日大涨4.05%, MA20之上, MA60之上, 价升量增",2026-09-18
sh600817,宇通重工,9.74,30.334190231362467,1.5803360378202262,3.1779661016949228,建仓后期,38.46153846153847,"位置分位30.3%（中低位）, MA20之上, 价升量增",2026-09-18
sh688157,松井新材料,18.79,15.20462062496914,0.7861520899212052,-1.0531858873091064,建仓后期,66.66666666666666,位置分位15.2%（低位）,2026-09-18
sh605566,福莱蒽特,27.67,23.199023199023205,1.1941737878262333,7.24806201550388,建仓后期,100.0,"位置分位23.2%（低位）, 低位涨7.2%, MA20之上",2026-09-18
sh600872,中炬高新,17.16,18.262411347517748,0.9478032767908452,-6.586826347305394,建仓后期,66.66666666666666,位置分位18.3%（低位）,2026-09-18
sh688777,中控技术,88.0,38.03677360328187,1.422186285063384,-3.413456261661727,建仓后期,66.66666666666666,"位置分位38.0%（中低位）, 当日涨3.95%, 价升量增",2026-09-18
sh688075,安旭生物,28.99,18.04961505560307,1.7672812810876533,-1.8950930626057607,建仓后期,85.71428571428571,"位置分位18.0%（低位）, 低位放量（量比1.77）, 价升量增",2026-09-18
sh605299,舒华体育,12.4,14.365881032547701,0.93566385835934,-0.7999999999999973,建仓后期,66.66666666666666,位置分位14.4%（低位）,2026-09-18
sh600537,*ST亿晶,2.11,6.172839506172837,0.8667301502609743,-0.9389671361502356,建仓初期,100.0,"位置分位6.2%（极低位）, MA20之下（低位）, MA60之下（低位）",2026-09-18
sh600593,大连圣亚,44.15,85.03597122302159,2.0366299689670457,10.072301171777609,出货,61.904761904761905,"位置分位85.0%（极高位）, 高位放量（量比2.04）",2026-09-18
sh688255,凯尔达机器人,25.87,29.02412675549154,1.330679801518014,0.505050505050515,建仓后期,100.0,"位置分位29.0%（低位）, 当日涨3.73%, MA20之上, 价升量增",2026-09-18
sh603518,锦泓集团,7.63,27.244582043343645,1.0431599310696575,-4.744069912609238,建仓后期,66.66666666666666,位置分位27.2%（低位）,2026-09-18
sh603387,基蛋生物,9.42,56.84754521963825,1.4315983014490217,1.6181229773462824,洗盘,54.54545454545454,位置分位56.8%（中位）,2026-09-18
sh605033,美邦股份,18.48,32.052821128451384,1.0998065801813068,-2.2222222222222126,建仓后期,50.0,位置分位32.1%（中低位）,2026-09-18
sh603557,*ST起步,3.4,13.761467889908246,1.2143982523760692,-6.336088154269973,建仓后期,90.9090909090909,"位置分位13.8%（低位）, 当日涨3.03%, MA20之上, 价升量增",2026-09-18
sh603738,泰晶科技,37.89,31.025410536931886,1.1545559185954613,0.8517434122970463,建仓后期,66.66666666666666,"位置分位31.0%（中低位）, 当日涨3.44%, MA20之上",2026-09-18
sh600708,光明地产,3.04,21.12676056338027,1.448235823260523,0.0,建仓后期,88.88888888888889,"位置分位21.1%（低位）, MA20之上, 价升量增",2026-09-18
sh600422,昆药集团,8.14,20.000000000000025,0.8930515627867148,-4.683840749414504,建仓后期,66.66666666666666,位置分位20.0%（低位）,2026-09-18
sh603429,*ST集友,8.61,40.55415617128462,0.7551962033659972,-4.861878453038688,建仓后期,50.0,位置分位40.6%（中低位）,2026-09-18
sh600308,华泰股份,3.22,24.39024390243904,0.9528579104121201,0.0,建仓后期,75.0,位置分位24.4%（低位）,2026-09-18
sh600720,中交设计,5.18,23.208333333333318,0.6628460919266733,1.7681728880157142,建仓初期,53.84615384615385,"低位缩量（量比0.66）, MA20之下（低位）",2026-09-18
sh600488,津药药业,6.1,45.39379474940333,0.8279711765885763,10.70780399274047,建仓后期,66.66666666666666,"位置分位45.4%（中低位）, 低位涨10.7%, MA20之上",2026-09-18
sh600435,北方导航,11.41,31.392405063291136,0.9326701183827978,8.77025738798856,建仓后期,66.66666666666666,"位置分位31.4%（中低位）, 低位涨8.8%, MA20之上",2026-09-18
sh600476,*ST湘邮,10.24,50.000000000000014,1.442508616244674,5.675954592363269,拉升,60.0,"20日涨5.7%, MA20之上, MA60之上, 连续3天放量",2026-09-18
sh600623,华谊集团,8.41,28.169014084507037,0.9767291848682546,2.9375764993880074,建仓后期,75.0,位置分位28.2%（低位）,2026-09-18
sh601881,中国银河,12.08,27.163461538461515,0.7792748600144805,0.08285004142501894,建仓后期,66.66666666666666,位置分位27.2%（低位）,2026-09-18
sh600480,凌云股份,7.71,3.090507726269309,0.9318762579132032,-7.442977190876351,建仓初期,100.0,"位置分位3.1%（极低位）, MA20之下（低位）, MA60之下（低位）",2026-09-18
sh601166,兴业银行,17.78,50.375939849624054,0.909851725263182,-1.7679558011049739,洗盘,100.0,位置分位50.4%（中位）,2026-09-18
sh605488,福莱新材,30.1,43.70370370370371,0.8329374334942012,1.861252115059224,建仓后期,57.14285714285714,"位置分位43.7%（中低位）, MA20之上",2026-09-18
sh600500,中化国际,5.86,30.122591943957982,0.8417146872901272,6.352087114337578,建仓后期,66.66666666666666,"位置分位30.1%（中低位）, 低位涨6.4%, MA20之上",2026-09-18
sh603217,元利科技,27.21,64.73846153846155,0.8667894803709821,2.679245283018871,洗盘,85.71428571428571,位置分位64.7%（中位）,2026-09-18
sh603863,松炀资源,12.34,16.23931623931623,1.1819565022822878,-0.8835341365461802,建仓后期,66.66666666666666,位置分位16.2%（低位）,2026-09-18
sh600668,尖峰集团,7.19,8.880308880308881,1.0643526340039933,-1.9099590723055888,建仓初期,100.0,"位置分位8.9%（极低位）, MA20之下（低位）, MA60之下（低位）",2026-09-18
sh600282,南钢股份,4.5,10.556940980881118,1.0724629361789764,-0.06662225183211445,建仓后期,66.66666666666666,位置分位10.6%（低位）,2026-09-18
sh688710,益诺思生物,94.92,83.4902108433735,1.2321028621268155,-0.34645669291338405,拉升,57.14285714285714,"当日大涨5.24%, MA20之上, MA60之上, 价升量增",2026-09-18
sh600819,耀皮玻璃,5.57,27.511591962905733,0.9714912068915564,1.0889292196007352,建仓后期,75.0,位置分位27.5%（低位）,2026-09-18
sh688353,华盛锂电,84.13,11.317460317460311,0.8673185725653038,-7.7521929824561475,建仓后期,66.66666666666666,位置分位11.3%（低位）,2026-09-18
sh688091,上海谊众药业,39.83,14.715394566623536,1.404615822554778,-0.47476261869066666,建仓后期,88.88888888888889,"位置分位14.7%（低位）, MA20之上, 价升量增",2026-09-18
sh603716,塞力医疗,16.17,25.096525096525106,1.5054226708417002,2.083333333333345,建仓后期,85.71428571428571,"位置分位25.1%（低位）, 低位放量（量比1.51）, 价升量增",2026-09-18
sh600566,济川药业,25.19,56.38888888888892,0.7816489759667136,3.280032800328006,洗盘,100.0,位置分位56.4%（中位）,2026-09-18
sh601869,长飞光纤,454.99,57.98664537668748,1.0503976842494382,25.134763476347626,拉升,57.14285714285714,"20日大涨25.1%, MA20之上, MA60之上",2026-09-18
sh600246,万通发展,13.7,38.59790491539081,1.140046477748808,13.036303630363038,建仓后期,72.72727272727273,"位置分位38.6%（中低位）, 低位涨13.0%, 当日涨5.22%, MA20之上",2026-09-18
sh603137,恒尚节能,19.61,34.453092994674314,1.3026395387597378,-16.160752458315525,建仓后期,40.0,"位置分位34.5%（中低位）, 价升量增",2026-09-18
sh600807,济高发展,2.59,33.63636363636361,0.8390069848954788,-1.1450381679389408,建仓后期,50.0,位置分位33.6%（中低位）,2026-09-18
sh688565,力源科技,11.1,56.33333333333332,1.2859013347250048,-0.5376344086021551,洗盘,66.66666666666666,位置分位56.3%（中位）,2026-09-18
sh603318,水发燃气,9.11,23.007712082262202,0.6620740045939151,-4.507337526205448,建仓初期,62.5,"低位缩量（量比0.66）, MA20之下（低位）, 连续3天缩量",2026-09-18
sh601901,方正证券,6.83,37.872340425531895,0.9817043129481182,1.6369047619047667,建仓后期,50.0,位置分位37.9%（中低位）,2026-09-18
sh600098,广州发展,6.28,20.093457943925255,0.7884613943409701,0.6410256410256416,建仓后期,100.0,"位置分位20.1%（低位）, MA20之上",2026-09-18
sh600997,开滦股份,5.16,24.553571428571427,0.9174956893392635,-6.690777576853528,建仓后期,66.66666666666666,位置分位24.6%（低位）,2026-09-18
sh600666,奥瑞德,3.54,15.336134453781513,0.8895889690260314,1.7241379310344844,建仓后期,90.0,"位置分位15.3%（低位）, 当日涨3.21%, MA20之上",2026-09-18
sh600539,狮头股份,13.31,6.9044879171461435,0.7647485109368678,-11.912640635340829,建仓初期,100.0,"位置分位6.9%（极低位）, MA20之下（低位）, MA60之下（低位）",2026-09-18
sh601798,蓝科高新,7.45,31.25000000000001,0.9818251143873918,-3.6222509702457986,建仓后期,50.0,位置分位31.3%（中低位）,2026-09-18
sh688290,景业智能,64.3,56.565064478311825,1.581593317688308,-3.453453453453449,拉升,62.5,"中位放量（量比1.58）, MA20之上, MA60之上, 价升量增",2026-09-18
sh600163,中闽能源,6.18,49.35897435897436,1.1634984751069455,26.122448979591823,建仓后期,75.0,"位置分位49.4%（中低位）, 低位涨26.1%, 当日涨4.22%, MA20之上",2026-09-18
sh600231,凌钢股份,1.69,24.0,1.2200689486295528,-0.5882352941176475,建仓后期,75.0,位置分位24.0%（低位）,2026-09-18
sh603677,奇精机械,14.16,31.327160493827154,0.924784464048403,3.4331628926223567,建仓后期,57.14285714285714,"位置分位31.3%（中低位）, MA20之上",2026-09-18
sh600882,妙可蓝多,19.12,42.072409488139826,0.9076648820449069,-5.205751115518099,建仓后期,50.0,位置分位42.1%（中低位）,2026-09-18
sh601699,潞安环能,15.19,36.93525179856115,1.3060097812993252,-8.987417615338536,建仓后期,50.0,位置分位36.9%（中低位）,2026-09-18
sh601012,隆基绿能,11.23,4.551365409622883,1.2320991277046225,-9.581320450885663,建仓初期,91.66666666666666,"位置分位4.6%（极低位）, MA20之下（低位）, MA60之下（低位）",2026-09-18
sh688082,盛美上海半导体,292.77,48.09807159101529,1.3402072352550718,-2.7665227499169847,建仓后期,70.0,"位置分位48.1%（中低位）, 当日涨3.65%, MA20之上, 价升量增",2026-09-18
sh688120,华海清科,263.43,56.41339597619988,1.583908040956773,-3.0437983069561954,拉升,53.84615384615385,"中位放量（量比1.58）, MA20之上",2026-09-18
sh603700,宁水集团,11.19,33.39882121807464,0.7109250691537539,-2.0140105078809145,建仓后期,50.0,位置分位33.4%（中低位）,2026-09-18
sh688377,迪威尔高端制造,17.03,4.613501553526035,1.0951827416345437,-16.149679960610523,建仓初期,100.0,"位置分位4.6%（极低位）, 低位跌-16.1%, MA20之下（低位）, MA60之下（低位）",2026-09-18
sh603365,水星家纺,16.15,7.352941176470572,0.97433345914971,-9.826912339475163,建仓初期,100.0,"位置分位7.4%（极低位）, MA20之下（低位）, MA60之下（低位）",2026-09-18
sh600141,兴发集团,29.33,12.739758465545814,1.1447407775726317,-4.400260756192964,建仓后期,66.66666666666666,位置分位12.7%（低位）,2026-09-18
sh600863,华能蒙电,4.73,18.30238726790452,0.8420438014845334,2.6030368763557505,建仓后期,75.0,位置分位18.3%（低位）,2026-09-18
sh600644,乐山电力,9.78,41.08597285067872,0.8524949155389265,12.54315304948216,建仓后期,66.66666666666666,"位置分位41.1%（中低位）, 低位涨12.5%, MA20之上",2026-09-18
sh688383,新益昌科技,142.3,54.88884092380747,0.9539717563761805,11.827111984282917,洗盘,50.0,位置分位54.9%（中位）,2026-09-18
sh603360,百傲化学,12.91,10.224586288416077,1.64725342262149,2.055335968379445,建仓后期,82.35294117647058,"位置分位10.2%（低位）, 低位放量（量比1.65）, 当日涨4.70%, 价升量增",2026-09-18
sh603068,博通集成,39.81,67.81206171107996,1.792797917920559,3.1347150259067376,拉升,68.42105263157895,"中位放量（量比1.79）, 当日大涨10.00%, MA20之上, MA60之上, 价升量增",2026-09-18
sh603099,长白山,39.26,65.2529381706694,1.4490574159510827,-1.1829851497608832,洗盘,54.54545454545454,位置分位65.3%（中位）,2026-09-18
sh688323,瑞华泰薄膜科技,26.6,13.184898354307844,0.7993428076199397,-9.33878663940013,建仓后期,87.5,"位置分位13.2%（低位）, MA20之上",2026-09-18
sh603838,*ST四通,13.79,99.72714870395633,1.0593700571656308,17.662116040955617,拉升,50.0,"20日大涨17.7%, MA20之上, MA60之上",2026-09-18
sh600075,新疆天业,4.55,17.615176151761517,0.8749601894133875,-1.7278617710583168,建仓后期,75.0,位置分位17.6%（低位）,2026-09-18
sh601898,中煤能源,13.86,29.985835694050976,0.9613996398035267,-1.5834694312291466,建仓后期,75.0,位置分位30.0%（低位）,2026-09-18
sh603301,振德医疗,81.97,21.387940841865756,1.0538518845118818,0.18332925934979918,建仓后期,66.66666666666666,位置分位21.4%（低位）,2026-09-18
sh603290,斯达半导,88.51,14.044197560681088,1.6310574808404663,-9.646794610044905,建仓后期,94.73684210526315,"位置分位14.0%（低位）, 低位放量（量比1.63）, 当日涨3.29%, MA20之上, 连续3天放量, 价升量增",2026-09-18
sh600880,博瑞传播,5.08,77.88944723618093,1.0371910105306936,32.637075718015666,拉升,64.70588235294117,"20日大涨32.6%, 当日大涨3.25%, MA20之上, MA60之上",2026-09-18
sh688583,杭州思看科技,80.51,44.030323655737334,0.9503005770058459,-8.125071322606402,建仓后期,50.0,位置分位44.0%（中低位）,2026-09-18
sh688663,新风光科技,56.2,49.59449209405451,1.2201889931087244,0.4647836968180285,建仓后期,62.5,"位置分位49.6%（中低位）, MA20之上, 价升量增",2026-09-18
sh603082,北自科技股份,51.4,86.63200891199405,0.8762688372763763,25.67237163814181,拉升,50.0,"20日大涨25.7%, MA20之上, MA60之上",2026-09-18
sh688716,中研股份,25.87,10.875160875160885,1.1186807284880171,-6.572769953051644,建仓后期,72.72727272727273,"位置分位10.9%（低位）, 当日涨3.03%",2026-09-18
sh601231,环旭电子,26.99,21.450498848810433,0.9106520022571402,-0.8449669360764159,建仓后期,100.0,"位置分位21.5%（低位）, MA20之上",2026-09-18
sh688593,新相微,31.13,32.29946524064171,0.9452962831111249,-8.92334698654184,建仓后期,57.14285714285714,"位置分位32.3%（中低位）, MA20之上",2026-09-18
sh605199,ST葫芦娃,5.77,27.678571428571402,0.7118627032188356,-1.7035775127768402,建仓初期,50.0,"MA20之下（低位）, MA60之下（低位）, 连续3天缩量",2026-09-18
sh688325,赛微微电子,109.09,26.139167626254316,1.2445122314543937,-0.6013667425968078,建仓后期,91.66666666666666,"位置分位26.1%（低位）, MA20之上, 连续3天放量, 价升量增",2026-09-18
sh603722,阿科力,28.95,16.57871591908531,0.9252781157656875,-2.590847913862717,建仓后期,66.66666666666666,位置分位16.6%（低位）,2026-09-18
sh688539,高华科技,24.53,13.63910162636607,1.5458902887244639,-4.067266327727802,建仓后期,93.75,"位置分位13.6%（低位）, 低位放量（量比1.55）, 当日涨5.37%, MA20之上, 价升量增",2026-09-18
sh603306,华懋科技,83.52,43.941064755253315,1.1400959090827925,12.469701050363573,建仓后期,72.72727272727273,"位置分位43.9%（中低位）, 低位涨12.5%, 当日涨3.87%, MA20之上",2026-09-18
sh601003,柳钢股份,3.56,16.759776536312863,0.8590556623151959,-0.5586592178770954,建仓后期,66.66666666666666,位置分位16.8%（低位）,2026-09-18
sh688611,杭州柯林股份,69.6,54.130434782608674,0.4903639336190505,8.3943311010746,洗盘,64.70588235294117,"位置分位54.1%（中位）, 中位缩量（量比0.49）",2026-09-18
sh603968,醋化股份,10.31,29.92831541218638,0.8809961997179664,-0.8653846153846141,建仓后期,75.0,位置分位29.9%（低位）,2026-09-18
sh605189,富春染织,14.05,24.154038965477962,1.2062784340861483,-2.7681660899653884,建仓后期,66.66666666666666,位置分位24.2%（低位）,2026-09-18
sh688582,芯动联科,39.5,13.842482100238668,1.2807220707329032,-5.048076923076927,建仓后期,70.0,"位置分位13.8%（低位）, 价升量增",2026-09-18
sh605006,山东玻纤,16.89,46.625421822272216,0.7450305565372634,19.02748414376322,建仓后期,70.0,"位置分位46.6%（中低位）, 低位涨19.0%, MA20之上",2026-09-18
sh688079,美迪凯股份,16.84,22.186642268984446,1.6306518892375286,5.44771446462116,建仓后期,93.75,"位置分位22.2%（低位）, 低位放量（量比1.63）, 低位涨5.4%, MA20之上, 价升量增",2026-09-18
sh600859,王府井,9.72,20.630372492836692,1.0535231766747988,0.41322314049587733,建仓后期,66.66666666666666,位置分位20.6%（低位）,2026-09-18
sh603767,中马传动,13.41,7.639419404125286,1.1843886897650338,-7.389502762430941,建仓初期,100.0,"位置分位7.6%（极低位）, MA20之下（低位）, MA60之下（低位）",2026-09-18
sh600379,宝光股份,14.43,45.14789828749352,1.200115541301035,-7.023195876288659,建仓后期,62.5,"位置分位45.1%（中低位）, MA20之上, 价升量增",2026-09-18
sh603817,海峡环保,5.74,24.816053511705682,1.0641257980873784,1.413427561837457,建仓后期,75.0,位置分位24.8%（低位）,2026-09-18
sh688170,德龙激光,70.32,50.085062946580464,1.0143743199551207,32.804532577903665,拉升,57.14285714285714,"20日大涨32.8%, MA20之上, MA60之上",2026-09-18
sh603219,富佳股份,12.78,15.498652291105103,1.0519616067422306,-5.47337278106509,建仓后期,66.66666666666666,位置分位15.5%（低位）,2026-09-18
sh600968,海油发展,3.95,51.0127531882971,0.8237603068499477,-1.2499999999999956,洗盘,85.71428571428571,位置分位51.0%（中位）,2026-09-18
sh600482,中国动力,33.95,45.082701379351555,0.9501024466674701,6.326338866269976,建仓后期,72.72727272727273,"位置分位45.1%（中低位）, 低位涨6.3%, 当日涨4.14%, MA20之上",2026-09-18
sh603580,艾艾精工,65.03,67.65320717350643,1.223329117668057,-19.49740034662045,洗盘,40.0,位置分位67.7%（中位）,2026-09-18
sh600635,大众公用,4.52,20.476190476190457,0.8221226379013187,0.6681514476614556,建仓后期,66.66666666666666,位置分位20.5%（低位）,2026-09-18
sh603506,南都物业,11.49,58.667753106539024,1.1331116613907894,6.094182825484766,洗盘,50.0,位置分位58.7%（中位）,2026-09-18
sh603515,欧普照明,14.56,1.5360983102918537,1.122167152207635,-10.674846625766872,建仓初期,100.0,"位置分位1.5%（极低位）, MA20之下（低位）, MA60之下（低位）",2026-09-18
sh603223,恒通股份,10.02,25.662482566248258,1.1375167520693732,-4.206500956022956,建仓后期,66.66666666666666,位置分位25.7%（低位）,2026-09-18
sh601567,三星电气,14.27,9.488666315234576,0.6892212017234002,-3.8409703504043144,建仓初期,93.33333333333333,"位置分位9.5%（极低位）, 低位缩量（量比0.69）, MA60之下（低位）",2026-09-18
sh603276,恒兴新材料科技,17.95,89.93055555555553,1.0136467165578884,11.283323000619966,出货,57.14285714285714,位置分位89.9%（极高位）,2026-09-18
sh600958,东方证券,8.83,19.565217391304333,1.0475664699464504,-0.897867564534232,建仓后期,66.66666666666666,位置分位19.6%（低位）,2026-09-18
sh603038,华立股份,17.35,85.13888888888889,0.8888224410846772,3.6439665471923717,出货,72.72727272727273,位置分位85.1%（极高位）,2026-09-18
sh600658,电子城,4.07,23.89380530973453,0.9220951977019914,1.750000000000007,建仓后期,75.0,位置分位23.9%（低位）,2026-09-18
sh600851,海欣股份,8.27,36.968085106382965,1.102508675708359,-5.593607305936075,建仓后期,50.0,位置分位37.0%（中低位）,2026-09-18
sh688557,兰剑智能,19.75,34.693378939653066,0.9836425751313628,-7.015065913370991,建仓后期,50.0,位置分位34.7%（中低位）,2026-09-18
sh688070,成都纵横,33.06,15.939922480620169,1.592438939229626,-4.284887087434849,建仓后期,82.35294117647058,"位置分位15.9%（低位）, 低位放量（量比1.59）, 当日涨4.95%, 价升量增",2026-09-18
sh600088,中视传媒,15.76,58.4581005586592,0.9783449175724384,38.732394366197184,拉升,57.14285714285714,"20日大涨38.7%, MA20之上, MA60之上",2026-09-18
sh601005,重庆钢铁,1.2,23.52941176470585,0.7534772437790617,1.6949152542372898,建仓后期,75.0,位置分位23.5%（低位）,2026-09-18
sh603020,爱普股份,11.43,41.42394822006472,1.072387962221503,13.618290258449296,建仓后期,66.66666666666666,"位置分位41.4%（中低位）, 低位涨13.6%, MA20之上",2026-09-18
sh600650,锦江在线,10.31,23.318385650224233,0.9265138544904505,-0.29013539651836906,建仓后期,66.66666666666666,位置分位23.3%（低位）,2026-09-18
sh688053,ST思科瑞微电子,40.23,74.24242424242422,1.4655235457522757,15.404475043029253,拉升,68.42105263157895,"20日大涨15.4%, 当日大涨4.22%, MA20之上, MA60之上, 价升量增",2026-09-18
sh688269,西安凯立新材,26.91,8.207792207792219,2.3738772720072006,-16.324626865671632,建仓初期,70.0,"位置分位8.2%（极低位）, 低位跌-16.3%, MA20之下（低位）, MA60之下（低位）",2026-09-18
sh603328,依顿电子,13.22,71.52720243026789,0.7646634167018858,19.42186088527552,拉升,50.0,"20日大涨19.4%, MA20之上, MA60之上",2026-09-18
sh600337,ST美克,3.11,60.48387096774193,1.5115812143573564,-2.8125000000000093,拉升,57.14285714285714,"中位放量（量比1.51）, MA60之上, 价升量增",2026-09-18
sh688400,凌云光技术,47.29,26.926668497665478,1.1115441924254867,0.06347862886161901,建仓后期,87.5,"位置分位26.9%（低位）, MA20之上",2026-09-18
sh605228,神通科技,10.7,13.949433304271997,1.0669606980820463,1.6144349477682804,建仓后期,87.5,"位置分位13.9%（低位）, MA20之上",2026-09-18
sh688189,ST南新制药,6.48,17.06081081081082,1.0539861233478638,-0.30769230769230116,建仓后期,66.66666666666666,位置分位17.1%（低位）,2026-09-18
sh603488,展鹏科技,7.99,23.855755894590853,0.8756403414247788,-2.3227383863080626,建仓后期,66.66666666666666,位置分位23.9%（低位）,2026-09-18
sh600630,龙头股份,8.29,51.01659751037343,1.8604394665725494,24.47447447447446,拉升,75.0,"中位放量（量比1.86）, 20日大涨24.5%, 当日大涨9.95%, MA20之上, MA60之上, 价升量增",2026-09-18
sh688102,陕西斯瑞新材股份,31.5,25.631911532385466,1.2271213447581786,-7.78688524590163,建仓后期,70.0,"位置分位25.6%（低位）, 价升量增",2026-09-18
sh603232,格尔软件,16.31,33.07952622673434,1.5361000053904135,10.651289009497955,建仓后期,52.94117647058824,"位置分位33.1%（中低位）, 低位涨10.7%, 当日涨9.98%, MA20之上, 价升量增",2026-09-18
sh600262,北方股份,15.09,35.57258174852921,1.1150576542179957,3.925619834710746,建仓后期,50.0,位置分位35.6%（中低位）,2026-09-18
sh688151,华强科技,16.69,38.71880627733472,0.7011800031188552,4.902576995600259,洗盘,60.0,连续3天缩量,2026-09-18
sh600007,中国国贸,19.88,59.602649006622485,0.893087918543176,6.881720430107513,洗盘,50.0,位置分位59.6%（中位）,2026-09-18
sh600195,中牧股份,6.62,30.77702702702703,1.3127182706334821,-1.3412816691505194,建仓后期,50.0,位置分位30.8%（中低位）,2026-09-18
sh600307,酒钢宏兴,1.48,15.584415584415574,0.9223633146901039,3.4965034965034993,建仓后期,75.0,位置分位15.6%（低位）,2026-09-18
sh603602,纵横通信,11.35,41.26679462571977,0.8735117045607427,-2.3235800344234043,建仓后期,50.0,位置分位41.3%（中低位）,2026-09-18
sh603810,丰山集团,11.65,26.891300826178522,0.7813773323314318,-5.207485760781114,建仓后期,54.54545454545454,位置分位26.9%（低位）,2026-09-18
sh603528,多伦科技,6.4,33.00970873786409,1.2654704042386309,3.2258064516129057,建仓后期,57.14285714285714,"位置分位33.0%（中低位）, MA20之上",2026-09-18
sh605567,春雪食品,9.03,38.64229765013052,0.6805184224264763,-0.7692307692307724,洗盘,78.57142857142857,"中位缩量（量比0.68）, 连续3天缩量",2026-09-18
sh688522,纳睿雷达科技,18.1,10.185865798592907,1.8573923145326128,-2.6881720430107525,建仓后期,82.35294117647058,"位置分位10.2%（低位）, 低位放量（量比1.86）, 当日涨3.96%, 价升量增",2026-09-18
sh603035,常熟汽饰,10.19,4.777070063694247,0.9294284642991054,-7.531760435571688,建仓初期,100.0,"位置分位4.8%（极低位）, MA20之下（低位）, MA60之下（低位）",2026-09-18
sh603111,康尼机电,6.01,43.039677202420954,1.2192340300999744,7.321428571428575,建仓后期,66.66666666666666,"位置分位43.0%（中低位）, 低位涨7.3%, 价升量增",2026-09-18
sh601700,风范股份,6.35,47.629310344827594,1.1239745784458766,-9.415121255349503,建仓后期,50.0,位置分位47.6%（中低位）,2026-09-18
sh600104,上汽集团,11.1,35.62962962962962,0.6325550438427555,9.467455621301765,洗盘,64.70588235294117,"中位缩量（量比0.63）, 连续3天缩量",2026-09-18
sh603708,家家悦,9.0,20.87912087912087,0.8638649841561012,-0.2217294900221682,建仓后期,66.66666666666666,位置分位20.9%（低位）,2026-09-18
sh603051,鹿山新材,25.67,94.7426067907996,1.421712293670821,21.256495040151155,拉升,61.904761904761905,"20日大涨21.3%, 当日大涨7.86%, MA20之上, MA60之上, 价升量增",2026-09-18
sh603236,移远通信,72.54,91.94343965800728,0.9359461795142349,26.068821689259657,拉升,50.0,"20日大涨26.1%, MA20之上, MA60之上",2026-09-18
sh603997,继峰股份,12.57,32.43243243243244,1.1942927773491534,8.549222797927463,建仓后期,66.66666666666666,"位置分位32.4%（中低位）, 低位涨8.5%, MA20之上",2026-09-18
sh603898,好莱客,10.89,13.381048700793544,1.029841026177767,-3.0276046304541393,建仓后期,66.66666666666666,位置分位13.4%（低位）,2026-09-18
sh601228,广州港,3.07,45.909090909090885,0.8056834352107064,1.9933554817275767,建仓后期,50.0,位置分位45.9%（中低位）,2026-09-18
sh688191,智洋创新科技,21.32,21.014413026735618,1.4194813296072355,-1.931922723091068,建仓后期,90.9090909090909,"位置分位21.0%（低位）, 当日涨6.65%, MA20之上, 价升量增",2026-09-18
sh601112,振石股份,17.0,38.621839399833284,1.4318864514322445,11.695137976346908,建仓后期,75.0,"位置分位38.6%（中低位）, 低位涨11.7%, 当日涨3.79%, MA20之上, 价升量增",2026-09-18
sh688655,迅捷兴科技,65.01,89.0042372881356,0.9527653866531426,53.4702549575071,拉升,57.89473684210527,"20日大涨53.5%, 当日大涨6.36%, MA20之上, MA60之上",2026-09-18
sh688818,中电科蓝天科技,43.1,3.6495670794153265,1.4868900432110432,-8.14151747655584,建仓初期,78.57142857142857,"位置分位3.6%（极低位）, MA20之下（低位）, MA60之下（低位）",2026-09-18
sh603327,福蓉科技,8.41,23.658536585365855,1.1197888904853943,-9.860664523043944,建仓后期,66.66666666666666,位置分位23.7%（低位）,2026-09-18
sh603779,威龙股份,8.24,28.71736662883088,0.7051169846548807,6.735751295336794,建仓后期,100.0,"位置分位28.7%（低位）, 低位涨6.7%, MA20之上",2026-09-18
sh688318,财富趋势,80.52,60.35064059339176,1.1258065372446102,5.076340858671539,拉升,53.84615384615385,"20日涨5.1%, 当日大涨4.33%, MA60之上",2026-09-18
sh688097,博众精工科技,46.52,21.23474225764149,1.5625554141379268,-5.254582484725048,建仓后期,93.75,"位置分位21.2%（低位）, 低位放量（量比1.56）, 当日涨3.31%, MA20之上, 价升量增",2026-09-18
sh601139,深圳燃气,6.34,48.29545454545453,0.7167759274962602,0.9554140127388472,建仓后期,50.0,位置分位48.3%（中低位）,2026-09-18
sh600981,苏豪汇鸿,2.39,24.761904761904777,1.0627741814331244,-0.4166666666666578,建仓后期,75.0,位置分位24.8%（低位）,2026-09-18
sh600879,航天电子,14.72,6.8690449811655325,1.466302610304306,1.0989010989010999,建仓初期,69.23076923076923,"位置分位6.9%（极低位）, MA60之下（低位）",2026-09-18
sh600378,昊华科技,48.0,31.078340380186315,1.1040111359840703,1.6088060965283615,建仓后期,57.14285714285714,"位置分位31.1%（中低位）, MA20之上",2026-09-18
sh600511,国药股份,26.06,24.547803617571034,0.8691007393414324,-1.2878787878787874,建仓后期,66.66666666666666,位置分位24.5%（低位）,2026-09-18
sh601577,长沙银行,9.79,78.21229050279325,0.8709596082244753,2.8361344537815083,出货,85.71428571428571,位置分位78.2%（中高位）,2026-09-18
sh603685,晨丰科技,27.53,31.300514327700224,0.9535603715170279,10.91861402095085,建仓后期,66.66666666666666,"位置分位31.3%（中低位）, 低位涨10.9%, MA20之上",2026-09-18
sh600787,中储股份,4.56,33.39882121807464,0.7391127039591361,1.1086474501108607,建仓后期,50.0,位置分位33.4%（中低位）,2026-09-18
sh603737,三棵树,20.61,2.7758501040943777,1.5571201669696713,-18.505338078291814,建仓初期,70.0,"位置分位2.8%（极低位）, 低位跌-18.5%, MA20之下（低位）, MA60之下（低位）",2026-09-18
sh603350,安乃达,27.68,14.468425259792154,0.850239763924751,-1.5997156061144662,建仓后期,66.66666666666666,位置分位14.5%（低位）,2026-09-18
sh600020,中原高速,3.82,60.00000000000002,1.2144986675689826,2.13903743315507,洗盘,85.71428571428571,位置分位60.0%（中位）,2026-09-18
sh603616,韩建河山,5.5,32.62032085561497,0.835187412063115,0.9174311926605472,建仓后期,50.0,位置分位32.6%（中低位）,2026-09-18
sh600551,时代出版,7.52,34.653465346534645,0.9996552858776891,9.620991253644304,建仓后期,62.5,"位置分位34.7%（中低位）, 低位涨9.6%",2026-09-18
sh600985,淮北矿业,16.44,63.36477987421386,1.1102297005562818,-8.81863560732113,洗盘,85.71428571428571,位置分位63.4%（中位）,2026-09-18
sh600031,三一重工,17.89,23.965517241379317,0.8046580528867339,-4.840425531914894,建仓后期,66.66666666666666,位置分位24.0%（低位）,2026-09-18
sh600161,天坛生物,12.17,24.17582417582417,0.9478090181036103,0.16460905349793886,建仓后期,66.66666666666666,位置分位24.2%（低位）,2026-09-18
sh600545,卓郎智能,4.55,24.803149606299215,0.7527145537720981,7.05882352941176,建仓后期,75.0,"位置分位24.8%（低位）, 低位涨7.1%, MA20之上",2026-09-18
sh688362,甬矽电子,64.79,33.87249114521843,1.7528035625713452,-0.1387176325523878,建仓后期,46.666666666666664,"位置分位33.9%（中低位）, 当日涨5.49%, MA20之上, 价升量增",2026-09-18
sh603927,中科软,13.59,27.944111776447112,1.1782834979664978,3.032600454890071,建仓后期,75.0,位置分位27.9%（低位）,2026-09-18
sh688631,莱斯信息,37.42,6.96721311475411,0.8835219654513423,-5.719324766943805,建仓初期,100.0,"位置分位7.0%（极低位）, MA20之下（低位）, MA60之下（低位）",2026-09-18
sh603013,亚普股份,14.32,4.100529100529107,0.8126471914616425,-11.495673671199008,建仓初期,100.0,"位置分位4.1%（极低位）, MA20之下（低位）, MA60之下（低位）",2026-09-18
sh603005,晶方科技,30.63,16.395112016293275,1.6712454749737446,-6.473282442748094,建仓后期,92.85714285714286,"位置分位16.4%（低位）, 低位放量（量比1.67）, MA20之上, 价升量增",2026-09-18
sh688425,铁建重工,3.96,7.037037037037029,0.8768109836339025,-2.2222222222222188,建仓初期,100.0,"位置分位7.0%（极低位）, MA20之下（低位）, MA60之下（低位）",2026-09-18
sh600688,上海石化,2.8,11.538461538461506,0.7721833633345381,-1.0600706713781005,建仓后期,66.66666666666666,位置分位11.5%（低位）,2026-09-18
sh603010,万盛股份,12.29,30.901287553648054,0.7972698258661725,4.50680272108843,建仓后期,57.14285714285714,"位置分位30.9%（中低位）, MA20之上",2026-09-18
sh603982,泉峰汽车,6.21,37.24832214765102,0.8539482946259757,1.8032786885245955,建仓后期,50.0,位置分位37.2%（中低位）,2026-09-18
sh600251,冠农股份,10.22,38.83089770354908,0.7907099892734456,-0.8729388942773992,建仓后期,50.0,位置分位38.8%（中低位）,2026-09-18
sh603666,亿嘉和,25.9,49.42837928715533,1.4299102083514952,-2.5216409484380944,建仓后期,62.5,"位置分位49.4%（中低位）, MA20之上, 价升量增",2026-09-18
sh601001,晋控煤业,16.81,21.64071856287423,0.8800239538264815,-0.17814726840855782,建仓后期,66.66666666666666,位置分位21.6%（低位）,2026-09-18
sh600118,中国卫星,59.6,7.565982404692084,1.6747695069272288,-4.025764895330113,建仓初期,50.0,"位置分位7.6%（极低位）, MA60之下（低位）",2026-09-18
sh600340,*ST华幸,1.11,18.367346938775526,2.1540085094978054,1.8348623853211024,建仓后期,100.0,"位置分位18.4%（低位）, 低位放量（量比2.15）, 当日涨3.74%, MA20之上, 价升量增",2026-09-18
sh601002,晋亿实业,5.24,42.023346303501945,1.1254880994180045,-0.5692599620493238,建仓后期,50.0,位置分位42.0%（中低位）,2026-09-18
sh601339,百隆东方,7.27,31.297709923664097,0.9191772009641691,-5.584415584415591,建仓后期,50.0,位置分位31.3%（中低位）,2026-09-18
sh600715,文投控股,1.63,25.316455696202517,0.9100991488286141,3.8216560509554034,建仓后期,75.0,位置分位25.3%（低位）,2026-09-18
sh688679,通源环境,42.57,33.75578354455844,0.9913842892648691,5.63275434243177,建仓后期,66.66666666666666,"位置分位33.8%（中低位）, 低位涨5.6%, MA20之上",2026-09-18
sh603260,合盛硅业,32.6,6.301502666020363,0.9531814989204235,-7.360045467462337,建仓初期,100.0,"位置分位6.3%（极低位）, MA20之下（低位）, MA60之下（低位）",2026-09-18
sh601678,滨化股份,6.0,41.58730158730158,1.3292705224145194,-7.264296754250382,建仓后期,57.14285714285714,"位置分位41.6%（中低位）, 价升量增",2026-09-18
sh688210,泛海统联精密制造,28.35,18.52344529431327,0.8618590807186676,-8.518877057115189,建仓后期,72.72727272727273,"位置分位18.5%（低位）, 当日涨3.50%",2026-09-18
sh600085,同仁堂,23.22,26.695526695526667,1.0881659309427345,-2.3138409760201966,建仓后期,66.66666666666666,位置分位26.7%（低位）,2026-09-18
sh688667,菱电电控,98.59,24.344685242518064,1.1535422772146677,8.459845984598457,建仓后期,100.0,"位置分位24.3%（低位）, 低位涨8.5%, 当日涨4.46%, MA20之上",2026-09-18
sh603395,中盐红四方,25.58,43.19880418535126,1.3558758288610544,-7.251631617113851,建仓后期,57.14285714285714,"位置分位43.2%（中低位）, 价升量增",2026-09-18
sh600814,杭州解百,6.93,46.428571428571416,0.985589983098768,3.8980509745127407,建仓后期,50.0,位置分位46.4%（中低位）,2026-09-18
sh688050,爱博诺德医疗,37.68,13.649025069637895,1.226285980701673,-6.916996047430823,建仓后期,70.0,"位置分位13.6%（低位）, 价升量增",2026-09-18
sh603618,杭电股份,39.91,52.06428373510666,1.0363054582007198,39.88783736417804,拉升,64.70588235294117,"20日大涨39.9%, 当日大涨3.31%, MA20之上, MA60之上",2026-09-18
sh603031,安孚科技,42.69,33.71206367530454,0.7658769659565996,8.958652373660026,建仓后期,66.66666666666666,"位置分位33.7%（中低位）, 低位涨9.0%, MA20之上",2026-09-18
sh603072,天和磁材科技,30.37,10.20104244229338,0.9263471463704697,-3.617899079657253,建仓后期,66.66666666666666,位置分位10.2%（低位）,2026-09-18
sh603383,顶点软件,27.03,20.998864926220214,1.0535870327749812,-5.456453305351517,建仓后期,66.66666666666666,位置分位21.0%（低位）,2026-09-18
sh688223,晶科能源,3.88,3.8929440389294334,1.3423670943635024,-11.617312072892934,建仓初期,78.57142857142857,"位置分位3.9%（极低位）, MA20之下（低位）, MA60之下（低位）",2026-09-18
sh603166,福达股份,11.03,22.522522522522518,1.571099707448084,0.5469462169553211,建仓后期,92.85714285714286,"位置分位22.5%（低位）, 低位放量（量比1.57）, MA20之上, 价升量增",2026-09-18
sh688330,宏力达信息,36.36,25.34541539565763,1.1772124507592114,9.915356711003632,建仓后期,100.0,"位置分位25.3%（低位）, 低位涨9.9%, MA20之上",2026-09-18
sh603357,设计总院,5.84,7.59999999999998,0.9504862953138815,-1.3513513513513526,建仓初期,100.0,"位置分位7.6%（极低位）, MA20之下（低位）, MA60之下（低位）",2026-09-18
sh688278,特宝生物,51.5,14.158335584977017,1.1527793221109666,-16.77440206851972,建仓后期,57.14285714285714,"位置分位14.2%（低位）, 当日涨3.10%",2026-09-18
sh603959,ST百利,4.46,22.77777777777777,0.6419494902172915,-12.20472440944882,建仓初期,62.5,"低位缩量（量比0.64）, MA20之下（低位）, MA60之下（低位）, 价跌量缩",2026-09-18
sh600160,巨化股份,34.74,13.07922272047834,1.4818212286911927,-10.232558139534884,建仓后期,66.66666666666666,位置分位13.1%（低位）,2026-09-18
sh601975,招商南油,4.64,51.04663973558574,0.9896405867777794,16.87657430730477,拉升,57.14285714285714,"20日大涨16.9%, MA20之上, MA60之上",2026-09-18
sh605151,西上海,18.21,35.76222435282838,0.8782429760735948,-6.2789500772002,建仓后期,50.0,位置分位35.8%（中低位）,2026-09-18
sh603956,威派格,7.07,73.63896848137537,1.047037343642588,9.104938271604937,拉升,60.0,"20日涨9.1%, 当日大涨3.51%, MA20之上, MA60之上",2026-09-18
sh603119,浙江荣泰股份,55.06,29.956847603906432,1.290582708084987,10.362798155943079,建仓后期,100.0,"位置分位30.0%（低位）, 低位涨10.4%, MA20之上, 价升量增",2026-09-18
sh688687,北京凯因科技,17.22,36.6573033707865,1.400123465948833,-5.280528052805286,建仓后期,57.14285714285714,"位置分位36.7%（中低位）, 价升量增",2026-09-18
sh600363,联创光电,16.06,3.4388238225766234,1.6415532888350428,-11.806699615595837,建仓初期,57.89473684210527,"位置分位3.4%（极低位）, MA20之下（低位）, MA60之下（低位）",2026-09-18
sh688646,逸飞激光,79.82,94.69281799826939,1.6399108292145907,9.073517354468414,出货,54.166666666666664,"位置分位94.7%（极高位）, 高位放量（量比1.64）",2026-09-18
sh603899,晨光股份,21.74,35.41979010494748,1.0139439957570509,-2.1161638901395876,建仓后期,50.0,位置分位35.4%（中低位）,2026-09-18
sh688510,航亚科技,24.51,27.906976744186057,1.0130708961805692,2.9399412011759884,建仓后期,75.0,位置分位27.9%（低位）,2026-09-18
sh603093,南华期货,12.72,24.859165101834467,0.7583014778632835,12.566371681415928,建仓后期,80.0,"位置分位24.9%（低位）, 低位涨12.6%",2026-09-18
sh600376,首开股份,3.17,8.370044052863433,1.3442480571378845,-10.198300283286116,建仓初期,91.66666666666666,"位置分位8.4%（极低位）, MA20之下（低位）, MA60之下（低位）",2026-09-18
sh600764,中国海防,18.66,21.995192307692328,0.8957762449210999,7.241379310344836,建仓后期,100.0,"位置分位22.0%（低位）, 低位涨7.2%, MA20之上",2026-09-18
sh605018,长华集团,11.52,14.297808296491388,0.8793345984271296,-10.419906687402799,建仓后期,66.66666666666666,位置分位14.3%（低位）,2026-09-18
sh688003,天准科技,83.7,33.49418839638934,1.1594576724532404,-1.529411764705879,建仓后期,66.66666666666666,"位置分位33.5%（中低位）, 当日涨3.08%, MA20之上",2026-09-18
sh688004,北京博汇科技,35.27,84.62572837292694,1.0273445687677374,60.97672295755364,出货,52.94117647058824,"位置分位84.6%（中高位）, 当日大跌-4.93%",2026-09-18
sh605588,冠石科技,47.1,33.02850995158688,1.2450537275109477,-1.2578616352201286,建仓后期,70.0,"位置分位33.0%（中低位）, 当日涨3.81%, MA20之上, 价升量增",2026-09-18
sh603819,神力股份,15.75,76.83772538141469,0.8382285157806819,15.638766519823797,拉升,57.14285714285714,"20日大涨15.6%, MA20之上, MA60之上",2026-09-18
sh688127,蓝特光学,70.49,31.853943917692142,1.1645180610387458,7.2417465388711255,建仓后期,66.66666666666666,"位置分位31.9%（中低位）, 低位涨7.2%, MA20之上",2026-09-18
sh600562,国睿科技,27.54,71.64543709649276,0.7216766441698461,5.88235294117646,出货,60.0,位置分位71.6%（中高位）,2026-09-18
sh688352,颀中科技,19.47,59.017651573292405,1.0074569211005,5.1295896328293695,洗盘,50.0,位置分位59.0%（中位）,2026-09-18
sh603179,新泉股份,40.0,18.09836065573771,1.0074508692680813,8.902804247209376,建仓后期,90.0,"位置分位18.1%（低位）, 低位涨8.9%, MA20之上",2026-09-18
sh600743,华远控股,2.12,18.497109826589604,1.6160881981136657,-4.932735426008963,建仓后期,80.0,"位置分位18.5%（低位）, 低位放量（量比1.62）, 价升量增",2026-09-18
sh603813,原尚股份,26.41,22.185430463576164,0.8661883085152894,-9.585758301951389,建仓后期,66.66666666666666,位置分位22.2%（低位）,2026-09-18
sh603212,赛伍技术,11.82,37.08609271523179,1.5369988594153132,2.6933101650738536,建仓后期,46.666666666666664,"位置分位37.1%（中低位）, 当日涨4.42%, MA20之上, 价升量增",2026-09-18
sh600280,中央商场,3.06,35.95505617977528,0.6465383971892253,2.684563758389264,洗盘,68.75,"中位缩量（量比0.65）, 连续3天缩量",2026-09-18
sh601949,中国出版,6.11,57.12309820193639,0.7985825312496247,20.039292730844803,洗盘,52.94117647058824,"位置分位57.1%（中位）, 连续3天缩量",2026-09-18
sh688216,气派科技,38.79,54.558663276425726,0.7715669894871453,27.055355388142804,拉升,57.14285714285714,"20日大涨27.1%, MA20之上, MA60之上",2026-09-18
sh601969,海南矿业,9.27,31.58953722334003,0.8232470678008251,-2.0084566596194637,建仓后期,50.0,位置分位31.6%（中低位）,2026-09-18
sh600732,爱旭股份,10.84,13.767019667170958,2.5327062347637535,-8.291032148900172,建仓后期,82.35294117647058,"位置分位13.8%（低位）, 低位放量（量比2.53）, 当日涨7.75%, 价升量增",2026-09-18
sh603585,苏利股份,10.38,14.250191277735274,0.9358779256323142,3.4895314057826665,建仓后期,75.0,位置分位14.3%（低位）,2026-09-18
sh688590,新致软件,11.6,9.374999999999991,1.4251514837558852,-10.83781706379708,建仓初期,91.66666666666666,"位置分位9.4%（极低位）, MA20之下（低位）, MA60之下（低位）",2026-09-18
sh688426,康为世纪生物科技,21.28,76.47714604236344,0.9678814083966589,-5.084745762711867,出货,66.66666666666666,位置分位76.5%（中高位）,2026-09-18
sh600572,康恩贝,4.26,39.199999999999996,0.8641926241830855,-1.3888888888889002,建仓后期,50.0,位置分位39.2%（中低位）,2026-09-18
sh601886,江河集团,13.66,91.86746987951808,0.7722810034770254,4.354469060351415,出货,72.72727272727273,位置分位91.9%（极高位）,2026-09-18
sh600933,爱柯迪,14.03,32.38938053097344,1.9657100430957604,2.184996358339395,拉升,44.44444444444444,"中位放量（量比1.97）, 连续3天放量",2026-09-18
sh688117,圣诺生物,24.05,27.812223206377322,1.4187623461834389,-6.746801085692122,建仓后期,88.88888888888889,"位置分位27.8%（低位）, MA20之上, 价升量增",2026-09-18
sh601000,唐山港,4.47,47.169811320754675,1.215294163175554,-0.22321428571430074,建仓后期,50.0,位置分位47.2%（中低位）,2026-09-18
sh600027,华电国际,4.81,29.37499999999997,0.8913085797790301,7.8475336322869875,建仓后期,100.0,"位置分位29.4%（低位）, 低位涨7.8%, MA20之上",2026-09-18
sh603014,威高血净,31.23,20.046082949308772,1.2551838917385136,-3.2527881040892215,建仓后期,70.0,"位置分位20.0%（低位）, 价升量增",2026-09-18
sh688099,晶晨半导体,88.5,27.368421052631582,1.3691483251810592,-3.7206266318537877,建仓后期,75.0,"位置分位27.4%（低位）, 当日涨3.61%, 价升量增",2026-09-18
sh688022,ST瀚川智能,8.76,19.34272300469483,1.73096210326061,4.910179640718565,建仓后期,85.71428571428571,"位置分位19.3%（低位）, 低位放量（量比1.73）, 价升量增",2026-09-18
sh600598,北大荒,12.64,32.98969072164948,1.0328122235546207,0.9584664536741293,建仓后期,50.0,位置分位33.0%（中低位）,2026-09-18
sh603477,巨星农牧,14.5,26.604316546762597,1.123749484648846,1.0452961672473893,建仓后期,66.66666666666666,位置分位26.6%（低位）,2026-09-18
sh600550,保变电气,10.88,12.021857923497278,1.3423077441349665,-1.359927470534892,建仓后期,70.0,"位置分位12.0%（低位）, 价升量增",2026-09-18
sh601138,工业富联,62.71,41.04314582195522,1.4628816192902134,-0.20687460216423068,建仓后期,57.14285714285714,"位置分位41.0%（中低位）, 价升量增",2026-09-18
sh605499,东鹏饮料,111.54,4.16362752248968,1.0634229675058255,-7.073231692076977,建仓初期,100.0,"位置分位4.2%（极低位）, MA20之下（低位）, MA60之下（低位）",2026-09-18
sh603703,盛洋科技,10.24,37.90426908150066,0.9757482772584952,5.894519131334026,建仓后期,66.66666666666666,"位置分位37.9%（中低位）, 低位涨5.9%, MA20之上",2026-09-18
sh603358,华达科技,44.72,65.39145907473309,0.95099311150276,-5.234159779614323,洗盘,85.71428571428571,位置分位65.4%（中位）,2026-09-18
sh600129,太极集团,13.46,26.536312849162023,1.184566070620343,-10.683477106834767,建仓后期,66.66666666666666,位置分位26.5%（低位）,2026-09-18
sh688315,诺禾致源科技,15.15,57.83699059561128,2.1401741678081576,-5.015673981191216,拉升,68.42105263157895,"中位放量（量比2.14）, 当日大涨8.45%, MA20之上, MA60之上, 价升量增",2026-09-18
sh600380,健康元,9.19,4.803493449781636,1.0720941397791517,-6.983805668016206,建仓初期,100.0,"位置分位4.8%（极低位）, MA20之下（低位）, MA60之下（低位）",2026-09-18
sh601519,大智慧,8.42,24.455205811138015,1.5073726948141986,5.381727158948682,建仓后期,88.88888888888889,"位置分位24.5%（低位）, 低位放量（量比1.51）, 低位涨5.4%, 当日涨4.73%, 价升量增",2026-09-18
sh600643,爱建集团,4.05,21.229050279329602,1.198750508849423,3.053435114503808,建仓后期,75.0,位置分位21.2%（低位）,2026-09-18
sh603656,泰禾智能,17.32,21.841126031386505,1.0799834903226757,-1.197946377638339,建仓后期,66.66666666666666,位置分位21.8%（低位）,2026-09-18
sh603284,林平发展,41.17,27.281105990783416,1.2538876218121502,-1.507177033492812,建仓后期,77.77777777777779,"位置分位27.3%（低位）, 价升量增",2026-09-18
sh600589,大位科技,7.82,17.359413202933986,0.8756402090583888,1.822916666666674,建仓后期,66.66666666666666,位置分位17.4%（低位）,2026-09-18
sh605158,华达新材,7.71,57.19063545150501,0.8890121691457865,2.3904382470119483,洗盘,85.71428571428571,位置分位57.2%（中位）,2026-09-18
sh603887,城地香江,8.89,11.039657020364416,0.871401391397932,-1.2222222222222159,建仓后期,66.66666666666666,位置分位11.0%（低位）,2026-09-18
sh603826,坤彩科技,16.47,15.78421578421578,0.680214483490664,-0.4232164449818639,建仓后期,53.84615384615385,"位置分位15.8%（低位）, MA20之上",2026-09-18
sh603706,东方环宇,17.0,5.8577405857740805,0.8013500482160077,-12.82051282051282,建仓初期,100.0,"位置分位5.9%（极低位）, MA20之下（低位）, MA60之下（低位）",2026-09-18
sh688711,江苏宏微科技,29.32,33.29621380846325,1.2497918264537082,13.204633204633213,建仓后期,75.0,"位置分位33.3%（中低位）, 低位涨13.2%, 当日涨5.85%, MA20之上, 价升量增",2026-09-18
sh603511,爱慕股份,12.18,35.2617079889807,1.0238183572011574,-3.4865293185419928,建仓后期,50.0,位置分位35.3%（中低位）,2026-09-18
sh600038,中直股份,27.05,27.206103804838875,0.7938263775979708,1.9600452318130401,建仓后期,75.0,位置分位27.2%（低位）,2026-09-18
sh688317,上海之江生物,16.48,18.66125760649087,1.909898210790054,-6.892655367231633,建仓后期,80.0,"位置分位18.7%（低位）, 低位放量（量比1.91）, 价升量增",2026-09-18
sh601107,四川成渝,5.95,81.30081300813008,0.8960611126507478,8.181818181818185,拉升,50.0,"20日涨8.2%, MA20之上, MA60之上",2026-09-18
sh603657,春光科技,35.58,94.55930359085963,0.8491936223421263,27.20772255988559,拉升,50.0,"20日大涨27.2%, MA20之上, MA60之上",2026-09-18
sh600827,百联股份,7.79,40.57971014492754,1.1298662506382713,4.423592493297588,建仓后期,50.0,位置分位40.6%（中低位）,2026-09-18
sh600176,中国巨石,45.02,39.83922228453917,1.2363137781479372,7.088487155090399,建仓后期,66.66666666666666,"位置分位39.8%（中低位）, 低位涨7.1%, MA20之上",2026-09-18
sh603177,德创环保,11.34,71.53024911032028,1.969066182713203,8.829174664107486,拉升,50.0,"20日涨8.8%, 当日大涨7.90%, MA20之上, MA60之上, 价升量增",2026-09-18
sh603199,九华旅游,32.79,26.495726495726483,0.8999607028574637,-1.9730941704035985,建仓后期,75.0,位置分位26.5%（低位）,2026-09-18
sh605066,天正电气,6.75,31.095406360424032,0.9773435959479828,-10.358565737051796,建仓后期,50.0,位置分位31.1%（中低位）,2026-09-18
sh603096,新经典,15.43,44.815465729349725,1.0467160383004188,2.4568393094289456,建仓后期,57.14285714285714,"位置分位44.8%（中低位）, MA20之上",2026-09-18
sh688187,时代电气,45.73,8.74251497005987,1.187077278881173,-3.928571428571438,建仓初期,100.0,"位置分位8.7%（极低位）, MA20之下（低位）, MA60之下（低位）",2026-09-18
sh600487,亨通光电,69.49,30.13066289980828,1.3321505496494213,11.756191701511733,建仓后期,70.0,"位置分位30.1%（中低位）, 低位涨11.8%, MA20之上, 价升量增",2026-09-18
sh600255,鑫科材料,3.63,41.17647058823529,0.6597429971187166,12.037037037037027,洗盘,64.70588235294117,"中位缩量（量比0.66）, 连续3天缩量",2026-09-18
sh603193,润本生物技术股份,20.2,27.77142857142857,1.488928551508729,-3.62595419847329,建仓后期,70.0,"位置分位27.8%（低位）, 价升量增",2026-09-18
sh600839,四川长虹,6.7,14.754098360655737,1.2156209851030255,-1.9033674963396763,建仓后期,70.0,"位置分位14.8%（低位）, 价升量增",2026-09-18
sh600299,安迪苏,8.29,9.3791281373844,0.8727724303444812,-2.355712603062439,建仓初期,100.0,"位置分位9.4%（极低位）, MA20之下（低位）, MA60之下（低位）",2026-09-18
sh603298,杭叉集团,23.52,12.569832402234619,0.786209522282783,-9.189189189189186,建仓后期,66.66666666666666,位置分位12.6%（低位）,2026-09-18
sh601016,节能风电,3.43,8.62906238326486,0.7719921044685096,2.418632427590324,建仓初期,90.0,"位置分位8.6%（极低位）, MA60之下（低位）",2026-09-18
sh688450,光格科技,32.61,18.064792962883498,1.054376353364324,-3.1769596199524948,建仓后期,66.66666666666666,位置分位18.1%（低位）,2026-09-18
sh688147,微导纳米科技,122.0,55.22374666870058,1.086175223294091,1.9044437019712674,洗盘,50.0,位置分位55.2%（中位）,2026-09-18
sh601238,广汽集团,5.09,10.188679245283005,1.2473951996662929,-0.39138943248533187,建仓后期,66.66666666666666,位置分位10.2%（低位）,2026-09-11
sh688530,欧莱新材,63.17,46.613284326594915,0.8281343530192787,0.4931594018453743,建仓后期,57.14285714285714,"位置分位46.6%（中低位）, MA20之上",2026-09-18
sh600159,大龙地产,2.71,43.79562043795621,0.9177227230678865,6.692913385826768,建仓后期,66.66666666666666,"位置分位43.8%（中低位）, 低位涨6.7%, MA20之上",2026-09-18
sh603279,景津装备,11.14,1.913875598086126,0.8900472400617288,-10.665597433841219,建仓初期,100.0,"位置分位1.9%（极低位）, MA20之下（低位）, MA60之下（低位）",2026-09-18
sh688085,三友医疗,12.47,19.441244239631356,0.890634703768736,-7.629629629629625,建仓后期,66.66666666666666,位置分位19.4%（低位）,2026-09-18
sh600366,宁波韵升,11.23,16.599190283400816,1.2900573361481624,-4.668930390492351,建仓后期,70.0,"位置分位16.6%（低位）, 价升量增",2026-09-18
sh603170,宝立食品科技,11.88,39.682539682539705,1.1620824142917658,-2.061005770816158,建仓后期,50.0,位置分位39.7%（中低位）,2026-09-18
sh688046,药康生物,35.28,72.15232913974839,1.036628589368353,2.7074235807860254,出货,66.66666666666666,位置分位72.2%（中高位）,2026-09-18
sh600210,紫江企业,6.23,41.08527131782947,0.6287084722766317,4.1806020066889635,洗盘,66.66666666666666,中位缩量（量比0.63）,2026-09-18
sh600284,浦东建设,5.07,11.65644171779141,1.1938866117155336,1.1976047904191716,建仓后期,75.0,位置分位11.7%（低位）,2026-09-18
sh601868,中国能建,2.43,2.610966057441275,0.7834074143899687,-1.9766034691407797,建仓初期,100.0,"位置分位2.6%（极低位）, MA20之下（低位）, MA60之下（低位）, 价跌量缩",2026-09-18
sh603326,我乐家居,7.21,51.35135135135135,0.765265816227417,3.1473533619456333,洗盘,85.71428571428571,位置分位51.4%（中位）,2026-09-18
sh688227,品高股份,77.61,20.968109339407743,2.125154592005494,7.270214236351078,建仓后期,94.44444444444444,"位置分位21.0%（低位）, 低位放量（量比2.13）, 低位涨7.3%, 当日涨11.62%, MA20之上, 价升量增",2026-09-18
sh600310,广西能源,4.72,28.895184135977324,0.5826643736440685,15.403422982885084,建仓后期,55.55555555555556,"位置分位28.9%（低位）, 低位涨15.4%, MA20之上",2026-09-18
sh600095,湘财股份,8.67,45.79439252336448,1.2531347704316842,11.583011583011588,建仓后期,66.66666666666666,"位置分位45.8%（中低位）, 低位涨11.6%, 价升量增",2026-09-18
sh603725,天安新材,11.75,52.98621745788669,2.156074007087506,-1.2605042016806753,拉升,68.42105263157895,"中位放量（量比2.16）, 当日大涨10.02%, MA20之上, MA60之上, 价升量增",2026-09-18
sh603799,华友钴业,35.78,3.7047353760445643,1.1226937144530302,-11.850209411185025,建仓初期,100.0,"位置分位3.7%（极低位）, MA20之下（低位）, MA60之下（低位）",2026-09-18
sh600844,金煤科技,3.38,32.587859424920126,0.7314005299943008,-4.249291784702548,洗盘,66.66666666666666,连续3天缩量,2026-09-18
sh603496,XD恒为科技,23.59,20.400000000000002,1.3545010383779696,-2.577021557776488,建仓后期,90.9090909090909,"位置分位20.4%（低位）, 当日涨3.69%, MA20之上, 价升量增",2026-09-18
sh601588,北辰实业,1.72,19.480519480519472,1.4173605792472612,1.7751479289940846,建仓后期,77.77777777777779,"位置分位19.5%（低位）, 价升量增",2026-09-18
sh688399,硕世生物,25.22,8.37138508371385,1.2293622483034556,-11.94134078212291,建仓初期,91.66666666666666,"位置分位8.4%（极低位）, MA20之下（低位）, MA60之下（低位）",2026-09-18
sh688244,永信至诚,15.9,41.60839160839161,1.0783504301205475,6.283422459893044,建仓后期,72.72727272727273,"位置分位41.6%（中低位）, 低位涨6.3%, 当日涨9.35%, MA20之上",2026-09-18
sh600538,国发股份,4.9,21.846153846153847,0.9605697289124706,-5.950095969289819,建仓后期,66.66666666666666,位置分位21.8%（低位）,2026-09-18
sh600757,长江传媒,7.22,3.4285714285714066,1.1761485720455649,-4.244031830238731,建仓初期,100.0,"位置分位3.4%（极低位）, MA20之下（低位）, MA60之下（低位）",2026-09-18
sh688418,震有科技,32.79,19.081024202034367,1.2283821779034563,-0.060957025297175026,建仓后期,90.9090909090909,"位置分位19.1%（低位）, 当日涨3.54%, MA20之上, 价升量增",2026-09-18
sh600885,宏发股份,34.08,60.60247712703056,0.906188833540149,-3.01650540694366,洗盘,100.0,位置分位60.6%（中位）,2026-09-18
sh688503,聚和材料股份公司,79.15,27.25520431765614,0.8902536717221478,-13.742371403661725,建仓后期,87.5,"位置分位27.3%（低位）, MA20之上",2026-09-18
sh600692,亚通股份,6.37,37.50000000000001,0.8033904175877912,1.1111111111111156,建仓后期,50.0,位置分位37.5%（中低位）,2026-09-18
sh600021,上海电力,13.39,2.386363636363646,0.48097251003042196,-1.9765739385065855,建仓初期,100.0,"位置分位2.4%（极低位）, 低位缩量（量比0.48）, MA20之下（低位）, MA60之下（低位）, 连续3天缩量",2026-09-18
sh600032,浙江新能,7.08,12.843734562819039,0.6564611439754904,4.88888888888889,建仓初期,53.333333333333336,"低位缩量（量比0.66）, 连续3天缩量",2026-09-18
sh688602,康鹏科技,6.85,33.333333333333314,1.122665470274426,1.1816838995568697,建仓后期,57.14285714285714,"位置分位33.3%（中低位）, MA20之上",2026-09-18
sh603029,天鹅股份,16.47,48.87678692988425,1.0008305367428103,4.1087231352717986,建仓后期,50.0,位置分位48.9%（中低位）,2026-09-18
sh605155,西大门,14.35,50.314465408805006,0.5937495314772335,1.9176136363636334,洗盘,78.57142857142857,"位置分位50.3%（中位）, 中位缩量（量比0.59）",2026-09-18
sh603558,健盛集团,13.28,73.41373885684318,1.0609619971331012,14.779602420051848,拉升,50.0,"20日涨14.8%, MA20之上, MA60之上",2026-09-18
sh600703,三安光电,12.98,17.341977309562402,1.2110870831637492,-5.87382160986221,建仓后期,88.88888888888889,"位置分位17.3%（低位）, MA20之上, 价升量增",2026-09-18
sh601388,怡球资源,3.24,32.64094955489616,1.1310583053995,-2.1148036253776388,建仓后期,50.0,位置分位32.6%（中低位）,2026-09-18
sh600076,康欣新材,2.19,1.5936254980079694,0.7219389140292315,-29.126213592233007,建仓初期,100.0,"位置分位1.6%（极低位）, 低位跌-29.1%, MA20之下（低位）, MA60之下（低位）",2026-09-18
sh601021,春秋航空,41.9,4.822335025380656,1.4658517774948585,-3.877036017435202,建仓初期,91.66666666666666,"位置分位4.8%（极低位）, MA20之下（低位）, MA60之下（低位）",2026-09-18
sh600230,沧州大化,13.62,21.466137168616502,0.895807883600192,-6.839945280437757,建仓后期,66.66666666666666,位置分位21.5%（低位）,2026-09-18
sh600396,华电辽能,13.65,43.15980629539952,0.9466581769638919,-4.411764705882346,建仓后期,62.5,"位置分位43.2%（中低位）, 当日涨4.12%",2026-09-18
sh688678,福立旺精密,24.68,80.02915451895043,1.4282889657147626,27.216494845360835,拉升,59.09090909090909,"20日大涨27.2%, 当日大涨6.56%, MA20之上, MA60之上, 价升量增",2026-09-18
sh603221,爱丽家居,31.23,90.18151815181518,0.9708333832317402,18.92612338156892,拉升,50.0,"20日大涨18.9%, MA20之上, MA60之上",2026-09-18
sh603100,川仪股份,18.0,34.496124031007774,0.7104132951574754,3.6866359447004644,建仓后期,50.0,位置分位34.5%（中低位）,2026-09-18
sh688320,禾川科技,33.6,46.401610468042286,0.9571159734974856,-0.11890606420927215,建仓后期,57.14285714285714,"位置分位46.4%（中低位）, MA20之上",2026-09-18
sh688202,美迪西生物医药,106.2,88.27258320126784,1.0116325929857755,5.703194983577191,出货,57.14285714285714,位置分位88.3%（极高位）,2026-09-18
sh688535,华海诚科新材料,112.3,32.91152798604522,1.2970070338464563,11.741293532338306,建仓后期,75.0,"位置分位32.9%（中低位）, 低位涨11.7%, 当日涨6.24%, MA20之上, 价升量增",2026-09-18
sh600935,华塑股份,2.32,18.181818181818148,1.2715161623807387,2.654867256637171,建仓后期,77.77777777777779,"位置分位18.2%（低位）, 价升量增",2026-09-18
sh600276,恒瑞医药,43.91,12.038140643623336,1.2708384578949647,-8.022622538751582,建仓后期,70.0,"位置分位12.0%（低位）, 价升量增",2026-09-18
sh600559,老白干酒,11.03,6.97050938337801,1.0463872779903027,-3.245614035087728,建仓初期,100.0,"位置分位7.0%（极低位）, MA20之下（低位）, MA60之下（低位）",2026-09-18
sh688131,皓元医药,98.79,85.23261892315736,1.5333549951274321,1.4375192524899945,出货,61.904761904761905,"位置分位85.2%（极高位）, 高位放量（量比1.53）",2026-09-18
sh688286,敏芯股份,49.12,20.308652902270637,0.9474053885846598,0.24489795918366825,建仓后期,87.5,"位置分位20.3%（低位）, MA20之上",2026-09-18
sh688215,瑞晟智能科技,48.0,70.97232079488998,1.1251059433271877,5.84343991179713,拉升,50.0,"20日涨5.8%, MA20之上, MA60之上",2026-09-18
sh603948,建业股份,19.59,19.69424460431656,1.1064382596441784,-4.6715328467153325,建仓后期,66.66666666666666,位置分位19.7%（低位）,2026-09-18
sh688581,安杰思医学,55.13,25.204555733728068,0.5139206314517554,6.716995741385998,建仓后期,64.28571428571429,"位置分位25.2%（低位）, 低位涨6.7%, MA20之上",2026-09-18
sh603108,润达医疗,9.6,11.968085106382983,1.7421483224444498,-2.735562310030391,建仓后期,82.35294117647058,"位置分位12.0%（低位）, 低位放量（量比1.74）, 当日涨3.56%, 价升量增",2026-09-18
sh600305,恒顺醋业,6.64,28.776978417266157,1.232782219518554,0.758725341426401,建仓后期,70.0,"位置分位28.8%（低位）, 价升量增",2026-09-18
sh600073,光明肉业,5.54,65.359477124183,0.8621429521196224,5.123339658444031,洗盘,60.0,位置分位65.4%（中位）,2026-09-18
sh600011,华能国际,6.8,17.41935483870968,0.8328986603537275,3.030303030303033,建仓后期,66.66666666666666,位置分位17.4%（低位）,2026-09-18
sh600531,豫光金铅,12.31,25.801640566741245,1.1548452832267007,-11.438848920863308,建仓后期,66.66666666666666,位置分位25.8%（低位）,2026-09-18
sh688625,呈和科技,70.7,53.55265038997348,0.9619553463402927,19.62774957698816,拉升,64.70588235294117,"20日大涨19.6%, 当日大涨5.05%, MA20之上, MA60之上",2026-09-18
sh600010,包钢股份,2.12,7.766990291262145,0.8084674004173054,-3.1963470319634633,建仓初期,100.0,"位置分位7.8%（极低位）, MA20之下（低位）, MA60之下（低位）",2026-09-18
sh688208,道通科技,24.88,9.343832020997365,1.6491387163660607,-0.7182761372705496,建仓初期,68.75,"位置分位9.3%（极低位）, MA20之下（低位）, MA60之下（低位）",2026-09-18
sh688695,中创股份,18.75,28.365384615384613,1.1327112695311905,-3.40030911901082,建仓后期,75.0,位置分位28.4%（低位）,2026-09-18
sh688041,海光信息,241.38,17.00933570773298,1.5111612764858835,-1.9617399780675084,建仓后期,93.75,"位置分位17.0%（低位）, 低位放量（量比1.51）, 当日涨4.04%, MA20之上, 价升量增",2026-09-18
sh688093,世华科技,22.69,14.12639405204461,0.7223772008313198,-10.45777426992896,建仓后期,87.5,"位置分位14.1%（低位）, MA20之上",2026-09-18
sh688472,阿特斯阳光电力,8.6,6.777010295842559,1.8581750110016468,-17.860553963705836,建仓初期,63.63636363636363,"位置分位6.8%（极低位）, 低位跌-17.9%, MA20之下（低位）, MA60之下（低位）",2026-09-18
sh603822,ST嘉澳,66.0,33.665329667853435,1.3577621800165154,14.682884448305828,建仓后期,70.0,"位置分位33.7%（中低位）, 低位涨14.7%, MA20之上, 价升量增",2026-09-18
sh600221,海航控股,1.24,2.3809523809523836,0.9252264453238646,-4.615384615384619,建仓初期,100.0,"位置分位2.4%（极低位）, MA20之下（低位）, MA60之下（低位）",2026-09-18
sh688125,安达智能,123.39,18.787595934453435,0.9849758245162727,-0.16990291262135418,建仓后期,90.0,"位置分位18.8%（低位）, 当日涨3.69%, MA20之上",2026-09-18
sh600116,三峡水利,6.18,47.5739644970414,0.718569395073156,0.9803921568627386,建仓后期,50.0,位置分位47.6%（中低位）,2026-09-18
sh600969,郴电国际,9.86,52.60180995475111,0.6712452222556525,13.594470046082947,洗盘,77.77777777777779,"位置分位52.6%（中位）, 中位缩量（量比0.67）, 连续3天缩量",2026-09-18
sh600980,北矿科技,18.86,40.516273849607174,0.909435757638103,-5.794205794205795,建仓后期,50.0,位置分位40.5%（中低位）,2026-09-18
sh603367,辰欣药业,13.9,35.71942446043167,1.3893795370776882,0.11524056467876703,建仓后期,57.14285714285714,"位置分位35.7%（中低位）, 价升量增",2026-09-18
sh600348,华阳股份,8.94,53.97394136807816,0.9524564729461268,-0.22321428571430074,洗盘,85.71428571428571,位置分位54.0%（中位）,2026-09-18
sh600057,厦门象屿,6.07,23.701298701298715,1.1070852564907832,-2.254428341384858,建仓后期,66.66666666666666,位置分位23.7%（低位）,2026-09-18
sh600287,苏豪时尚,4.86,41.05263157894738,0.8944464653813508,1.2500000000000104,建仓后期,50.0,位置分位41.1%（中低位）,2026-09-18
sh600791,京能置业,6.96,10.929853181076671,0.9011885416884949,-6.951871657754016,建仓后期,66.66666666666666,位置分位10.9%（低位）,2026-09-18
sh600831,广电网络,3.24,31.578947368421055,1.2172428670580953,-3.8575667655786314,建仓后期,50.0,位置分位31.6%（中低位）,2026-09-18
sh600649,城投控股,3.95,51.66666666666667,1.3839920300997444,1.8041237113402135,洗盘,54.54545454545454,位置分位51.7%（中位）,2026-09-18
sh600563,法拉电子,124.46,15.828804347826075,1.3401881954978052,-6.470278800631246,建仓后期,70.0,"位置分位15.8%（低位）, 价升量增",2026-09-18
sh603334,丰倍生物,31.45,7.415485278080694,2.1671909767513236,-3.7343128252219233,建仓初期,50.0,"位置分位7.4%（极低位）, MA60之下（低位）",2026-09-18
sh688778,厦钨新能源,45.22,9.701540921959754,0.6567580722658263,-0.791996665277208,建仓初期,93.33333333333333,"位置分位9.7%（极低位）, 低位缩量（量比0.66）, MA60之下（低位）",2026-09-18
sh600037,歌华有线,6.96,40.186915887850475,0.9883444841204793,2.2026431718061725,建仓后期,50.0,位置分位40.2%（中低位）,2026-09-18
sh688627,精智达技术,503.0,54.29538390428197,1.3847551717058284,3.7562655995379397,拉升,53.84615384615385,"当日大涨3.39%, MA20之上, 价升量增",2026-09-18
sh600283,钱江水利,8.02,32.919254658385064,0.7987067646158555,2.9525032092426127,洗盘,66.66666666666666,连续3天缩量,2026-09-18
sh603983,丸美生物,29.33,57.55494505494505,0.821000975079525,9.603886397608358,洗盘,50.0,位置分位57.6%（中位）,2026-09-18
sh600886,国投电力,14.3,74.73684210526321,0.9669655155500877,3.9244186046511698,出货,66.66666666666666,位置分位74.7%（中高位）,2026-09-18
sh605016,百龙创园,20.65,14.011416709911762,1.0273576367182033,3.4569138276552986,建仓后期,66.66666666666666,位置分位14.0%（低位）,2026-09-18
sh600241,时代万恒,7.15,27.947598253275117,0.9362782150862743,-3.8978494623655915,建仓后期,75.0,位置分位27.9%（低位）,2026-09-18
sh601200,上海环境,6.83,20.04504504504505,0.9762643319182274,-1.0144927536231925,建仓后期,66.66666666666666,位置分位20.0%（低位）,2026-09-18
sh601995,中金公司,31.8,9.127516778523487,1.0359145388546518,-8.64694053432922,建仓初期,100.0,"位置分位9.1%（极低位）, MA20之下（低位）, MA60之下（低位）",2026-09-14
sh600429,三元股份,4.58,26.050420168067234,0.8897505805520991,1.7777777777777795,建仓后期,75.0,位置分位26.1%（低位）,2026-09-18
sh688272,富吉瑞光电,27.82,16.82134570765661,1.0475418772793064,-2.1111893033075346,建仓后期,66.66666666666666,位置分位16.8%（低位）,2026-09-18
sh601033,永兴股份,14.38,53.017241379310356,0.9035369508014377,1.0541110330288148,洗盘,85.71428571428571,位置分位53.0%（中位）,2026-09-18
sh600079,ST人福,18.46,84.59302325581402,0.8328999167840225,3.186137506987145,出货,85.71428571428571,位置分位84.6%（中高位）,2026-09-18
sh600908,无锡银行,5.76,73.27586206896548,0.7120280476175654,7.063197026022302,出货,57.14285714285714,"位置分位73.3%（中高位）, 价跌量缩",2026-09-18
sh600266,城建发展,4.18,26.347305389221525,1.6719282553689154,-0.23866348448688962,建仓后期,85.71428571428571,"位置分位26.3%（低位）, 低位放量（量比1.67）, 价升量增",2026-09-18
sh603985,恒润股份,17.0,18.887451487710223,1.3348784620812102,1.3714967203339323,建仓后期,70.0,"位置分位18.9%（低位）, 价升量增",2026-09-18
sh688356,键凯科技,85.51,30.494326333637666,1.399725691471424,-20.33724613378051,建仓后期,50.0,"位置分位30.5%（中低位）, 当日涨3.27%, 价升量增",2026-09-18
sh600690,海尔智家,20.68,54.33962264150942,1.110406049941727,-0.8628954937679756,洗盘,100.0,位置分位54.3%（中位）,2026-09-18
sh603950,长源东谷,60.61,42.82169443459765,1.9232033564739721,0.9830056647784011,建仓后期,42.857142857142854,"位置分位42.8%（中低位）, 当日涨9.46%, 价升量增",2026-09-18
sh603886,元祖股份,12.11,56.38766519823787,0.8587229675500958,0.16542597187758123,洗盘,85.71428571428571,位置分位56.4%（中位）,2026-09-18
sh600903,贵州燃气,6.66,22.239563012095207,0.8695583421622732,9.001636661211126,建仓后期,80.0,"位置分位22.2%（低位）, 低位涨9.0%",2026-09-18
sh600444,国机通用,13.88,34.34190620272317,1.0443214169406771,-2.0465772759350678,建仓后期,50.0,位置分位34.3%（中低位）,2026-09-18
sh603718,*ST海利,3.03,21.100917431192656,1.0183352286287888,1.3377926421404545,建仓后期,75.0,位置分位21.1%（低位）,2026-09-18
sh603215,比依股份,14.06,14.177489177489186,1.5473265248662622,-1.9525801952580153,建仓后期,78.57142857142857,"位置分位14.2%（低位）, 低位放量（量比1.55）",2026-09-18
sh603400,华之杰,54.67,62.21837996437179,1.495527288768424,24.93144424131628,拉升,68.42105263157895,"20日大涨24.9%, 当日大涨10.00%, MA20之上, MA60之上, 价升量增",2026-09-14
sh605577,龙版传媒,15.72,69.8443579766537,1.2755891197253408,46.096654275092945,拉升,72.72727272727273,"20日大涨46.1%, 当日大涨4.80%, MA20之上, MA60之上, 连续3天放量, 价升量增",2026-09-18
sh603002,宏昌电子,19.18,53.73426573426574,0.9116478422893869,16.10169491525424,拉升,57.14285714285714,"20日大涨16.1%, MA20之上, MA60之上",2026-09-18
sh600428,中远海特,11.17,75.1609935602576,0.8260431118464269,-5.579036348267119,出货,85.71428571428571,位置分位75.2%（中高位）,2026-09-18
sh600497,驰宏锌锗,9.56,32.99319727891157,0.8885823756758423,-5.533596837944652,建仓后期,50.0,位置分位33.0%（中低位）,2026-09-18
sh601101,昊华能源,12.92,67.95727636849132,0.9128321319219456,1.5723270440251518,洗盘,85.71428571428571,位置分位68.0%（中位）,2026-09-18
sh600654,中安科,3.06,25.21008403361345,0.5951933861134693,7.368421052631577,建仓后期,53.333333333333336,"位置分位25.2%（低位）, 低位涨7.4%",2026-09-18
sh600663,陆家嘴,8.9,76.5193370165746,1.1850043878894252,-5.016008537886861,出货,85.71428571428571,位置分位76.5%（中高位）,2026-09-18
sh603153,上海建科集团,13.14,20.754716981132084,0.8541134314330191,0.1524390243902542,建仓后期,66.66666666666666,位置分位20.8%（低位）,2026-09-18
sh688253,英诺特生物股份,56.74,56.94526116636413,1.3795929494838666,0.9069891516983907,拉升,53.84615384615385,"当日大涨5.07%, MA20之上, 价升量增",2026-09-18
sh603517,ST绝味,11.67,44.795539033457246,0.9904856204819726,3.0008826125330965,建仓后期,50.0,位置分位44.8%（中低位）,2026-09-18
sh688449,联芸科技,65.2,45.72243346007605,1.438707850752259,-4.328686720469556,建仓后期,70.0,"位置分位45.7%（中低位）, 当日涨4.07%, MA20之上, 价升量增",2026-09-18
sh688355,明志科技,16.5,24.46256486286138,1.1915192678526265,-4.844290657439446,建仓后期,66.66666666666666,位置分位24.5%（低位）,2026-09-18
sh600792,云煤能源,5.3,77.11267605633802,0.8924531538217337,44.808743169398895,拉升,57.14285714285714,"20日大涨44.8%, MA20之上, MA60之上",2026-09-18
sh600101,明星电力,7.94,11.35734072022161,0.6850862093560689,1.6645326504481535,建仓初期,57.14285714285714,"低位缩量（量比0.69）, MA20之下（低位）, MA60之下（低位）",2026-09-18
sh688118,普元信息,19.37,19.460641399416918,1.3567756934254458,-3.8709677419354724,建仓后期,70.0,"位置分位19.5%（低位）, 价升量增",2026-09-18
sh600722,金牛化工,16.02,62.33671988388969,0.7818881094417819,13.215547703180205,洗盘,69.23076923076923,"位置分位62.3%（中位）, 连续3天缩量",2026-09-18
sh603559,中通国脉,9.34,55.020080321285135,1.1729925156869014,3.5476718403547705,洗盘,85.71428571428571,位置分位55.0%（中位）,2026-09-18
sh600724,宁波富达,4.96,11.76470588235293,0.922903716555624,-1.391650099403584,建仓后期,66.66666666666666,位置分位11.8%（低位）,2026-09-18
sh603162,海通发展,14.06,64.85507246376814,0.7604559494643863,13.938411669367914,洗盘,50.0,位置分位64.9%（中位）,2026-09-18
sh601992,金隅集团,1.4,24.074074074074055,1.6511145081408596,1.449275362318842,建仓后期,100.0,"位置分位24.1%（低位）, 低位放量（量比1.65）, MA20之上, 价升量增",2026-09-18
sh603103,横店影视,16.42,28.938640132670002,1.462049914348405,12.92984869325999,建仓后期,100.0,"位置分位28.9%（低位）, 低位涨12.9%, MA20之上, 价升量增",2026-09-18
sh688757,胜科纳米,31.41,14.827029933679869,1.3354670938260103,-1.6593613024420824,建仓后期,88.88888888888889,"位置分位14.8%（低位）, MA20之上, 价升量增",2026-09-18
sh688380,中微半导,41.33,24.956114686951434,1.7927776287986072,-1.7823193916349809,建仓后期,93.75,"位置分位25.0%（低位）, 低位放量（量比1.79）, 当日涨4.34%, MA20之上, 价升量增",2026-09-18
sh600657,信达地产,2.93,47.26027397260274,1.3607333616645418,13.12741312741314,建仓后期,75.0,"位置分位47.3%（中低位）, 低位涨13.1%, 当日涨3.17%, MA20之上, 价升量增",2026-09-18
sh688122,西部超导,50.04,12.783226242813667,0.8877469537914476,1.7073170731707241,建仓后期,87.5,"位置分位12.8%（低位）, MA20之上",2026-09-18
sh603172,浙江万丰股份,18.57,47.849954254345846,0.8390072479683724,6.114285714285716,建仓后期,66.66666666666666,"位置分位47.8%（中低位）, 低位涨6.1%, MA20之上",2026-09-18
sh600133,东湖高新,8.08,31.757233592095996,0.967193561945588,-1.9417475728155356,建仓后期,50.0,位置分位31.8%（中低位）,2026-09-18
sh601216,君正集团,4.62,44.02985074626865,0.9877883559369924,5.479452054794526,建仓后期,62.5,"位置分位44.0%（中低位）, 低位涨5.5%",2026-09-18
sh603728,鸣志电器,50.05,18.691257315126787,1.8100095715234243,5.590717299578056,建仓后期,94.44444444444444,"位置分位18.7%（低位）, 低位放量（量比1.81）, 低位涨5.6%, 当日涨3.88%, MA20之上, 价升量增",2026-09-18
sh600123,兰花科创,6.96,73.89380530973452,0.9389042241940374,-3.8674033149171305,出货,85.71428571428571,位置分位73.9%（中高位）,2026-09-18
sh600664,哈药股份,7.5,69.86506746626688,1.2217312241437694,-8.200734394124847,洗盘,50.0,位置分位69.9%（中位）,2026-09-18
sh603196,璞源材料,19.33,7.50577367205541,0.913503595126843,-1.4278429372769055,建仓初期,90.0,"位置分位7.5%（极低位）, MA60之下（低位）",2026-09-18
sh600988,赤峰黄金,44.26,71.35976287513893,1.1412218429977843,-10.45923528221728,出货,85.71428571428571,位置分位71.4%（中高位）,2026-09-18
sh601069,西部黄金,28.0,46.11985639326152,1.0866832884048314,-12.690988462737762,建仓后期,50.0,位置分位46.1%（中低位）,2026-09-18
sh603078,江化微,33.11,31.22230909564764,1.3357157685933752,-8.231707317073168,建仓后期,62.5,"位置分位31.2%（中低位）, MA20之上, 价升量增",2026-09-18
sh600131,国网信通,14.3,12.985865724381643,0.931447341753758,-7.1428571428571415,建仓后期,66.66666666666666,位置分位13.0%（低位）,2026-09-18
sh600716,凤凰股份,3.56,37.05882352941177,1.0472836012603608,0.8498583569405169,建仓后期,50.0,位置分位37.1%（中低位）,2026-09-18
sh688548,广钢气体股份,32.9,32.36353560543087,1.8603173708755127,-11.748927038626617,拉升,44.44444444444444,"中位放量（量比1.86）, 连续3天放量",2026-09-18
sh603308,应流股份,43.41,8.076062639821027,1.0411387969617942,-1.9647696476964873,建仓初期,75.0,"位置分位8.1%（极低位）, MA60之下（低位）",2026-09-18
sh603978,深圳新星,22.82,37.66364551863041,1.2169031835833142,20.35864978902953,建仓后期,76.92307692307693,"位置分位37.7%（中低位）, 低位涨20.4%, 当日涨3.59%, MA20之上, 价升量增",2026-09-18
sh688660,电气风电,9.4,35.4632587859425,1.0527036135816206,21.44702842377261,建仓后期,70.0,"位置分位35.5%（中低位）, 低位涨21.4%, MA20之上",2026-09-18
sh600486,扬农化工,52.4,12.007426039046585,0.6752200786664169,-4.657933042212522,建仓初期,64.70588235294117,"低位缩量（量比0.68）, MA20之下（低位）, MA60之下（低位）, 连续3天缩量",2026-09-18
sh601168,西部矿业,36.03,60.96774193548388,0.8407155929566791,-4.808454425363276,洗盘,85.71428571428571,位置分位61.0%（中位）,2026-09-18
sh688018,乐鑫科技,112.11,46.550542316842055,2.1736217705935896,-0.08911861687906097,建仓后期,46.666666666666664,"位置分位46.6%（中低位）, 当日涨7.61%, MA20之上, 价升量增",2026-09-18
sh603102,百合股份,35.95,34.478935698447906,0.9800870711592115,-7.796870992562193,建仓后期,50.0,位置分位34.5%（中低位）,2026-09-18
sh600423,*ST柳化,2.73,30.348258706467657,0.9498353113399906,-2.8469750889679744,建仓后期,50.0,位置分位30.3%（中低位）,2026-09-18
sh600645,中源协和,18.19,11.676646706586844,1.4331327546281756,-9.186220668996505,建仓后期,70.0,"位置分位11.7%（低位）, 价升量增",2026-09-18
sh600642,申能股份,8.67,26.58730158730159,0.9628619371816765,3.956834532374102,建仓后期,100.0,"位置分位26.6%（低位）, MA20之上",2026-09-18
sh600770,综艺股份,5.74,30.114942528735643,0.982709207810753,13.214990138067058,建仓后期,66.66666666666666,"位置分位30.1%（中低位）, 低位涨13.2%, MA20之上",2026-09-18
sh600916,中国黄金,7.48,28.87624466571836,0.7950147972825834,-7.057654075546715,建仓后期,66.66666666666666,位置分位28.9%（低位）,2026-09-18
sh688098,申联生物医药,8.34,28.000000000000004,1.8648233448763605,1.0909090909090893,建仓后期,93.75,"位置分位28.0%（低位）, 低位放量（量比1.86）, 当日涨4.25%, MA20之上, 价升量增",2026-09-18
sh601777,千里科技,7.8,12.82051282051282,1.1046713238415218,-2.9850746268656634,建仓后期,66.66666666666666,位置分位12.8%（低位）,2026-09-18
sh688025,杰普特光电,442.56,79.62086921008746,1.2370721543000291,7.707658984156347,拉升,57.14285714285714,"20日涨7.7%, MA20之上, MA60之上, 价升量增",2026-09-18
sh600612,老凤祥,31.45,11.677479147358651,0.6658653273986623,-10.271041369472176,建仓初期,64.70588235294117,"低位缩量（量比0.67）, MA20之下（低位）, MA60之下（低位）, 连续3天缩量",2026-09-18
sh603331,百达精工,12.83,49.48755490483162,0.7327702204126987,2.722177742193754,建仓后期,50.0,位置分位49.5%（中低位）,2026-09-18
sh601816,京沪高铁,4.75,50.60975609756097,0.8792691555707142,-2.4640657084188935,洗盘,100.0,位置分位50.6%（中位）,2026-09-18
sh603297,永新光学,113.01,39.90103463787674,1.2983662122019954,5.745298025638626,建仓后期,70.0,"位置分位39.9%（中低位）, 低位涨5.7%, MA20之上, 价升量增",2026-09-18
sz002982,湘佳股份,12.32,33.51449275362318,0.7548522748698728,-0.24291497975707987,建仓后期,50.0,位置分位33.5%（中低位）,2026-09-18
sz000545,金浦钛业,2.2,7.042253521126768,0.879674304070172,-13.04347826086955,建仓初期,100.0,"位置分位7.0%（极低位）, MA20之下（低位）, MA60之下（低位）",2026-09-18
sz000017,深中华A,7.51,37.87661406025825,1.035928437722763,5.625879043600555,建仓后期,62.5,"位置分位37.9%（中低位）, 低位涨5.6%",2026-09-18
sz300614,百川畅银,9.94,30.533117932148613,0.939525677518119,-7.534883720930237,建仓后期,50.0,位置分位30.5%（中低位）,2026-09-18
sz300041,回天新材,11.21,25.598991172761682,1.0474820143884893,3.413284132841338,建仓后期,87.5,"位置分位25.6%（低位）, MA20之上",2026-09-18
sz002310,东方新能,2.3,14.622641509433954,0.8536862619770886,-0.4329004329004429,建仓后期,66.66666666666666,位置分位14.6%（低位）,2026-09-18
sz003008,开普检测,18.74,39.41326530612243,0.8999298852803843,-2.1409921671018286,建仓后期,50.0,位置分位39.4%（中低位）,2026-09-18
sz300700,岱勒新材,18.66,47.08699122106944,1.339375077314081,-2.2012578616352108,建仓后期,66.66666666666666,"位置分位47.1%（中低位）, 当日涨3.96%, 价升量增",2026-09-18
sz301526,国际复材,31.18,47.11316397228637,0.9637789066835742,-3.85445575084798,建仓后期,57.14285714285714,"位置分位47.1%（中低位）, MA20之上",2026-09-18
sz002643,万润股份,13.51,12.020202020202017,1.1102925323713304,-2.665706051873206,建仓后期,87.5,"位置分位12.0%（低位）, MA20之上",2026-09-18
sz002912,中新赛克,24.55,67.3640167364017,1.2027001226171332,30.515683147262106,拉升,72.72727272727273,"20日大涨30.5%, 当日大涨4.91%, MA20之上, MA60之上, 连续3天放量, 价升量增",2026-09-18
sz002142,宁波银行,34.65,81.93717277486908,0.7752374956467737,1.7322372284204235,出货,66.66666666666666,位置分位81.9%（中高位）,2026-09-18
sz002759,ST天际,14.44,9.2531394580304,0.8950669949911269,-21.819166215484568,建仓初期,100.0,"位置分位9.3%（极低位）, 低位跌-21.8%, MA20之下（低位）, MA60之下（低位）",2026-09-18
sz300636,同和药业,6.71,26.785714285714278,1.5449528527354104,-3.453237410071945,建仓后期,78.57142857142857,"位置分位26.8%（低位）, 低位放量（量比1.54）",2026-09-18
sz000565,渝三峡Ａ,6.64,43.40878828229027,0.5958011670472255,10.482529118136439,洗盘,64.70588235294117,"中位缩量（量比0.60）, 连续3天缩量",2026-09-18
sz301273,瑞晨环保,37.35,70.65435568044963,0.9682466524354746,-6.927485671567409,出货,85.71428571428571,位置分位70.7%（中高位）,2026-09-18
sz300838,浙江力诺,13.96,30.635838150289025,0.7997300970320178,0.43165467625899634,建仓后期,50.0,位置分位30.6%（中低位）,2026-09-18
sz300991,创益通,31.41,27.906350914962324,0.757694111847859,9.25217391304348,建仓后期,100.0,"位置分位27.9%（低位）, 低位涨9.3%, MA20之上",2026-09-18
sz002907,华森制药,13.86,35.1063829787234,1.176656104491156,-2.56590509666081,建仓后期,50.0,位置分位35.1%（中低位）,2026-09-18
sz300959,线上线下,92.02,12.768685881778211,0.9755920207479943,-2.168828407399539,建仓后期,66.66666666666666,位置分位12.8%（低位）,2026-09-18
sz300835,龙磁科技,187.0,59.88961622384803,1.4049902185835605,17.373838814963598,拉升,68.42105263157895,"20日大涨17.4%, 当日大涨6.22%, MA20之上, MA60之上, 价升量增",2026-09-18
sz300191,潜能恒信,31.29,28.9652056032535,0.8735138946547146,-6.429425837320571,建仓后期,66.66666666666666,位置分位29.0%（低位）,2026-09-18
sz300664,鹏鹞环保,4.64,25.08650519031142,1.1124075986924604,3.111111111111104,建仓后期,75.0,位置分位25.1%（低位）,2026-09-18
sz300335,迪森股份,5.52,24.657534246575334,0.7089630818815543,5.544933078393865,建仓后期,61.53846153846154,"位置分位24.7%（低位）, 低位涨5.5%",2026-09-18
sz002513,蓝丰生化,5.23,44.92753623188407,0.7761389015511319,-2.0599250936329483,建仓后期,50.0,位置分位44.9%（中低位）,2026-09-18
sz002728,特一药业,9.64,51.28205128205129,1.5427020812088943,8.314606741573035,拉升,72.72727272727273,"中位放量（量比1.54）, 20日涨8.3%, 当日大涨3.88%, MA20之上, MA60之上, 价升量增",2026-09-18
sz002702,海欣食品,5.54,54.60750853242321,0.6393760942405967,13.991769547325097,洗盘,64.70588235294117,"位置分位54.6%（中位）, 中位缩量（量比0.64）",2026-09-18
sz002103,广博股份,6.49,28.239202657807322,1.0196605814875404,0.15432098765431768,建仓后期,75.0,位置分位28.2%（低位）,2026-09-18
sz002968,新大正,9.22,31.556503198294255,0.9500475955638642,-0.3243243243243174,建仓后期,50.0,位置分位31.6%（中低位）,2026-09-18
sz300964,本川智能,72.85,66.3677130044843,0.8045323162836028,27.986647926914955,拉升,57.14285714285714,"20日大涨28.0%, MA20之上, MA60之上",2026-09-18
sz002549,凯美特气,13.73,16.433239962651726,1.1942631178297394,0.0,建仓后期,87.5,"位置分位16.4%（低位）, MA20之上",2026-09-18
sz300141,和顺电气,10.15,37.32928679817906,0.9507736902348222,3.150406504065046,建仓后期,57.14285714285714,"位置分位37.3%（中低位）, MA20之上",2026-09-18
sz000967,盈峰环境,8.26,16.744809109176156,1.5631820696360619,-0.840336134453785,建仓后期,92.85714285714286,"位置分位16.7%（低位）, 低位放量（量比1.56）, MA20之上, 价升量增",2026-09-18
sz301052,果麦文化,23.7,22.568636575151228,1.127829744838656,3.9017974572555922,建仓后期,75.0,位置分位22.6%（低位）,2026-09-18
sz300973,立高食品,25.06,26.551555627952418,1.1275661804430037,2.5368248772503987,建仓后期,66.66666666666666,位置分位26.6%（低位）,2026-09-18
sz300342,天银机电,32.17,7.9685507862303435,1.1079985870994329,-0.3716320842365979,建仓初期,90.0,"位置分位8.0%（极低位）, MA60之下（低位）",2026-09-18
sz301016,雷尔伟,14.81,38.52313167259787,0.8311813147398928,23.829431438127084,建仓后期,70.0,"位置分位38.5%（中低位）, 低位涨23.8%, MA20之上",2026-09-18
sz002406,远东传动,6.5,16.433566433566423,1.287374775237606,-2.4024024024024047,建仓后期,66.66666666666666,位置分位16.4%（低位）,2026-09-18
sz300444,双杰电气,9.03,12.647861692447679,1.30806917735309,-8.324873096446703,建仓后期,70.0,"位置分位12.6%（低位）, 价升量增",2026-09-18
sz300740,水羊股份,22.7,57.6849514191722,1.861855722286241,7.736117702895107,拉升,72.72727272727273,"中位放量（量比1.86）, 20日涨7.7%, 当日大涨8.61%, MA20之上, MA60之上, 价升量增",2026-09-18
sz002541,鸿路钢构,18.61,43.04581097812628,1.0253241158611635,-7.77998017839445,建仓后期,50.0,位置分位43.0%（中低位）,2026-09-18
sz002847,盐津铺子,42.45,3.4084950183534644,1.031338569151931,-4.154436667419273,建仓初期,100.0,"位置分位3.4%（极低位）, MA20之下（低位）, MA60之下（低位）",2026-09-18
sz002949,华阳国际,12.57,59.296482412060314,0.7920726393274047,16.496756255792413,洗盘,50.0,位置分位59.3%（中位）,2026-09-18
sz002204,大连重工,5.57,31.152647975077908,0.9946722778294217,7.945736434108531,建仓后期,66.66666666666666,"位置分位31.2%（中低位）, 低位涨7.9%, MA20之上",2026-09-18
sz301630,同宇新材,203.16,42.68386599922987,0.7999162192010358,22.223559138491154,建仓后期,70.0,"位置分位42.7%（中低位）, 低位涨22.2%, MA20之上",2026-09-18
sz000599,青岛双星,4.51,18.57142857142856,1.4764751202146595,-3.218884120171681,建仓后期,66.66666666666666,位置分位18.6%（低位）,2026-09-18
sz002722,物产金轮,12.97,37.23311546840961,1.010601970795798,0.8553654743390452,建仓后期,50.0,位置分位37.2%（中低位）,2026-09-18
sz002576,通达动力,14.17,23.170885278932122,0.9291029250970032,0.0,建仓后期,66.66666666666666,位置分位23.2%（低位）,2026-09-18
sz002732,燕塘乳业,13.66,32.28962818003914,0.8892280150845941,-0.9427121102247934,建仓后期,50.0,位置分位32.3%（中低位）,2026-09-18
sz002900,哈三联,11.85,35.35108958837772,1.3119006585596205,-13.943355119825707,建仓后期,57.14285714285714,"位置分位35.4%（中低位）, 价升量增",2026-09-18
sz002922,伊戈尔,23.52,9.761544557308554,1.115259954960586,-7.438016528925622,建仓初期,100.0,"位置分位9.8%（极低位）, MA20之下（低位）, MA60之下（低位）",2026-09-18
sz002823,凯中精密,12.75,14.8938321536906,1.072291712439296,1.214574898785429,建仓后期,66.66666666666666,位置分位14.9%（低位）,2026-09-18
sz000902,新洋丰,13.82,55.20169851380042,0.7153064464909495,2.218934911242609,洗盘,85.71428571428571,位置分位55.2%（中位）,2026-09-18
sz000820,神雾节能,3.53,49.47916666666665,1.2477688750590668,0.5698005698005704,建仓后期,50.0,位置分位49.5%（中低位）,2026-09-18
sz002882,金龙羽,23.32,48.398091342876626,1.096250421349117,7.9629629629629575,建仓后期,66.66666666666666,"位置分位48.4%（中低位）, 低位涨8.0%, MA20之上",2026-09-18
sz002672,东江环保,3.57,27.368421052631575,1.31776866042152,-2.1917808219178103,建仓后期,75.0,位置分位27.4%（低位）,2026-09-18
sz300539,横河精密,18.09,9.545686574783057,1.5192988856215355,-0.49504950495049427,建仓初期,56.25,"位置分位9.5%（极低位）, MA60之下（低位）",2026-09-18
sz300999,金龙鱼,25.0,37.290715372907144,0.9547354106073992,-0.03998400639744727,建仓后期,50.0,位置分位37.3%（中低位）,2026-09-18
sz300479,神思电子,14.51,30.91655266757866,1.0097526428776937,-1.0906612133606008,建仓后期,50.0,位置分位30.9%（中低位）,2026-09-18
sz002431,ST棕榈,1.35,9.189189189189198,0.8003606783360031,-2.173913043478247,建仓初期,100.0,"位置分位9.2%（极低位）, MA20之下（低位）",2026-09-18
sz300337,银邦股份,9.4,13.758865248226959,1.1589656551468508,-3.29218106995885,建仓后期,66.66666666666666,位置分位13.8%（低位）,2026-09-18
sz300463,迈克生物,9.08,34.87031700288185,1.3655439126589062,-2.991452991452985,建仓后期,57.14285714285714,"位置分位34.9%（中低位）, 价升量增",2026-09-18
sz000850,华茂股份,4.16,46.33720930232558,1.4511111460257535,-0.47846889952152094,建仓后期,57.14285714285714,"位置分位46.3%（中低位）, 价升量增",2026-09-18
sz301128,强瑞技术,123.95,37.05936920222634,1.0731564024623872,13.217025940811105,建仓后期,66.66666666666666,"位置分位37.1%（中低位）, 低位涨13.2%, MA20之上",2026-09-18
sz300505,川金诺,19.28,22.826086956521742,0.8936612948111418,0.05189413596264434,建仓后期,66.66666666666666,位置分位22.8%（低位）,2026-09-18
sz002306,ST云网,2.19,59.43396226415093,0.6668490838383357,3.3018867924528226,洗盘,93.33333333333333,"位置分位59.4%（中位）, 中位缩量（量比0.67）, 连续3天缩量",2026-09-18
sz301269,华大九天,88.95,15.516039051603917,1.1828906681062714,-6.565126050420169,建仓后期,72.72727272727273,"位置分位15.5%（低位）, 当日涨3.95%",2026-09-18
sz301290,东星医疗,27.33,37.73460651959169,0.9467597571265489,-5.985552115583082,建仓后期,50.0,位置分位37.7%（中低位）,2026-09-18
sz300432,富临精工,13.82,4.048843187660673,0.9946879554534068,-13.516896120150188,建仓初期,100.0,"位置分位4.0%（极低位）, MA20之下（低位）, MA60之下（低位）",2026-09-18
sz301505,苏州规划,18.83,46.56976205906859,0.8265423473110168,14.329083181542195,建仓后期,66.66666666666666,"位置分位46.6%（中低位）, 低位涨14.3%, MA20之上",2026-09-18
sz002582,好想你,9.74,33.41962814779947,0.9737595976830856,-5.89371980676328,建仓后期,50.0,位置分位33.4%（中低位）,2026-09-18
sz002057,中钢天源,8.95,24.99999999999999,1.289407001996142,3.468208092485537,建仓后期,88.88888888888889,"位置分位25.0%（低位）, MA20之上, 价升量增",2026-09-18
sz301418,协昌科技,34.18,17.75670372792675,1.219869315325947,-9.11991491624568,建仓后期,70.0,"位置分位17.8%（低位）, 价升量增",2026-09-18
sz001260,坤泰股份,18.06,46.15384615384615,1.0062309330570425,2.207130730050917,建仓后期,50.0,位置分位46.2%（中低位）,2026-09-18
sz002212,天融信,7.07,64.68646864686468,1.0266475676716025,13.483146067415728,洗盘,50.0,位置分位64.7%（中位）,2026-09-18
sz300762,上海瀚讯,27.29,5.624999999999992,1.1173451798793888,-4.21200421200421,建仓初期,100.0,"位置分位5.6%（极低位）, MA20之下（低位）, MA60之下（低位）",2026-09-18
sz301170,锡南科技,22.4,27.15053763440858,1.0216872748515238,-2.311382468382037,建仓后期,75.0,位置分位27.2%（低位）,2026-09-18
sz002216,三全食品,11.66,13.727882855399617,1.1022652504934674,-5.510534846029171,建仓后期,66.66666666666666,位置分位13.7%（低位）,2026-09-18
sz003006,百亚股份,21.25,100.0,0.8943647764469588,56.25,拉升,57.89473684210527,"20日大涨56.2%, 当日大涨6.04%, MA20之上, MA60之上",2026-09-18
sz301288,清研环境,15.97,32.50927070457356,0.883216929948143,-6.058823529411761,建仓后期,50.0,位置分位32.5%（中低位）,2026-09-18
sz002526,山东矿机,2.64,16.66666666666668,0.7813393209691012,-0.3773584905660297,建仓后期,66.66666666666666,位置分位16.7%（低位）,2026-09-18
sz001391,国货航,4.02,6.161429451632756,1.5620123689778844,-1.228501228501246,建仓初期,64.70588235294117,"位置分位6.2%（极低位）, MA20之下（低位）, MA60之下（低位）",2026-09-18
sz001270,铖昌科技,101.01,14.15480810694266,1.2908684737455545,-2.7815206929740137,建仓后期,90.9090909090909,"位置分位14.2%（低位）, 当日涨3.56%, MA20之上, 价升量增",2026-09-18
sz002856,*ST美芝,23.2,71.31696428571428,0.7829017279158744,57.50169721656483,拉升,50.0,"20日大涨57.5%, MA20之上, MA60之上",2026-09-18
sz000892,欢瑞世纪,4.49,41.75531914893618,1.1098216770417997,20.053475935828878,建仓后期,66.66666666666666,"位置分位41.8%（中低位）, 低位涨20.1%",2026-09-18
sz001366,播恩集团,13.02,37.12035995500562,0.7322841845117882,5.853658536585357,洗盘,54.54545454545454,连续3天缩量,2026-09-18
sz000615,*ST美谷,3.23,41.02564102564102,1.0219739543022512,-4.1543026706231485,建仓后期,50.0,位置分位41.0%（中低位）,2026-09-18
sz300990,同飞股份,101.16,62.481112118464786,1.327610847038479,38.3290031450841,拉升,68.42105263157895,"20日大涨38.3%, 当日大涨4.95%, MA20之上, MA60之上, 价升量增",2026-09-18
sz301370,国科恒泰,8.43,19.36177841520258,1.0922621469846179,-4.421768707482999,建仓后期,66.66666666666666,位置分位19.4%（低位）,2026-09-18
sz300786,国林科技,15.8,26.326963906581746,2.377185721945455,1.4771997430956996,建仓后期,93.75,"位置分位26.3%（低位）, 低位放量（量比2.38）, 当日涨10.72%, MA20之上, 价升量增",2026-09-18
sz002290,禾盛新材,67.22,31.210613598673298,1.2881820865521438,5.2779953014878584,建仓后期,75.0,"位置分位31.2%（中低位）, 低位涨5.3%, 当日涨4.22%, MA20之上, 价升量增",2026-09-18
sz301226,祥明智能,30.17,33.493975903614476,0.9519990668105334,5.30541012216406,建仓后期,66.66666666666666,"位置分位33.5%（中低位）, 低位涨5.3%, MA20之上",2026-09-18
sz002214,大立科技,18.0,76.14269788182831,1.3958491353469378,21.786197564276055,拉升,62.5,"20日大涨21.8%, MA20之上, MA60之上, 价升量增",2026-09-18
sz002539,云图控股,12.31,45.51386623164764,0.7835842308957428,-4.202334630350188,建仓后期,50.0,位置分位45.5%（中低位）,2026-09-18
sz300819,聚杰微纤,48.89,21.023614812092255,0.9238836523372052,4.265301770100235,建仓后期,87.5,"位置分位21.0%（低位）, MA20之上",2026-09-18
sz300456,赛微电子,36.58,32.034632034632025,1.2693187731262603,16.533928002548574,建仓后期,76.92307692307693,"位置分位32.0%（中低位）, 低位涨16.5%, 当日涨3.86%, MA20之上, 价升量增",2026-09-18
sz001255,博菲电气,26.56,34.96862521391898,0.7445734045466995,1.7234775947912653,建仓后期,50.0,位置分位35.0%（中低位）,2026-09-18
sz301386,未来电器,19.65,22.23476297968396,1.1173398673398673,-2.8670291646070285,建仓后期,66.66666666666666,位置分位22.2%（低位）,2026-09-18
sz300640,德艺文创,6.09,33.078101071975496,1.10557877521352,-10.834553440702784,建仓后期,50.0,位置分位33.1%（中低位）,2026-09-18
sz000829,天音控股,8.88,33.040421792618645,0.8468966306070913,6.8592057761732885,建仓后期,62.5,"位置分位33.0%（中低位）, 低位涨6.9%",2026-09-18
sz301590,优优绿能,69.63,5.201137748882559,1.193773908455349,-6.511815252416767,建仓初期,84.61538461538461,"位置分位5.2%（极低位）, MA20之下（低位）, MA60之下（低位）",2026-09-18
sz002623,亚玛顿,18.52,45.86454670539673,1.716778913879612,20.41612483745123,建仓后期,47.61904761904761,"位置分位45.9%（中低位）, 低位涨20.4%, 当日涨9.98%, MA20之上, 价升量增",2026-09-18
sz002755,奥赛康,11.32,4.310344827586217,1.5976047585109003,-12.316034082106892,建仓初期,64.70588235294117,"位置分位4.3%（极低位）, MA20之下（低位）, MA60之下（低位）",2026-09-18
sz300188,国投智能,10.28,27.2300469483568,0.7714305483697985,1.1811023622047168,建仓后期,66.66666666666666,位置分位27.2%（低位）,2026-09-18
sz002358,森源电气,5.36,14.790996784565918,0.9283301069603892,0.7518796992481209,建仓后期,66.66666666666666,位置分位14.8%（低位）,2026-09-18
sz301199,迈赫股份,18.16,23.72034956304618,0.8784612616738359,1.9651880965749662,建仓后期,87.5,"位置分位23.7%（低位）, MA20之上",2026-09-18
sz300111,向日葵,3.0,28.070175438596483,1.2171357926263355,0.0,建仓后期,75.0,位置分位28.1%（低位）,2026-09-18
sz300815,玉禾田,15.52,16.73789173789174,2.782739008123954,-2.328508495909383,建仓后期,93.75,"位置分位16.7%（低位）, 低位放量（量比2.78）, 当日涨7.33%, MA20之上, 价升量增",2026-09-18
sz000970,中科三环,11.44,11.4396887159533,1.2145519243629406,-7.741935483870975,建仓后期,70.0,"位置分位11.4%（低位）, 价升量增",2026-09-18
sz300536,农尚环境,8.76,28.091236494597837,0.9029636276668498,-1.793721973094172,建仓后期,75.0,位置分位28.1%（低位）,2026-09-18
sz300732,设研院,5.68,14.015151515151517,0.8305112963460454,-5.64784053156146,建仓后期,66.66666666666666,位置分位14.0%（低位）,2026-09-18
sz301175,中科环保,5.65,55.621301775147934,1.0116182437718046,5.214152700186224,洗盘,50.0,位置分位55.6%（中位）,2026-09-18
sz300899,上海凯鑫,29.36,38.31062670299728,1.059104778081847,0.7204116638078931,建仓后期,50.0,位置分位38.3%（中低位）,2026-09-18
sz002189,中光学,19.35,39.327146171693755,1.0989756302914075,6.318681318681331,建仓后期,66.66666666666666,"位置分位39.3%（中低位）, 低位涨6.3%, MA20之上",2026-09-18
sz000833,粤桂股份,20.09,17.089065894279504,0.9079021503783907,-7.2055427251732045,建仓后期,66.66666666666666,位置分位17.1%（低位）,2026-09-18
sz002180,奔图科技,16.09,42.17948717948716,1.094608898664178,-9.09604519774011,建仓后期,50.0,位置分位42.2%（中低位）,2026-09-18
sz301378,通达海,24.1,20.711974110032365,1.8686514020078138,-2.0325203252032518,建仓后期,80.0,"位置分位20.7%（低位）, 低位放量（量比1.87）, 价升量增",2026-09-18
sz300989,蕾奥规划,15.75,93.31306990881457,2.128417428372341,9.374999999999996,出货,54.166666666666664,"位置分位93.3%（极高位）, 高位放量（量比2.13）",2026-09-18
sz002797,第一创业,6.36,15.86206896551725,1.185660178137407,0.7923930269413743,建仓后期,66.66666666666666,位置分位15.9%（低位）,2026-09-18
sz300346,南大光电,56.0,22.206042955951954,1.3440984547182036,-1.356350184956849,建仓后期,91.66666666666666,"位置分位22.2%（低位）, MA20之上, 连续3天放量, 价升量增",2026-09-18
sz002068,黑猫股份,9.98,35.376344086021504,0.9183922428730582,28.60824742268042,建仓后期,70.0,"位置分位35.4%（中低位）, 低位涨28.6%, MA20之上",2026-09-18
sz301118,恒光股份,22.99,28.673514962036617,0.9342854195774688,2.8175313059033944,建仓后期,75.0,位置分位28.7%（低位）,2026-09-18
sz000978,桂林旅游,8.36,50.306748466257666,1.3607173678686528,36.82487725040915,拉升,68.42105263157895,"20日大涨36.8%, 当日大涨4.89%, MA20之上, MA60之上, 价升量增",2026-09-18
sz301306,西测测试,100.03,21.443793287160368,1.0604381076353577,12.418521015958639,建仓后期,90.0,"位置分位21.4%（低位）, 低位涨12.4%, MA20之上",2026-09-18
sz300868,杰美特,92.6,35.21825396825396,0.7535043931551512,5.22727272727272,建仓后期,66.66666666666666,"位置分位35.2%（中低位）, 低位涨5.2%, MA20之上",2026-09-18
sz001339,智微智能,80.19,55.23038605230385,1.2691326040329338,2.1788990825687993,洗盘,60.0,位置分位55.2%（中位）,2026-09-18
sz300408,三环集团,130.96,61.60871829551727,0.8848418943598997,14.978050921861282,洗盘,50.0,位置分位61.6%（中位）,2026-09-18
sz300420,五洋自控,7.54,59.16905444126074,1.217253516609001,-5.0377833753148655,洗盘,75.0,位置分位59.2%（中位）,2026-09-18
sz301176,逸豪新材,57.0,56.544411611333224,0.783798408633917,21.664887940234788,拉升,57.14285714285714,"20日大涨21.7%, MA20之上, MA60之上",2026-09-18
sz300359,全通教育,4.01,40.88397790055247,1.0804179687358224,-0.7425742574257487,建仓后期,50.0,位置分位40.9%（中低位）,2026-09-18
sz300617,安靠智电,36.55,5.2618264609157555,1.326343955977505,-10.262705622391358,建仓初期,91.66666666666666,"位置分位5.3%（极低位）, MA20之下（低位）, MA60之下（低位）",2026-09-18
sz000026,飞亚达,19.79,43.51254480286737,1.7065601272827005,-6.474480151228739,建仓后期,46.666666666666664,"位置分位43.5%（中低位）, 当日涨4.82%, MA20之上, 价升量增",2026-09-18
sz300671,富满微,60.54,34.24817518248175,1.2815798468458068,1.7992265007566848,建仓后期,45.45454545454545,"位置分位34.2%（中低位）, MA20之上, 价升量增",2026-09-18
sz002958,青农商行,2.96,55.38461538461538,0.7826978014972192,1.7182130584192379,洗盘,90.0,"位置分位55.4%（中位）, 连续3天缩量",2026-09-18
sz001368,通达创智,32.45,94.86467730742544,1.2581420774183278,38.55678906917165,拉升,55.55555555555556,"20日大涨38.6%, MA20之上, MA60之上, 价升量增",2026-09-18
sz000712,锦龙股份,10.0,33.33333333333333,1.1714018587802497,16.55011655011655,建仓后期,66.66666666666666,"位置分位33.3%（中低位）, 低位涨16.6%",2026-09-18
sz000042,中洲控股,8.25,30.864197530864196,1.1273255744123758,-5.821917808219176,建仓后期,50.0,位置分位30.9%（中低位）,2026-09-18
sz002768,国恩股份,67.89,96.77574957475439,1.414088598818453,4.109799110565875,拉升,50.0,"当日大涨4.09%, MA20之上, MA60之上, 价升量增",2026-09-18
sz002815,崇达技术,23.4,88.9978976874562,1.1189491871155102,69.31982633863963,拉升,50.0,"20日大涨69.3%, MA20之上, MA60之上",2026-09-18
sz000603,盛达资源,34.76,68.44941956882255,1.3016844807027554,-5.053264135482113,拉升,60.0,"当日大涨5.88%, MA60之上, 连续3天放量, 价升量增",2026-09-18
sz002646,天佑德酒,6.8,30.44444444444443,1.4141163324849464,0.4431314623338294,建仓后期,57.14285714285714,"位置分位30.4%（中低位）, 价升量增",2026-09-18
sz002747,埃斯顿,29.79,35.51527358173883,1.390675254228469,-11.260053619302953,建仓后期,57.14285714285714,"位置分位35.5%（中低位）, 价升量增",2026-09-18
sz002945,华林证券,14.25,44.60106382978724,1.5192485116193624,1.7857142857142856,拉升,41.66666666666667,中位放量（量比1.52）,2026-09-18
sz300621,维业股份,6.81,31.967213114754088,1.0115524155050601,-7.346938775510205,建仓后期,50.0,位置分位32.0%（中低位）,2026-09-18
sz001376,百通能源,12.66,39.507620164126614,0.8861482155851986,22.79340446168768,建仓后期,75.0,"位置分位39.5%（中低位）, 低位涨22.8%, 当日涨9.99%, MA20之上",2026-09-18
sz300475,香农芯创,174.32,25.7281601020258,1.43736510459618,10.259329538266918,建仓后期,92.3076923076923,"位置分位25.7%（低位）, 低位涨10.3%, 当日涨6.27%, MA20之上, 价升量增",2026-09-18
sz300439,美康生物,9.49,59.776737486496245,0.9775285806317767,1.6059957173447574,洗盘,66.66666666666666,位置分位59.8%（中位）,2026-09-18
sz300981,中红医疗,18.15,96.75324675324674,2.0669260976459958,23.217922606924628,拉升,50.0,"20日大涨23.2%, 当日大涨14.01%, MA20之上, MA60之上, 价升量增",2026-09-18
sz300877,金春股份,27.65,45.76914489841482,0.87848696361325,-11.406600448574181,建仓后期,57.14285714285714,"位置分位45.8%（中低位）, MA20之上",2026-09-18
sz300807,天迈科技,35.98,14.50465243568691,1.5363979448006182,0.16703786191535402,建仓后期,82.35294117647058,"位置分位14.5%（低位）, 低位放量（量比1.54）, 当日涨3.09%, 价升量增",2026-09-18
sz301003,江苏博云,54.35,51.177437020810515,0.6903532515979346,-2.8770550393137944,洗盘,73.33333333333333,"位置分位51.2%（中位）, 中位缩量（量比0.69）",2026-09-18
sz300612,宣亚国际,11.99,33.28,1.8021038075187037,2.5662959794696385,建仓后期,42.857142857142854,"位置分位33.3%（中低位）, 当日涨3.18%, 价升量增",2026-09-18
sz300566,激智科技,25.69,32.80917654208447,1.064925222785498,-11.383235598482226,建仓后期,50.0,位置分位32.8%（中低位）,2026-09-18
sz300011,鼎汉技术,5.75,13.937282229965165,1.3742754474601495,-4.326123128119797,建仓后期,66.66666666666666,位置分位13.9%（低位）,2026-09-18
sz300787,海能实业,10.64,67.06349206349206,1.5764181501908883,5.976095617529896,拉升,72.72727272727273,"中位放量（量比1.58）, 20日涨6.0%, 当日大涨5.45%, MA20之上, MA60之上, 价升量增",2026-09-18
sz001369,双欣材料,12.45,20.793950850661616,1.5763091225683987,0.6467259498787394,建仓后期,92.85714285714286,"位置分位20.8%（低位）, 低位放量（量比1.58）, MA20之上, 价升量增",2026-09-18
sz002624,完美世界,9.97,3.745644599303149,0.8785892983734573,-8.363970588235295,建仓初期,100.0,"位置分位3.7%（极低位）, MA20之下（低位）, MA60之下（低位）",2026-09-18
sz002262,恩华药业,21.49,65.12915129151288,1.2398096762797437,-2.095671981776769,洗盘,85.71428571428571,位置分位65.1%（中位）,2026-09-18
sz000661,长春高新,71.5,34.80441323971915,1.6020656932393111,-10.062893081761008,拉升,45.45454545454545,中位放量（量比1.60）,2026-09-18
sz002705,新宝股份,11.68,12.495740088606153,2.02279786672918,4.28571428571429,建仓后期,100.0,"位置分位12.5%（低位）, 低位放量（量比2.02）, MA20之上, 连续3天放量, 价升量增",2026-09-18
sz002430,杭氧股份,25.95,35.02262443438914,0.912930851827297,11.949956859361517,建仓后期,62.5,"位置分位35.0%（中低位）, 低位涨11.9%",2026-09-18
sz300446,航天智造,13.0,5.4502369668246535,1.4533766139561874,0.6971340046475589,建仓初期,78.57142857142857,"位置分位5.5%（极低位）, MA20之下（低位）, MA60之下（低位）",2026-09-18
sz300562,乐心股份,16.99,68.97810218978101,0.8309810430161385,13.04058549567531,洗盘,60.0,位置分位69.0%（中位）,2026-09-18
sz001269,欧晶科技,18.83,21.631878557874753,0.9228336376814323,-1.4652014652014713,建仓后期,66.66666666666666,位置分位21.6%（低位）,2026-09-18
sz300240,飞力达,6.02,49.36170212765955,0.9979613235814481,-0.986842105263166,建仓后期,50.0,位置分位49.4%（中低位）,2026-09-18
sz300582,英飞特,10.58,15.43438077634011,0.8920385512712528,-5.788067675868213,建仓后期,66.66666666666666,位置分位15.4%（低位）,2026-09-18
sz000789,万年青,4.05,20.819778789850343,0.6541371104034214,-0.9779951100244507,建仓初期,68.42105263157895,"低位缩量（量比0.65）, MA20之下（低位）, MA60之下（低位）, 连续3天缩量, 价跌量缩",2026-09-18
sz002647,仁东控股,10.89,49.26590538336053,1.0594823161611422,-13.434022257551664,建仓后期,50.0,位置分位49.3%（中低位）,2026-09-18
sz301333,诺思格,64.35,70.73745305565036,1.0854373013162388,9.531914893617012,拉升,50.0,"20日涨9.5%, MA20之上, MA60之上",2026-09-18
sz002434,万里扬,5.92,24.999999999999993,1.9415147003202902,3.315881326352522,建仓后期,100.0,"位置分位25.0%（低位）, 低位放量（量比1.94）, 当日涨4.59%, MA20之上, 价升量增",2026-09-18
sz300871,回盛生物,21.39,23.607103218645943,1.1342230391784527,-7.169516535023006,建仓后期,66.66666666666666,位置分位23.6%（低位）,2026-09-18
sz300702,天宇股份,20.05,33.33333333333333,1.8191759074009572,-8.987743985474355,拉升,45.45454545454545,中位放量（量比1.82）,2026-09-18
sz000720,新能泰山,4.05,25.11961722488038,1.0764119839159532,9.459459459459449,建仓后期,100.0,"位置分位25.1%（低位）, 低位涨9.5%, MA20之上",2026-09-18
sz000785,居然智家,2.23,37.97468354430379,1.2280591341108547,0.4504504504504408,建仓后期,57.14285714285714,"位置分位38.0%（中低位）, 价升量增",2026-09-18
sz002640,跨境通,3.7,50.51546391752577,1.7201010041534082,15.625,拉升,72.72727272727273,"中位放量（量比1.72）, 20日大涨15.6%, MA20之上, MA60之上, 连续3天放量",2026-09-18
sz300046,台基股份,25.18,24.184615384615384,1.9694275576487172,-1.717408274785329,建仓后期,93.75,"位置分位24.2%（低位）, 低位放量（量比1.97）, 当日涨3.88%, MA20之上, 价升量增",2026-09-18
sz300170,汉得信息,15.3,16.338298894762147,1.1019862634361002,-1.4810045074050138,建仓后期,66.66666666666666,位置分位16.3%（低位）,2026-09-18
sz002037,保利联合,6.75,30.571428571428577,1.346760536580725,-0.14792899408283708,建仓后期,50.0,位置分位30.6%（中低位）,2026-09-18
sz002074,国轩高科,26.14,11.491584445734187,0.8976620816162684,-2.6805658972449695,建仓后期,66.66666666666666,位置分位11.5%（低位）,2026-09-18
sz002218,拓日新能,4.3,28.142076502732237,0.6178194298878965,11.398963730569948,建仓后期,64.28571428571429,"位置分位28.1%（低位）, 低位涨11.4%, MA20之上",2026-09-18
sz002771,真视通,13.85,34.90276356192425,0.6297963471483581,12.418831168831163,洗盘,57.14285714285714,中位缩量（量比0.63）,2026-09-18
sz300968,格林精密,9.72,30.813953488372096,1.2231694625319494,-5.722599418040736,建仓后期,57.14285714285714,"位置分位30.8%（中低位）, 价升量增",2026-09-18
sz300302,同有科技,28.67,23.06094182825485,1.554678710714564,-2.549286199864038,建仓后期,93.75,"位置分位23.1%（低位）, 低位放量（量比1.55）, 当日涨3.24%, MA20之上, 价升量增",2026-09-18
sz003025,思进智能,12.0,18.573185731857315,0.8388095056162603,-3.6918138041733615,建仓后期,66.66666666666666,位置分位18.6%（低位）,2026-09-18
sz000593,德龙汇能,21.7,51.16459627329193,1.082650352339432,-10.144927536231881,洗盘,100.0,位置分位51.2%（中位）,2026-09-18
sz300658,延江股份,10.44,10.024196335983405,1.0416162054862788,-1.3232514177693815,建仓后期,90.0,"位置分位10.0%（低位）, 当日涨3.16%, MA20之上",2026-09-18
sz001289,龙源电力,15.04,3.934057699512909,1.0187480171319798,-3.8363171355498813,建仓初期,100.0,"位置分位3.9%（极低位）, MA20之下（低位）, MA60之下（低位）",2026-09-18
sz301197,工大科雅,25.27,31.499035315829204,0.8678400580187166,-0.43341213553979285,建仓后期,50.0,位置分位31.5%（中低位）,2026-09-18
sz002190,成飞集成,24.34,24.843945068664166,0.7174241983355643,6.707584392810176,建仓后期,61.53846153846154,"位置分位24.8%（低位）, 低位涨6.7%",2026-09-18
sz000037,深南电A,9.4,29.75724353954582,0.5694073386284677,0.10649627263045566,建仓初期,53.84615384615385,"低位缩量（量比0.57）, MA20之下（低位）",2026-09-18
sz300322,硕贝德,18.44,14.90539916935856,2.0185567570504808,4.653802497162316,建仓后期,93.75,"位置分位14.9%（低位）, 低位放量（量比2.02）, 当日涨6.65%, MA20之上, 价升量增",2026-09-18
sz300984,金沃股份,30.65,12.475832634151674,1.1281751874227886,-4.931761786600506,建仓后期,90.0,"位置分位12.5%（低位）, 当日涨3.55%, MA20之上",2026-09-18
sz301469,恒达新材,28.47,38.085629610946455,1.1668585905112852,0.17593244194228416,建仓后期,50.0,位置分位38.1%（中低位）,2026-09-18
sz000888,峨眉山Ａ,9.36,18.494623655913962,0.8821508917474684,-4.196519959058344,建仓后期,66.66666666666666,位置分位18.5%（低位）,2026-09-18
sz000045,深纺织Ａ,11.08,40.7395800689439,1.1438258501996865,6.846673095467704,建仓后期,66.66666666666666,"位置分位40.7%（中低位）, 低位涨6.8%, MA20之上",2026-09-18
sz002244,滨江集团,8.23,21.08814846056517,1.7257523161790709,-10.152838427947595,建仓后期,82.35294117647058,"位置分位21.1%（低位）, 低位放量（量比1.73）, 当日涨5.78%, 价升量增",2026-09-18
sz300471,厚普股份,9.94,30.07380073800736,1.221485079110755,2.4742268041237137,建仓后期,62.5,"位置分位30.1%（中低位）, MA20之上, 价升量增",2026-09-18
sz300909,汇创达,59.48,76.13825191093386,0.8204012056223051,8.559956196386198,拉升,50.0,"20日涨8.6%, MA20之上, MA60之上",2026-09-18
sz300755,华致酒行,11.27,12.75820170109355,1.208240059934234,1.4401440144014415,建仓后期,70.0,"位置分位12.8%（低位）, 价升量增",2026-09-18
sz002344,海宁皮城,3.99,52.419354838709694,0.7143267702884859,3.63636363636364,洗盘,90.0,"位置分位52.4%（中位）, 连续3天缩量",2026-09-18
sz300164,通源石油,9.22,15.868544600938971,0.8767409306779004,-9.784735812133071,建仓后期,66.66666666666666,位置分位15.9%（低位）,2026-09-18
sz002865,钧达股份,38.47,3.2837421257204076,1.355499379037177,-8.186157517899762,建仓初期,78.57142857142857,"位置分位3.3%（极低位）, MA20之下（低位）, MA60之下（低位）",2026-09-18
sz002910,庄园牧场,9.77,38.305084745762706,0.7814820010989911,2.6260504201680672,洗盘,66.66666666666666,连续3天缩量,2026-09-18
sz300955,嘉亨家化,28.81,6.56544932293803,0.938786451452314,-6.308943089430899,建仓初期,100.0,"位置分位6.6%（极低位）, MA20之下（低位）, MA60之下（低位）",2026-09-18
sz300246,宝莱特,15.72,33.75661375661377,1.4688317065956817,4.3132050431320526,建仓后期,70.0,"位置分位33.8%（中低位）, 当日涨4.73%, MA20之上, 价升量增",2026-09-18
sz002842,翔鹭钨业,35.42,32.16833095577748,0.6903399584026975,-10.260957689384336,洗盘,72.72727272727273,中位缩量（量比0.69）,2026-09-18
sz300167,ST迪威迅,3.7,15.363128491620119,1.6450217718729672,-13.145539906103279,建仓后期,78.57142857142857,"位置分位15.4%（低位）, 低位放量（量比1.65）",2026-09-18
sz002853,皮阿诺,21.88,34.123947972455994,1.0644075643719506,6.731707317073166,建仓后期,66.66666666666666,"位置分位34.1%（中低位）, 低位涨6.7%, MA20之上",2026-09-18
sz000705,浙江震元,6.91,33.141210374639776,1.0278660037434613,-1.8465909090909074,建仓后期,50.0,位置分位33.1%（中低位）,2026-09-18
sz002695,煌上煌,10.8,56.06326889279438,1.2442820992509926,-3.139013452914795,洗盘,54.54545454545454,位置分位56.1%（中位）,2026-09-18
sz300231,银信科技,8.25,20.964360587002098,1.2592798731472867,0.855745721271397,建仓后期,70.0,"位置分位21.0%（低位）, 价升量增",2026-09-18
sz301551,无线传媒,23.25,35.67274137262505,2.50337291647691,16.07588617074388,建仓后期,55.55555555555556,"位置分位35.7%（中低位）, 低位涨16.1%, 当日涨7.19%, MA20之上, 价升量增",2026-09-18
sz002556,辉隆股份,5.17,32.73932863655201,0.7383883857530656,2.5793650793650773,建仓后期,50.0,位置分位32.7%（中低位）,2026-09-18
sz002820,桂发祥,9.68,43.817787418655094,0.9609955708133457,2.9787234042553123,建仓后期,50.0,位置分位43.8%（中低位）,2026-09-18
sz300739,明阳电路,31.41,57.1250519318654,1.0828913307145056,37.763157894736835,拉升,64.70588235294117,"20日大涨37.8%, 当日大涨7.57%, MA20之上, MA60之上",2026-09-18
sz002763,汇洁股份,7.24,25.412541254125426,0.9423910306532198,-1.362397820163483,建仓后期,66.66666666666666,位置分位25.4%（低位）,2026-09-18
sz300821,东岳硅材,15.67,23.61733931240658,1.0249503673854718,-7.551622418879053,建仓后期,87.5,"位置分位23.6%（低位）, MA20之上",2026-09-18
sz300049,福瑞医科,47.89,46.645109135004034,0.6098962078344328,14.926805855531555,洗盘,64.70588235294117,"中位缩量（量比0.61）, 连续3天缩量",2026-09-18
sz002424,ST百灵,4.5,25.438596491228083,1.087380628827789,-0.44247787610618533,建仓后期,66.66666666666666,位置分位25.4%（低位）,2026-09-18
sz003012,东鹏控股,4.53,15.119916579770596,1.2409048224404142,-3.2051282051281937,建仓后期,70.0,"位置分位15.1%（低位）, 价升量增",2026-09-18
sz300824,北鼎股份,7.63,22.368045649072744,1.1032065865589222,1.1131725417439655,建仓后期,75.0,位置分位22.4%（低位）,2026-09-18
sz000526,学大教育,35.22,74.68933943754085,1.08990434259648,-1.0674157303370857,出货,85.71428571428571,位置分位74.7%（中高位）,2026-09-18
sz300866,安克创新,126.99,71.81208053691277,0.9237518631774667,7.164556962025312,出货,60.0,位置分位71.8%（中高位）,2026-09-18
sz002500,山西证券,5.21,44.94382022471911,1.1660559474748573,-0.19157088122604957,建仓后期,50.0,位置分位44.9%（中低位）,2026-09-18
sz002287,奇正藏药,19.37,19.984627209838635,1.0680755529167285,-2.4672708962739094,建仓后期,66.66666666666666,位置分位20.0%（低位）,2026-09-18
sz300171,东富龙,15.45,93.33333333333333,1.8045381658572908,7.560568086883866,出货,54.166666666666664,"位置分位93.3%（极高位）, 高位放量（量比1.80）",2026-09-18
sz300781,因赛集团,26.45,24.96847414880202,1.0053783650926755,-1.672862453531596,建仓后期,66.66666666666666,位置分位25.0%（低位）,2026-09-18
sz002067,景兴纸业,4.09,24.074074074074066,1.2089428460801248,1.9950124688279323,建仓后期,70.0,"位置分位24.1%（低位）, 价升量增",2026-09-18
sz300869,康泰医学,10.7,18.848167539266985,1.3171033446737066,-7.118055555555558,建仓后期,70.0,"位置分位18.8%（低位）, 价升量增",2026-09-18
sz300482,万孚生物,15.86,7.5163398692810315,1.1978995326087631,-8.850574712643674,建仓初期,100.0,"位置分位7.5%（极低位）, MA20之下（低位）, MA60之下（低位）",2026-09-18
sz301371,敷尔佳,20.81,5.016181229773443,1.9434086319447705,-6.6397487662629,建仓初期,64.70588235294117,"位置分位5.0%（极低位）, MA20之下（低位）, MA60之下（低位）",2026-09-18
sz301098,金埔园林,8.63,51.59474671669795,0.9881552735952334,-2.815315315315315,洗盘,85.71428571428571,位置分位51.6%（中位）,2026-09-18
sz002855,捷荣技术,12.75,40.32815198618307,0.9078364046249513,25.615763546798025,建仓后期,66.66666666666666,"位置分位40.3%（中低位）, 低位涨25.6%",2026-09-18
sz300761,立华股份,20.49,63.928112965340155,1.0796411663907526,9.163558870538086,洗盘,50.0,位置分位63.9%（中位）,2026-09-18
sz000659,珠海中富,2.8,22.656249999999986,0.8598560916139066,3.321033210332098,建仓后期,75.0,位置分位22.7%（低位）,2026-09-18
sz002901,大博医疗,38.84,3.3203125000000324,1.412707584855413,-12.146573173490156,建仓初期,91.66666666666666,"位置分位3.3%（极低位）, MA20之下（低位）, MA60之下（低位）",2026-09-18
sz002029,七 匹 狼,9.0,43.783783783783775,2.3196870164374763,2.857142857142857,建仓后期,46.666666666666664,"位置分位43.8%（中低位）, 当日涨10.02%, MA20之上, 价升量增",2026-09-18
sz300224,正海磁材,11.41,24.52712533776761,1.144890201992454,3.2579185520361937,建仓后期,66.66666666666666,位置分位24.5%（低位）,2026-09-18
sz002249,大洋电机,6.37,3.6601307189542407,1.094152707375371,-9.900990099009903,建仓初期,100.0,"位置分位3.7%（极低位）, MA20之下（低位）, MA60之下（低位）",2026-09-18
sz301158,德石股份,14.14,26.459384330279008,0.6363173191231651,-7.882736156351785,建仓初期,64.70588235294117,"低位缩量（量比0.64）, MA20之下（低位）, MA60之下（低位）, 连续3天缩量",2026-09-18
sz300971,博亚精工,17.17,10.226049515608208,1.0922458426024761,-8.67021276595744,建仓后期,66.66666666666666,位置分位10.2%（低位）,2026-09-18
sz002531,天顺风能,7.71,25.672043010752688,0.9234763524762439,25.36585365853658,建仓后期,100.0,"位置分位25.7%（低位）, 低位涨25.4%, MA20之上",2026-09-18
sz300074,华平股份,3.6,34.73053892215569,0.7828226249952716,-5.511811023622046,建仓后期,50.0,位置分位34.7%（中低位）,2026-09-18
sz300265,通光线缆,13.83,16.76375404530744,1.0636235995906853,1.1704462326261897,建仓后期,87.5,"位置分位16.8%（低位）, MA20之上",2026-09-18
sz002743,ST富煌,5.24,82.60869565217394,0.5787259567781884,18.552036199095028,出货,55.55555555555556,"位置分位82.6%（中高位）, 高位缩量（量比0.58）, 价跌量缩",2026-09-18
sz300683,海特生物,25.07,9.537265983751322,2.4145412434423483,-13.84879725085911,建仓初期,56.25,"位置分位9.5%（极低位）, MA60之下（低位）",2026-09-18
sz300314,戴维医疗,11.6,33.83270911360799,0.8581176200189617,-11.517925247902363,建仓后期,50.0,位置分位33.8%（中低位）,2026-09-18
sz300075,数字政通,10.37,9.248554913294772,1.0149742195500249,-3.5348837209302397,建仓初期,100.0,"位置分位9.2%（极低位）, MA20之下（低位）, MA60之下（低位）",2026-09-18
sz300317,珈伟新能,4.15,25.34722222222224,0.9993319054318165,1.466992665036687,建仓后期,72.72727272727273,"位置分位25.3%（低位）, 当日涨3.75%",2026-09-18
sz301555,惠柏新材,35.85,45.62805148690635,1.0284010141125783,15.645161290322584,建仓后期,70.0,"位置分位45.6%（中低位）, 低位涨15.6%, MA20之上",2026-09-18
sz000885,城发环境,11.74,6.6562255285826115,0.821628250910796,-4.552845528455288,建仓初期,100.0,"位置分位6.7%（极低位）, MA20之下（低位）, MA60之下（低位）",2026-09-18
sz300842,帝科股份,64.56,29.121697059918127,0.8987578780453936,3.130990415335465,建仓后期,100.0,"位置分位29.1%（低位）, MA20之上",2026-09-18
sz000421,南京公用,5.64,38.49999999999998,1.0963687340373847,0.0,建仓后期,50.0,位置分位38.5%（中低位）,2026-09-18
sz002077,大港股份,14.5,38.62433862433862,1.1770672101360888,18.078175895765476,建仓后期,75.0,"位置分位38.6%（中低位）, 低位涨18.1%, 当日涨4.92%, MA20之上",2026-09-18
sz301448,开创电气,48.3,77.42248062015503,1.5927115585211187,16.32947976878611,拉升,54.166666666666664,"20日大涨16.3%, 当日大涨3.54%, MA20之上, MA60之上, 价升量增",2026-09-18
sz300103,达刚控股,7.64,46.69703872437357,0.8846577652047346,-2.9224904701397767,建仓后期,50.0,位置分位46.7%（中低位）,2026-09-18
sz300144,宋城演艺,5.75,7.403979639055998,1.0434196697969285,-3.6850921273031787,建仓初期,100.0,"位置分位7.4%（极低位）, MA20之下（低位）, MA60之下（低位）",2026-09-18
sz002807,江阴银行,4.14,74.24242424242425,0.9283460950193276,3.2418952618453836,出货,85.71428571428571,位置分位74.2%（中高位）,2026-09-18
sz002948,青岛银行,6.05,76.12903225806451,0.9194329408250114,1.680672268907557,出货,85.71428571428571,位置分位76.1%（中高位）,2026-09-18
sz301518,长华化学,23.0,8.804707297169614,1.0586801102236219,-9.591194968553465,建仓初期,84.61538461538461,"位置分位8.8%（极低位）, MA20之下（低位）, MA60之下（低位）",2026-09-18
sz002534,西子洁能,16.7,45.06641366223909,1.8297538425169966,8.58257477243172,建仓后期,52.94117647058824,"位置分位45.1%（中低位）, 低位涨8.6%, 当日涨5.76%, MA20之上, 价升量增",2026-09-18
sz002836,新宏泽,11.92,64.68366383380548,1.9807153226210141,20.404040404040398,拉升,77.77777777777779,"中位放量（量比1.98）, 20日大涨20.4%, 当日大涨9.96%, MA20之上, MA60之上, 连续3天放量, 价升量增",2026-09-18
sz300913,兆龙互连,42.98,35.24180100055585,0.7182319342316265,19.688109161793374,建仓后期,53.84615384615385,"位置分位35.2%（中低位）, 低位涨19.7%, MA20之上",2026-09-18
sz300277,汽轮科技,13.04,18.070078884608318,1.6802796460014924,8.485856905158066,建仓后期,100.0,"位置分位18.1%（低位）, 低位放量（量比1.68）, 低位涨8.5%, 当日涨4.82%, MA20之上, 价升量增",2026-09-18
sz002832,比音勒芬,25.63,83.8568935427574,0.9491356661144301,5.516673528200906,拉升,50.0,"20日涨5.5%, MA20之上, MA60之上",2026-09-18
sz300703,创源股份,13.84,19.37918024352598,1.1784605970540671,2.8996282527881085,建仓后期,100.0,"位置分位19.4%（低位）, MA20之上",2026-09-18
sz300592,华凯易佰,20.99,87.51709986320108,1.097132867132867,40.77800134138161,拉升,50.0,"20日大涨40.8%, MA20之上, MA60之上",2026-09-18
sz301325,曼恩斯特,32.14,23.278813236972233,0.8270703858939152,6.635700066357001,建仓后期,100.0,"位置分位23.3%（低位）, 低位涨6.6%, MA20之上",2026-09-18
sz000665,湖北广电,4.07,32.72727272727276,0.9634894695135493,5.989583333333345,建仓后期,62.5,"位置分位32.7%（中低位）, 低位涨6.0%",2026-09-18
sz301349,信德新材,45.86,26.094137076796038,0.7383252537230146,3.3115566569047057,建仓后期,87.5,"位置分位26.1%（低位）, MA20之上",2026-09-18
sz300494,盛天网络,7.99,9.554831704668848,1.1542637903576083,-2.4420024420024333,建仓初期,100.0,"位置分位9.6%（极低位）, MA20之下（低位）, MA60之下（低位）",2026-09-18
sz002884,凌霄泵业,15.48,17.59530791788856,1.0156176053005206,-3.128911138923655,建仓后期,66.66666666666666,位置分位17.6%（低位）,2026-09-18
sz300047,天源迪科,9.08,9.322974472807992,1.4293312078834868,0.22075055187637496,建仓初期,91.66666666666666,"位置分位9.3%（极低位）, MA20之下（低位）, MA60之下（低位）",2026-09-18
sz300832,新产业,48.94,65.44622425629291,0.9792541040216756,-5.648737227684595,洗盘,85.71428571428571,位置分位65.4%（中位）,2026-09-18
sz002933,新兴装备,27.43,40.52224371373308,1.3559471965160588,2.811094452773613,建仓后期,62.5,"位置分位40.5%（中低位）, MA20之上, 价升量增",2026-09-18
sz000812,陕西金叶,3.8,60.740740740740726,0.8120226947319594,6.442577030812324,洗盘,50.0,位置分位60.7%（中位）,2026-09-18
sz300172,中电环保,4.47,25.668449197860937,0.9091760974554891,-2.826086956521737,建仓后期,75.0,位置分位25.7%（低位）,2026-09-18
sz002054,德美化工,7.07,23.890784982935152,0.9523894558582369,-3.0178326474622734,建仓后期,75.0,位置分位23.9%（低位）,2026-09-18
sz002662,峰璟股份,3.19,16.535433070866137,1.1476397435345755,0.0,建仓后期,66.66666666666666,位置分位16.5%（低位）,2026-09-18
sz000609,*ST中迪,9.85,20.521541950113384,1.7848202047064425,-7.337723424270942,建仓后期,93.75,"位置分位20.5%（低位）, 低位放量（量比1.78）, 当日涨5.01%, MA20之上, 价升量增",2026-09-18
sz000679,大连友谊,6.43,48.125,0.744478253534855,6.633499170812594,洗盘,54.54545454545454,连续3天缩量,2026-09-18
sz000908,石药景峰,6.12,29.1907514450867,1.1943803147991354,-8.520179372197314,建仓后期,66.66666666666666,位置分位29.2%（低位）,2026-09-18
sz002795,永和智控,7.31,43.52750809061487,0.7134547196331681,2.38095238095238,建仓后期,57.14285714285714,"位置分位43.5%（中低位）, MA20之上",2026-09-18
sz300629,新劲刚,17.86,21.193530395984382,0.9190884439453285,5.4932073242764305,建仓后期,72.72727272727273,"位置分位21.2%（低位）, 低位涨5.5%",2026-09-18
sz300921,南凌科技,16.05,38.86010362694301,0.9936551593323217,5.314960629921263,建仓后期,72.72727272727273,"位置分位38.9%（中低位）, 低位涨5.3%, 当日涨3.55%, MA20之上",2026-09-18
sz301293,三博脑科,49.58,9.906340057636886,1.0924960961854153,-4.598807004040794,建仓初期,100.0,"位置分位9.9%（极低位）, MA20之下（低位）, MA60之下（低位）",2026-09-18
sz002355,兴民智通,4.67,26.315789473684216,1.1445672922026304,-2.910602910602904,建仓后期,75.0,位置分位26.3%（低位）,2026-09-18
sz000090,天健集团,3.54,57.864077669902905,1.1893826007332742,2.9069767441860495,洗盘,66.66666666666666,位置分位57.9%（中位）,2026-09-18
sz301319,唯特偶,99.09,36.17571321397433,1.1697195368764968,-10.040853381752157,建仓后期,66.66666666666666,"位置分位36.2%（中低位）, 当日涨3.49%, MA20之上",2026-09-18
sz301389,隆扬电子,60.13,27.075862068965524,0.8587012968343728,7.126313914127917,建仓后期,100.0,"位置分位27.1%（低位）, 低位涨7.1%, MA20之上",2026-09-18
sz000897,津滨发展,1.89,46.66666666666664,1.2637599038211393,7.38636363636363,建仓后期,70.0,"位置分位46.7%（中低位）, 低位涨7.4%, MA20之上, 价升量增",2026-09-18
sz000883,湖北能源,4.44,29.268292682926866,0.9952006039689387,0.22573363431152765,建仓后期,66.66666666666666,位置分位29.3%（低位）,2026-09-18
sz002580,圣阳股份,19.52,25.896762904636923,1.062215318415022,1.9853709508881872,建仓后期,75.0,位置分位25.9%（低位）,2026-09-18
sz301525,儒竞科技,38.55,12.991712807150858,1.3693400610808657,-2.87226001511716,建仓后期,90.9090909090909,"位置分位13.0%（低位）, 当日涨6.02%, MA20之上, 价升量增",2026-09-18
sz300608,思特奇,9.68,13.711790393013104,0.9119938450966185,-4.630541871921189,建仓后期,66.66666666666666,位置分位13.7%（低位）,2026-09-18
sz002275,桂林三金,12.11,7.84313725490193,0.8624567057918029,-8.465608465608474,建仓初期,100.0,"位置分位7.8%（极低位）, MA20之下（低位）, MA60之下（低位）",2026-09-18
sz300427,红相股份,6.94,23.629719853836786,1.1917934210801358,6.9337442218798175,建仓后期,100.0,"位置分位23.6%（低位）, 低位涨6.9%, 当日涨5.31%, MA20之上",2026-09-18
sz002713,东易日盛,10.92,37.00265251989389,1.6035115862293685,17.29323308270676,建仓后期,55.55555555555556,"位置分位37.0%（中低位）, 低位涨17.3%, 当日涨9.97%, MA20之上, 价升量增",2026-09-18
sz300800,力合科技,10.02,34.065441506051094,0.9357474445006336,0.19999999999999576,建仓后期,50.0,位置分位34.1%（中低位）,2026-09-18
sz301092,争光股份,44.38,38.25655316554907,1.5704835270052662,-0.15748031496063056,建仓后期,46.666666666666664,"位置分位38.3%（中低位）, 当日涨3.81%, MA20之上, 价升量增",2026-09-18
sz000573,粤宏远Ａ,3.73,26.256983240223477,0.9319217469565629,1.6348773841961868,建仓后期,75.0,位置分位26.3%（低位）,2026-09-18
sz300552,万集科技,20.6,20.37159920371599,0.9288638689866939,1.879327398615245,建仓后期,66.66666666666666,位置分位20.4%（低位）,2026-09-18
sz002465,海格通信,10.22,10.389610389610398,1.0899641101980058,3.33670374115268,建仓后期,87.5,"位置分位10.4%（低位）, MA20之上",2026-09-18
sz301313,凡拓数创,30.67,9.580022701475603,1.1456432688473481,-10.00586854460093,建仓初期,100.0,"位置分位9.6%（极低位）, MA20之下（低位）, MA60之下（低位）",2026-09-18
sz000567,海德股份,6.11,50.2325581395349,0.7892893791097797,3.0354131534570086,洗盘,100.0,位置分位50.2%（中位）,2026-09-18
sz000506,招金黄金,18.58,66.15515771525999,1.1686358586812169,-10.544053923928749,洗盘,85.71428571428571,位置分位66.2%（中位）,2026-09-18
sz300438,鹏辉能源,52.42,7.739867185711022,1.1395729202314218,-15.109311740890686,建仓初期,100.0,"位置分位7.7%（极低位）, 低位跌-15.1%, MA20之下（低位）, MA60之下（低位）",2026-09-18
sz301285,鸿日达,95.75,47.116736990154706,1.4319928853824548,9.079516974253815,建仓后期,75.0,"位置分位47.1%（中低位）, 低位涨9.1%, 当日涨6.51%, MA20之上, 价升量增",2026-09-18
sz301391,卡莱特,44.5,8.107602436438473,0.8797514918662633,-6.084460671548873,建仓初期,84.61538461538461,"位置分位8.1%（极低位）, MA20之下（低位）, MA60之下（低位）",2026-09-18
sz301571,国科天成,74.72,87.21840936616876,1.2800946340587556,14.041514041514047,拉升,50.0,"20日涨14.0%, MA20之上, MA60之上, 价升量增",2026-09-18
sz300501,海顺新材,9.43,6.355932203389822,0.815038010263836,-7.001972386587779,建仓初期,100.0,"位置分位6.4%（极低位）, MA20之下（低位）, MA60之下（低位）",2026-09-18
sz002412,汉森制药,9.04,41.75084175084174,1.4389661993860283,-11.285574092247305,建仓后期,57.14285714285714,"位置分位41.8%（中低位）, 价升量增",2026-09-18
sz002696,百洋股份,6.7,59.206798866855515,1.320383867758941,12.605042016806722,洗盘,50.0,位置分位59.2%（中位）,2026-09-18
sz002677,浙江美大,6.15,23.994811932555134,1.410321152309066,-9.558823529411757,建仓后期,66.66666666666666,位置分位24.0%（低位）,2026-09-18
sz002133,广宇集团,2.79,38.931297709923676,1.0266818821084358,3.3333333333333277,建仓后期,50.0,位置分位38.9%（中低位）,2026-09-18
sz301109,军信股份,12.96,15.17627830959609,1.0124372804112833,-2.775693923480864,建仓后期,66.66666666666666,位置分位15.2%（低位）,2026-09-18
sz002313,日海智能,8.3,39.784946236559165,0.8558954558954559,-6.108597285067864,建仓后期,50.0,位置分位39.8%（中低位）,2026-09-18
sz002011,盾安环境,14.2,94.70338983050848,0.6794485499048759,43.72469635627528,出货,55.55555555555556,"位置分位94.7%（极高位）, 高位缩量（量比0.68）",2026-09-18
sz300994,久祺股份,10.9,19.069069069069066,1.2092259832337062,-2.4171888988361645,建仓后期,75.0,位置分位19.1%（低位）,2026-09-18
sz300428,立中集团,19.47,50.41459369817577,0.9966797078521831,6.743421052631582,洗盘,60.0,位置分位50.4%（中位）,2026-09-18
sz300237,ST美晨,2.26,70.21276595744678,0.5839306108356067,14.141414141414133,出货,62.5,"位置分位70.2%（中高位）, 高位缩量（量比0.58）, 价跌量缩",2026-09-18
sz301055,张小泉,30.62,40.46114971572963,0.8506210257933053,5.2233676975945,建仓后期,66.66666666666666,"位置分位40.5%（中低位）, 低位涨5.2%, MA20之上",2026-09-18
sz300323,华灿光电,11.45,17.218543046357617,1.1969908225121193,-10.964230171073096,建仓后期,87.5,"位置分位17.2%（低位）, MA20之上",2026-09-18
sz300713,英可瑞,12.79,28.686635944700445,0.8121517507050973,-2.515243902439025,建仓后期,75.0,位置分位28.7%（低位）,2026-09-18
sz301602,超研股份,15.91,31.85279187817258,1.9391484814223985,-4.3870192307692335,建仓后期,42.857142857142854,"位置分位31.9%（中低位）, 当日涨3.85%, 价升量增",2026-09-18
sz000049,德赛电池,22.29,6.943005181347132,0.9215762044512215,-6.068268015170675,建仓初期,100.0,"位置分位6.9%（极低位）, MA20之下（低位）, MA60之下（低位）",2026-09-18
sz002062,宏润建设,9.54,76.26478731437199,1.3693762248486252,21.52866242038216,拉升,52.63157894736842,"20日大涨21.5%, MA20之上, MA60之上, 价升量增",2026-09-18
sz300474,景嘉微,51.17,19.105862505272047,1.4646297297454411,1.0067114093959832,建仓后期,88.88888888888889,"位置分位19.1%（低位）, MA20之上, 价升量增",2026-09-18
sz300774,倍杰特,9.97,17.31037691949745,0.7179881396881177,-10.66308243727598,建仓初期,50.0,"MA20之下（低位）, MA60之下（低位）, 连续3天缩量",2026-09-18
sz301308,江波龙,346.96,13.49768458385842,1.5241190425177664,-8.853044711816331,建仓后期,82.35294117647058,"位置分位13.5%（低位）, 低位放量（量比1.52）, 当日涨3.54%, 价升量增",2026-09-18
sz002162,悦心健康,4.04,47.500000000000014,0.8950850363261975,1.0000000000000009,建仓后期,50.0,位置分位47.5%（中低位）,2026-09-18
sz300397,天和防务,10.7,21.871345029239762,0.8245712663041601,-5.225863596102745,建仓后期,66.66666666666666,位置分位21.9%（低位）,2026-09-18
sz002528,*ST英飞,6.46,68.96551724137932,1.7890331593048814,14.74245115452931,拉升,60.0,"中位放量（量比1.79）, 20日涨14.7%, MA60之上",2026-09-18
sz002736,国信证券,9.82,14.843750000000028,0.9457306546547967,0.0,建仓后期,66.66666666666666,位置分位14.8%（低位）,2026-09-18
sz300776,帝尔激光,124.65,36.69813111997179,1.6260325515382337,9.342105263157901,拉升,44.44444444444444,"中位放量（量比1.63）, 连续3天放量",2026-09-18
sz002213,大为股份,29.38,33.88042203985932,1.1189620037905958,-1.7062562730010091,建仓后期,66.66666666666666,"位置分位33.9%（中低位）, 当日涨3.20%, MA20之上",2026-09-18
sz300083,创世纪,12.78,70.70707070707071,1.2418853893373676,-5.543237250554324,拉升,50.0,"当日大涨3.06%, MA60之上, 价升量增",2026-09-18
sz301178,天亿马,36.85,42.96875000000001,0.7323099485119474,5.738880918220947,建仓后期,72.72727272727273,"位置分位43.0%（中低位）, 低位涨5.7%, 当日涨3.22%, MA20之上",2026-09-18
sz002159,三特索道,13.2,15.292553191489343,1.0747595786902764,-1.3452914798206388,建仓后期,66.66666666666666,位置分位15.3%（低位）,2026-09-18
sz300174,元力股份,18.79,16.012974051896204,1.040242657321838,-5.244578920827026,建仓后期,87.5,"位置分位16.0%（低位）, MA20之上",2026-09-18
sz000002,万 科Ａ,3.32,34.374999999999986,3.1336969672843185,7.792207792207785,建仓后期,52.94117647058824,"位置分位34.4%（中低位）, 低位涨7.8%, 当日涨9.93%, MA20之上, 价升量增",2026-09-18
sz300130,新国都,17.74,18.479532163742668,1.1288872304754205,-1.444444444444453,建仓后期,66.66666666666666,位置分位18.5%（低位）,2026-09-18
sz301283,聚胶股份,25.64,26.643755087275046,0.7292841832129964,-0.287780975344163,建仓后期,100.0,"位置分位26.6%（低位）, MA20之上",2026-09-18
sz000810,创维数字,9.7,15.448851774530242,0.8695093565634219,2.972399150743093,建仓后期,87.5,"位置分位15.4%（低位）, MA20之上",2026-09-18
sz300679,电连技术,45.39,29.928250030402527,1.1415363258913231,-11.778425655976681,建仓后期,66.66666666666666,位置分位29.9%（低位）,2026-09-18
sz300527,ST应急,8.08,79.6909492273731,0.8902066915553313,2.408111533586824,出货,85.71428571428571,位置分位79.7%（中高位）,2026-09-18
sz301282,金禄电子,45.35,91.73151750972764,0.8954148368053572,26.782219737209946,拉升,50.0,"20日大涨26.8%, MA20之上, MA60之上",2026-09-18
sz002265,建设工业,20.17,37.77231201686579,0.7378525652630435,10.278840896664859,建仓后期,50.0,"位置分位37.8%（中低位）, 低位涨10.3%, MA20之上",2026-09-18
sz002869,金溢科技,15.49,17.15542521994135,1.0603342395429391,-2.944862155388475,建仓后期,66.66666666666666,位置分位17.2%（低位）,2026-09-18
sz300949,奥雅股份,22.76,44.539614561027854,0.7146169132258777,1.380846325167048,建仓后期,50.0,位置分位44.5%（中低位）,2026-09-18
sz002851,麦格米特,126.8,34.45770627919046,1.1998283085260018,-0.983913790410749,建仓后期,66.66666666666666,"位置分位34.5%（中低位）, 当日涨4.63%, MA20之上",2026-09-18
sz300454,深信服,143.06,93.96536944968283,0.9602404644442794,18.623548922056393,拉升,57.89473684210527,"20日大涨18.6%, 当日大涨4.07%, MA20之上, MA60之上",2026-09-18
sz002076,星光股份,2.13,35.77981651376146,0.7462810433912995,1.913875598086126,建仓后期,50.0,位置分位35.8%（中低位）,2026-09-18
sz301004,嘉益股份,33.2,13.049514113836203,0.9497689183511507,-1.6587677725118342,建仓后期,66.66666666666666,位置分位13.0%（低位）,2026-09-18
sz300315,掌趣科技,4.01,19.374999999999982,0.9312909744936686,2.8205128205128176,建仓后期,66.66666666666666,位置分位19.4%（低位）,2026-09-18
sz002241,歌尔股份,23.33,35.49012895127238,2.0161982921967665,-0.29914529914530036,建仓后期,46.666666666666664,"位置分位35.5%（中低位）, 当日涨4.71%, MA20之上, 价升量增",2026-09-18
sz301258,富士莱,24.72,25.54966542104804,1.1320316132031614,-6.68176670441676,建仓后期,66.66666666666666,位置分位25.5%（低位）,2026-09-18
sz002616,长青集团,4.86,23.305084745762738,0.7973231228432703,2.3157894736842173,建仓后期,75.0,位置分位23.3%（低位）,2026-09-18
sz000590,古汉医药,8.88,29.746835443037988,0.8381162676186372,-1.8784530386740321,建仓后期,75.0,位置分位29.7%（低位）,2026-09-18
sz301020,密封科技,21.2,29.66408268733849,0.8209133872860938,3.921568627450984,建仓后期,100.0,"位置分位29.7%（低位）, MA20之上",2026-09-18
sz301188,力诺药包,34.26,30.09295442073931,1.476827075318274,-12.15384615384616,建仓后期,57.14285714285714,"位置分位30.1%（中低位）, 价升量增",2026-09-18
sz002535,林州重机,2.37,19.889502762430954,1.0451972424069287,-6.324110671936747,建仓后期,66.66666666666666,位置分位19.9%（低位）,2026-09-18
sz300327,中颖电子,25.42,28.386336866902244,1.1692480486674999,11.78540017590151,建仓后期,100.0,"位置分位28.4%（低位）, 低位涨11.8%, MA20之上",2026-09-18
sz002692,远程股份,4.28,24.29667519181586,0.9354323786609912,-0.23310023310022812,建仓后期,75.0,位置分位24.3%（低位）,2026-09-18
sz300181,佐力药业,13.3,24.36647173489279,1.1124823756723354,-6.007067137809185,建仓后期,66.66666666666666,位置分位24.4%（低位）,2026-09-18
sz002478,常宝股份,6.45,15.176509402837347,0.9702938838164458,2.218700475435825,建仓后期,75.0,位置分位15.2%（低位）,2026-09-18
sz002996,顺博合金,5.95,11.532125205930807,0.9469560116390646,-4.952076677316288,建仓后期,66.66666666666666,位置分位11.5%（低位）,2026-09-18
sz300299,富春股份,5.4,44.38502673796791,1.1507651172978444,2.4667931688804705,建仓后期,50.0,位置分位44.4%（中低位）,2026-09-18
sz300059,东方财富,18.37,24.26160337552746,1.266727634485944,-2.8556319407720734,建仓后期,70.0,"位置分位24.3%（低位）, 价升量增",2026-09-18
sz000752,*ST西发,8.69,39.45409429280395,0.8143532984477155,-3.229398663697115,建仓后期,50.0,位置分位39.5%（中低位）,2026-09-18
sz300852,四会富仕,68.28,70.58589870903674,0.9204082219648101,46.870294687029464,拉升,57.14285714285714,"20日大涨46.9%, MA20之上, MA60之上",2026-09-18
sz300447,全信股份,14.18,24.509325261204957,0.948753952574548,4.035216434336015,建仓后期,100.0,"位置分位24.5%（低位）, MA20之上",2026-09-18
sz300157,新锦动力,3.79,5.8823529411764754,0.7978393056311832,-4.53400503778338,建仓初期,100.0,"位置分位5.9%（极低位）, MA20之下（低位）, MA60之下（低位）",2026-09-18
sz002848,高斯贝尔,15.3,58.08,0.7439795427619618,14.951164537941397,洗盘,50.0,位置分位58.1%（中位）,2026-09-18
sz002291,遥望科技,5.53,39.68253968253969,1.0449611257762175,6.963249516441013,建仓后期,62.5,"位置分位39.7%（中低位）, 低位涨7.0%",2026-09-18
sz301332,德尔玛,7.6,10.380622837370229,1.0832665377905606,-2.688860435339308,建仓后期,66.66666666666666,位置分位10.4%（低位）,2026-09-18
sz301270,汉仪股份,32.47,65.9802306425041,0.6986615775758768,1.1526479750778735,洗盘,82.35294117647058,"位置分位66.0%（中位）, 中位缩量（量比0.70）, 连续3天缩量",2026-09-18
sz002908,德生科技,6.84,23.05295950155763,1.1578375573608342,-1.4409221902017366,建仓后期,66.66666666666666,位置分位23.1%（低位）,2026-09-18
sz301215,中汽股份,5.27,20.1384518565135,0.9853726345054181,0.9578544061302648,建仓后期,75.0,位置分位20.1%（低位）,2026-09-18
sz002045,国光电器,9.05,37.87103377686797,1.0093598739953695,-0.6586169045005349,建仓后期,50.0,位置分位37.9%（中低位）,2026-09-18
sz300809,华辰装备,24.56,16.674038036267135,1.2343028565629914,3.410526315789468,建仓后期,100.0,"位置分位16.7%（低位）, MA20之上, 连续3天放量, 价升量增",2026-09-18
sz300222,科大智能,10.18,21.013727560718056,1.217430577062042,-0.19607843137254485,建仓后期,88.88888888888889,"位置分位21.0%（低位）, MA20之上, 价升量增",2026-09-18
sz300396,ST迪瑞,7.04,17.940199335548172,0.8986114147003671,-3.0303030303030267,建仓后期,75.0,位置分位17.9%（低位）,2026-09-18
sz000531,穗恒运Ａ,5.65,5.860805860805865,0.6079536242022784,0.8928571428571557,建仓初期,100.0,"位置分位5.9%（极低位）, 低位缩量（量比0.61）, MA20之下（低位）, MA60之下（低位）",2026-09-18
sz300154,瑞凌股份,14.0,97.94520547945204,0.7890616607584059,19.148936170212767,拉升,57.89473684210527,"20日大涨19.1%, 当日大涨3.17%, MA20之上, MA60之上",2026-09-18
sz300892,品渥食品,22.0,38.80377946977342,1.1695906432748537,-2.826855123674914,建仓后期,50.0,位置分位38.8%（中低位）,2026-09-18
sz300511,雪榕生物,5.01,7.466666666666649,0.8531282124134066,-10.69518716577541,建仓初期,100.0,"位置分位7.5%（极低位）, MA20之下（低位）, MA60之下（低位）",2026-09-18
sz002191,劲嘉股份,3.63,20.987654320987655,0.6820612293655218,-0.5479452054794526,建仓初期,62.5,"低位缩量（量比0.68）, MA20之下（低位）, MA60之下（低位）, 价跌量缩",2026-09-18
sz002796,世嘉科技,31.77,21.987421383647796,1.741306277113147,5.02479338842975,建仓后期,100.0,"位置分位22.0%（低位）, 低位放量（量比1.74）, 低位涨5.0%, MA20之上, 连续3天放量",2026-09-18
sz300633,开立医疗,19.0,14.86252167451078,1.029749907741221,-8.168197196713393,建仓后期,66.66666666666666,位置分位14.9%（低位）,2026-09-18
sz300067,安诺其,5.29,29.68369829683698,1.2379320480503042,1.9267822736030757,建仓后期,77.77777777777779,"位置分位29.7%（低位）, 价升量增",2026-09-18
sz002049,紫光国微,61.28,8.350856112946833,1.5026766536922558,-2.1867517956903395,建仓初期,64.70588235294117,"位置分位8.4%（极低位）, MA20之下（低位）, MA60之下（低位）",2026-09-18
sz300941,创识科技,14.64,24.371472550025654,1.0786774225674733,-2.659574468085097,建仓后期,75.0,位置分位24.4%（低位）,2026-09-18
sz002660,茂硕电源,8.11,70.0,1.438918304389758,9.446693657219964,拉升,64.70588235294117,"20日涨9.4%, 当日大涨3.44%, MA20之上, MA60之上, 价升量增",2026-09-18
sz300412,迦南科技,4.34,41.576673866090715,0.9521099611087164,-5.240174672489087,建仓后期,50.0,位置分位41.6%（中低位）,2026-09-18
sz300226,上海钢联,16.6,28.930131004366828,1.4275623284736618,5.530832803560083,建仓后期,81.81818181818183,"位置分位28.9%（低位）, 低位涨5.5%, 价升量增",2026-09-18
sz000429,粤高速Ａ,12.64,30.540540540540544,0.7799038788458547,-3.0674846625766765,洗盘,66.66666666666666,连续3天缩量,2026-09-18
sz300440,运达科技,17.72,48.26839826839826,0.7307503892786535,-4.474393530997315,建仓后期,50.0,位置分位48.3%（中低位）,2026-09-18
sz301232,飞沃科技,93.1,3.9766302299283818,1.1923667409985481,-9.926470588235299,建仓初期,84.61538461538461,"位置分位4.0%（极低位）, MA20之下（低位）, MA60之下（低位）",2026-09-18
sz002634,*ST棒杰,4.06,10.810810810810805,1.175876104327353,-6.666666666666668,建仓后期,66.66666666666666,位置分位10.8%（低位）,2026-09-18
sz300865,大宏立,32.28,83.11607697082557,1.242097495170365,11.927877947295427,拉升,64.70588235294117,"20日涨11.9%, 当日大涨7.82%, MA20之上, MA60之上, 价升量增",2026-09-18
sz300725,药石科技,47.22,62.33429719478764,1.197503340036457,-8.060747663551403,洗盘,66.66666666666666,位置分位62.3%（中位）,2026-09-18
sz000800,一汽解放,5.91,21.069182389937108,0.47773900302416206,-3.5889070146818884,建仓初期,68.42105263157895,"低位缩量（量比0.48）, MA20之下（低位）, MA60之下（低位）, 连续3天缩量, 价跌量缩",2026-09-18
sz300813,泰林生物,21.74,35.54376657824933,1.4416597938722726,2.886890676762894,建仓后期,57.14285714285714,"位置分位35.5%（中低位）, MA20之上",2026-09-18
sz301307,美利信,60.94,37.233054781801286,1.2313941143491072,15.613735534054252,建仓后期,76.92307692307693,"位置分位37.2%（中低位）, 低位涨15.6%, 当日涨4.51%, MA20之上, 价升量增",2026-09-18
sz301136,招标股份,12.2,36.401673640167346,0.8872575996164094,7.29991204925242,建仓后期,66.66666666666666,"位置分位36.4%（中低位）, 低位涨7.3%, MA20之上",2026-09-18
sz301239,普瑞眼科,31.27,16.114171256885328,1.4415242487030488,-9.88991988934355,建仓后期,70.0,"位置分位16.1%（低位）, 价升量增",2026-09-18
sz001210,金房能源,29.2,88.22347491209466,0.8705477009790654,1.9197207678883097,出货,57.14285714285714,位置分位88.2%（极高位）,2026-09-18
sz300147,*ST香雪,6.53,11.819887429643524,1.0832275307272108,-5.087209302325577,建仓后期,87.5,"位置分位11.8%（低位）, MA20之上",2026-09-18
sz301328,维峰电子,52.74,40.31760909926637,0.9022250892213863,-10.412773908612188,建仓后期,57.14285714285714,"位置分位40.3%（中低位）, MA20之上",2026-09-18
sz301665,泰禾股份,22.43,24.740932642487053,1.0133562949427495,-5.953878406708602,建仓后期,66.66666666666666,位置分位24.7%（低位）,2026-09-18
sz002400,省广集团,6.55,21.85663924794359,0.9511573527627688,1.8662519440124437,建仓后期,75.0,位置分位21.9%（低位）,2026-09-18
sz300435,中泰股份,16.94,13.236419280795719,1.2976611963452016,-0.761570005858225,建仓后期,88.88888888888889,"位置分位13.2%（低位）, MA20之上, 价升量增",2026-09-18
sz300647,超频三,8.02,78.93569844789356,0.9132763971858853,42.451154529307274,拉升,57.14285714285714,"20日大涨42.5%, MA20之上, MA60之上",2026-09-18
sz000560,我爱我家,2.9,63.758389261744966,1.4626113692145077,30.04484304932735,拉升,62.5,"20日大涨30.0%, MA20之上, MA60之上, 价升量增",2026-09-18
sz301223,中荣股份,17.66,50.91137649277184,1.154833569405099,6.7714631197098,洗盘,50.0,位置分位50.9%（中位）,2026-09-18
sz000016,*ST康佳A,2.46,21.333333333333325,0.9560438771375525,-3.529411764705877,建仓后期,66.66666666666666,位置分位21.3%（低位）,2026-09-03
sz002025,航天电器,74.2,47.155468366846506,1.0394115546269809,18.397957555449178,建仓后期,70.0,"位置分位47.2%（中低位）, 低位涨18.4%, MA20之上",2026-09-18
sz002246,北化股份,23.88,63.77622377622376,0.9435549602035537,18.51116625310174,拉升,57.14285714285714,"20日大涨18.5%, MA20之上, MA60之上",2026-09-18
sz002921,联诚精密,20.42,10.272536687631046,1.0976676025811536,-8.100810081008088,建仓后期,66.66666666666666,位置分位10.3%（低位）,2026-09-18
sz000566,海南海药,4.61,33.123028391167196,1.1654130156963407,-4.75206611570247,建仓后期,50.0,位置分位33.1%（中低位）,2026-09-18
sz002628,成都路桥,5.07,35.18518518518521,0.8201428630684011,3.258655804480654,建仓后期,50.0,位置分位35.2%（中低位）,2026-09-18
sz301408,华人健康,14.75,18.08191808191809,2.2138220305330036,-4.777275661717238,建仓后期,93.75,"位置分位18.1%（低位）, 低位放量（量比2.21）, 当日涨3.95%, MA20之上, 价升量增",2026-09-18
sz002119,康强电子,24.82,25.329815303430088,1.1400599473080393,5.617021276595747,建仓后期,90.0,"位置分位25.3%（低位）, 低位涨5.6%, MA20之上",2026-09-18
sz002445,中南文化,3.16,31.182795698924732,0.9698596580298474,3.2679738562091534,建仓后期,50.0,位置分位31.2%（中低位）,2026-09-18
sz002527,新时达,10.73,17.88079470198675,1.0955516317065905,-4.452359750667854,建仓后期,66.66666666666666,位置分位17.9%（低位）,2026-09-18
sz300727,润禾材料,35.33,70.55449330783937,0.9428777849504805,30.03312476996686,拉升,57.14285714285714,"20日大涨30.0%, MA20之上, MA60之上",2026-09-18
sz300052,中青宝,10.26,20.121212121212118,0.9296835088914297,-2.8409090909090975,建仓后期,66.66666666666666,位置分位20.1%（低位）,2026-09-18
sz000632,ST三木,4.03,55.805243445692895,0.9879905844604147,3.3333333333333424,洗盘,85.71428571428571,位置分位55.8%（中位）,2026-09-18
sz002115,三维通信,10.09,9.104938271604937,0.8814277052135479,-2.9807692307692353,建仓初期,100.0,"位置分位9.1%（极低位）, MA20之下（低位）, MA60之下（低位）",2026-09-18
sz301149,隆华新材,8.7,41.07460035523978,0.9784935784801198,11.538461538461533,建仓后期,66.66666666666666,"位置分位41.1%（中低位）, 低位涨11.5%, MA20之上",2026-09-18
sz300380,安硕信息,28.5,16.890982503364746,1.2477403014220392,0.7423117709437994,建仓后期,75.0,"位置分位16.9%（低位）, 当日涨3.49%, 价升量增",2026-09-18
sz301508,中机认检,23.81,23.833045196344766,1.1024733100822661,0.5065428450823024,建仓后期,75.0,位置分位23.8%（低位）,2026-09-18
sz301219,腾远钴业,41.41,4.615579160343937,1.1147762254321572,-11.53599658192695,建仓初期,100.0,"位置分位4.6%（极低位）, MA20之下（低位）, MA60之下（低位）",2026-09-18
sz300288,朗玛信息,9.49,20.506912442396327,1.426527453144947,-3.458799593082399,建仓后期,66.66666666666666,位置分位20.5%（低位）,2026-09-18
sz300609,汇纳科技,24.41,12.861593235425012,1.4220859347661934,-2.9809220985691574,建仓后期,75.0,"位置分位12.9%（低位）, 当日涨4.81%, 价升量增",2026-09-18
sz002633,申科股份,14.1,25.806451612903224,0.7591583512908849,-2.5570145127850794,建仓后期,66.66666666666666,位置分位25.8%（低位）,2026-09-18
sz300632,光莆股份,19.07,20.54407713498623,0.9965426577518525,1.7609391675560397,建仓后期,87.5,"位置分位20.5%（低位）, MA20之上",2026-09-18
sz300858,科拓生物,14.35,9.526538213595014,0.9691083307675801,-6.818181818181824,建仓初期,100.0,"位置分位9.5%（极低位）, MA20之下（低位）, MA60之下（低位）",2026-09-18
sz000813,德展健康,3.25,28.57142857142857,0.7096122896273512,-0.6116207951070342,建仓初期,50.0,"MA20之下（低位）, MA60之下（低位）, 连续3天缩量",2026-09-18
sz300261,雅本化学,4.76,21.212121212121215,0.8439182353898286,-4.800000000000004,建仓后期,66.66666666666666,位置分位21.2%（低位）,2026-09-18
sz300668,杰恩股份,32.1,6.240639041437844,1.3792847603502003,-4.179104477611936,建仓初期,69.23076923076923,"位置分位6.2%（极低位）, MA60之下（低位）",2026-09-18
sz002663,普邦股份,1.72,32.14285714285713,1.1684910923382086,2.994011976047907,建仓后期,50.0,位置分位32.1%（中低位）,2026-09-18
sz002471,中超控股,5.96,25.684931506849313,2.2060934820765854,12.665406427221171,建仓后期,100.0,"位置分位25.7%（低位）, 低位放量（量比2.21）, 低位涨12.7%, 当日涨9.96%, MA20之上, 价升量增",2026-09-18
sz001202,炬申股份,14.46,43.33333333333334,0.9787967086334232,7.34169697869498,建仓后期,66.66666666666666,"位置分位43.3%（中低位）, 低位涨7.3%, MA20之上",2026-09-18
sz002312,川发龙蟒,8.52,16.058394160583923,0.7248690446495385,3.0229746070133015,建仓初期,50.0,"MA20之下（低位）, MA60之下（低位）, 连续3天缩量",2026-09-18
sz000548,湖南投资,4.57,37.26708074534162,0.6857054558759276,2.008928571428568,洗盘,72.72727272727273,中位缩量（量比0.69）,2026-09-18
sz002654,万润科技,14.23,31.582446808510646,1.0686557673187924,5.563798219584569,建仓后期,66.66666666666666,"位置分位31.6%（中低位）, 低位涨5.6%, MA20之上",2026-09-18
sz300523,辰安科技,21.31,51.33876600698487,1.228573629675282,6.870611835506506,拉升,57.14285714285714,"20日涨6.9%, MA20之上, MA60之上, 价升量增",2026-09-18
sz300035,中科电气,12.55,5.2434456928839035,0.8948017971378914,-9.386281588447646,建仓初期,100.0,"位置分位5.2%（极低位）, MA20之下（低位）, MA60之下（低位）",2026-09-18
sz002596,海南瑞泽,3.38,51.51515151515152,0.8834356982932899,3.680981595092028,洗盘,85.71428571428571,位置分位51.5%（中位）,2026-09-18
sz300670,大烨智能,7.05,80.52434456928837,1.0886344748946697,10.849056603773576,拉升,50.0,"20日涨10.8%, MA20之上, MA60之上",2026-09-18
sz002652,扬子新材,4.63,43.08510638297873,0.7810126844987991,16.624685138539032,建仓后期,53.84615384615385,"位置分位43.1%（中低位）, 低位涨16.6%, MA20之上",2026-09-18
sz300404,博济医药,13.4,53.35365853658538,1.5948936646920664,-7.137907137907133,拉升,62.5,"中位放量（量比1.59）, MA20之上, MA60之上, 价升量增",2026-09-18
sz300263,隆华科技,10.25,24.188481675392673,0.9788203703531643,2.9116465863453724,建仓后期,87.5,"位置分位24.2%（低位）, MA20之上",2026-09-18
sz002811,郑中设计,15.37,91.94444444444444,1.0089956292055056,13.515509601181686,出货,57.14285714285714,位置分位91.9%（极高位）,2026-09-18
sz301083,百胜智能,13.5,33.71254162042176,1.022115207141299,-3.7776193870277934,建仓后期,50.0,位置分位33.7%（中低位）,2026-09-18
sz301272,英华特,34.01,28.775898308477615,0.6273544923714447,-0.98981077147017,建仓初期,53.84615384615385,"低位缩量（量比0.63）, MA20之下（低位）",2026-09-18
sz300907,康平科技,53.53,73.58279810108908,1.3245924356591317,4.346978557504881,出货,75.0,"位置分位73.6%（中高位）, 高位连续放量",2026-09-18
sz301201,诚达药业,34.32,19.560288922866032,1.0624077974571284,-4.134078212290494,建仓后期,66.66666666666666,位置分位19.6%（低位）,2026-09-18
sz001373,翔腾新材,29.49,35.81440309328177,1.494797320263588,3.47368421052631,建仓后期,70.0,"位置分位35.8%（中低位）, 当日涨4.87%, MA20之上, 价升量增",2026-09-18
sz002457,青龙管业,11.4,28.37078651685393,0.6112776053373292,7.445805843543836,建仓初期,57.89473684210527,"低位缩量（量比0.61）, MA20之下（低位）, MA60之下（低位）, 连续3天缩量",2026-09-18
sz301152,天力锂能,21.13,19.75635593220339,0.8367451274551299,8.749356664951103,建仓后期,72.72727272727273,"位置分位19.8%（低位）, 低位涨8.7%",2026-09-18
sz301390,经纬股份,54.0,100.0,2.103018778226765,74.87046632124354,拉升,50.0,"20日大涨74.9%, 当日大涨20.00%, MA20之上, MA60之上, 价升量增",2026-09-18
sz000610,*ST西旅,8.22,66.8686868686869,0.9441852596814044,35.64356435643566,拉升,57.14285714285714,"20日大涨35.6%, MA20之上, MA60之上",2026-09-18
sz300705,九典制药,10.55,25.121713729308688,1.174453445164627,-8.815903197925666,建仓后期,66.66666666666666,位置分位25.1%（低位）,2026-09-18
sz000997,新 大 陆,19.57,42.51012145748989,1.1051970532587254,6.243213897937016,建仓后期,62.5,"位置分位42.5%（中低位）, 低位涨6.2%",2026-09-18
sz300153,科泰电源,28.97,63.53591160220995,1.5744287629076468,34.68154346815433,拉升,75.0,"中位放量（量比1.57）, 20日大涨34.7%, 当日大涨6.43%, MA20之上, MA60之上, 价升量增",2026-09-18
sz300576,容大感光,29.99,19.047619047619044,1.0328995432058505,-2.0254818686703726,建仓后期,87.5,"位置分位19.0%（低位）, MA20之上",2026-09-18
sz002174,游族网络,14.14,87.77969018932876,0.8410049132920994,14.959349593495933,出货,57.14285714285714,位置分位87.8%（极高位）,2026-09-18
sz300449,汉邦高科,6.83,16.550764951321284,0.8151970319641038,-2.8449502133712685,建仓后期,66.66666666666666,位置分位16.6%（低位）,2026-09-18
sz003020,立方制药,17.02,33.73205741626795,1.4418252992467602,-6.225895316804403,建仓后期,57.14285714285714,"位置分位33.7%（中低位）, 价升量增",2026-09-18
sz300345,华民股份,7.86,56.470588235294116,1.281522547879687,-16.115261472785473,洗盘,46.15384615384615,位置分位56.5%（中位）,2026-09-18
sz002132,恒星科技,4.33,27.299270072992705,1.0892765982537562,-9.224318658280913,建仓后期,66.66666666666666,位置分位27.3%（低位）,2026-09-18
sz000620,盈新发展,3.2,46.853146853146875,1.069403273759857,1.5873015873015959,建仓后期,50.0,位置分位46.9%（中低位）,2026-09-18
sz000692,惠天热电,4.22,38.27751196172248,0.863118120978044,0.7159904534606052,建仓后期,50.0,位置分位38.3%（中低位）,2026-09-18
sz300184,力源信息,12.28,22.59174311926604,1.4553271247366375,2.675585284280924,建仓后期,90.9090909090909,"位置分位22.6%（低位）, 当日涨3.28%, MA20之上, 价升量增",2026-09-18
sz000900,现代投资,3.56,22.857142857142886,0.8699426231928274,-1.3850415512465326,建仓后期,66.66666666666666,位置分位22.9%（低位）,2026-09-18
sz002463,沪电股份,123.5,58.37831354204152,1.3217934432918503,1.8892830624535981,洗盘,54.54545454545454,位置分位58.4%（中位）,2026-09-18
sz300107,建新股份,6.57,49.3975903614458,0.9745027628838933,2.018633540372669,建仓后期,50.0,位置分位49.4%（中低位）,2026-09-18
sz002881,美格智能,45.3,71.47296457426971,1.4597764492268377,19.682959048877137,拉升,68.42105263157895,"20日大涨19.7%, 当日大涨5.79%, MA20之上, MA60之上, 价升量增",2026-09-18
sz300324,旋极信息,3.38,8.212560386473426,1.0236774753051165,-7.397260273972603,建仓初期,100.0,"位置分位8.2%（极低位）, MA20之下（低位）, MA60之下（低位）",2026-09-18
sz300943,春晖智控,33.99,42.30769230769232,1.0778822156988364,10.428849902534115,建仓后期,72.72727272727273,"位置分位42.3%（中低位）, 低位涨10.4%, 当日涨3.91%, MA20之上",2026-09-18
sz000034,神州数码,23.48,15.392895586652314,1.5287470787121438,-0.9700548291859993,建仓后期,92.85714285714286,"位置分位15.4%（低位）, 低位放量（量比1.53）, MA20之上, 价升量增",2026-09-18
sz000539,粤电力Ａ,5.21,3.3684210526315814,0.7759156179856955,-2.616822429906536,建仓初期,100.0,"位置分位3.4%（极低位）, MA20之下（低位）, MA60之下（低位）",2026-09-18
sz002136,安 纳 达,11.86,23.224568138195764,0.9053421623921367,-2.627257799671595,建仓后期,66.66666666666666,位置分位23.2%（低位）,2026-09-18
sz300161,华中数控,27.5,25.804853888063406,2.3187564237310774,1.102941176470591,建仓后期,100.0,"位置分位25.8%（低位）, 低位放量（量比2.32）, 当日涨4.56%, MA20之上, 价升量增",2026-09-18
sz002227,*ST特迅,6.39,28.444444444444432,0.8437482001958188,0.9478672985781929,建仓后期,66.66666666666666,位置分位28.4%（低位）,2026-09-18
sz300978,东箭科技,8.63,24.73118279569895,1.3193601606181165,1.0538641686182861,建仓后期,81.81818181818183,"位置分位24.7%（低位）, 连续3天放量",2026-09-18
sz000923,河钢资源,16.45,63.098591549295755,0.9117659276901561,8.294930875576036,洗盘,60.0,位置分位63.1%（中位）,2026-09-18
sz000501,武商集团,7.13,32.54569772625945,0.7666701438390301,1.5669515669515715,洗盘,66.66666666666666,连续3天缩量,2026-09-18
sz002706,良信股份,8.49,1.9858156028368872,1.238103983780072,-15.099999999999996,建仓初期,93.33333333333333,"位置分位2.0%（极低位）, 低位跌-15.1%, MA20之下（低位）, MA60之下（低位）",2026-09-18
sz000981,山子高科,3.0,30.08849557522124,1.1143498528987879,13.207547169811324,建仓后期,66.66666666666666,"位置分位30.1%（中低位）, 低位涨13.2%, MA20之上",2026-09-18
sz000423,东阿阿胶,45.26,26.50722471350272,1.151771974039298,-3.7144194358167093,建仓后期,66.66666666666666,位置分位26.5%（低位）,2026-09-18
sz002511,中顺洁柔,7.0,20.643112346169097,1.0128308560315442,-0.4267425320056934,建仓后期,66.66666666666666,位置分位20.6%（低位）,2026-09-18
sz002773,康弘药业,19.55,8.24468085106383,1.3375778181715436,-7.389862624348644,建仓初期,91.66666666666666,"位置分位8.2%（极低位）, MA20之下（低位）, MA60之下（低位）",2026-09-18
sz003028,振邦智能,23.2,28.33607907742997,0.5599805681783679,2.79131590607,建仓后期,58.333333333333336,"位置分位28.3%（低位）, MA20之上",2026-09-18
sz002991,甘源食品,37.77,4.637157482685958,1.0973732992899865,-8.812168034765811,建仓初期,100.0,"位置分位4.6%（极低位）, MA20之下（低位）, MA60之下（低位）",2026-09-18
sz300958,建工修复,11.87,39.15789473684209,0.7277117479927989,-4.811547714514846,建仓后期,50.0,位置分位39.2%（中低位）,2026-09-18
sz000951,中国重汽,20.32,24.09182643794147,0.8729829076861391,-4.015115729806336,建仓后期,66.66666666666666,位置分位24.1%（低位）,2026-09-18
sz300031,宝通科技,21.27,24.93224932249322,0.9930505608148825,0.09411764705882153,建仓后期,87.5,"位置分位24.9%（低位）, MA20之上",2026-09-18
sz003023,彩虹集团,25.52,52.74663677130044,0.8343013898025166,-7.368421052631582,洗盘,85.71428571428571,位置分位52.7%（中位）,2026-09-18
sz300661,圣邦股份,125.13,68.59087175877038,1.7940608053786835,7.315608919382506,拉升,72.72727272727273,"中位放量（量比1.79）, 20日涨7.3%, 当日大涨7.44%, MA20之上, MA60之上, 价升量增",2026-09-18
sz300596,利安隆,40.4,26.68257756563245,1.1408270173874275,-6.6974595842956095,建仓后期,66.66666666666666,位置分位26.7%（低位）,2026-09-18
sz300645,正元智慧,13.08,32.6186830015314,0.8917674009027594,0.8481110254433263,建仓后期,50.0,位置分位32.6%（中低位）,2026-09-18
sz300782,卓胜微,73.74,11.43746110765401,1.1679106738849387,-4.407570650764851,建仓后期,66.66666666666666,位置分位11.4%（低位）,2026-09-18
sz300152,*ST动力,1.67,27.966101694915242,0.5309367857602232,3.0864197530864086,建仓初期,62.5,"低位缩量（量比0.53）, MA20之下（低位）, 连续3天缩量",2026-09-18
sz002817,黄山胶囊,6.47,32.78688524590162,0.7522220108178631,-3.2884902840059884,建仓后期,50.0,位置分位32.8%（中低位）,2026-09-18
sz301096,百诚医药,52.68,56.82704811443434,1.2474814872962294,5.846895720313435,拉升,64.70588235294117,"20日涨5.8%, 当日大涨4.63%, MA20之上, MA60之上, 价升量增",2026-09-18
sz002761,浙江建投,7.25,30.281690140845075,1.1013728325712677,2.256699576868831,建仓后期,50.0,位置分位30.3%（中低位）,2026-09-18
sz002977,*ST天箭,20.39,15.627405696689767,0.8588370313695486,-4.227336777829961,建仓后期,66.66666666666666,位置分位15.6%（低位）,2026-09-18
sz002335,科华数据,29.65,9.920900925056971,1.4144629623659957,-2.1452145214521523,建仓初期,91.66666666666666,"位置分位9.9%（极低位）, MA20之下（低位）, MA60之下（低位）",2026-09-18
sz300394,天孚通信,284.66,59.196163507650155,1.1484933342063248,4.431726465624786,洗盘,66.66666666666666,位置分位59.2%（中位）,2026-09-18
sz002236,大华股份,15.74,8.230198019801982,0.8917560385102802,-0.4049607694254623,建仓初期,100.0,"位置分位8.2%（极低位）, MA20之下（低位）, MA60之下（低位）",2026-09-18
sz300928,华安鑫创,22.76,8.76002467612586,0.9000589188392989,-9.430959013131705,建仓初期,100.0,"位置分位8.8%（极低位）, MA20之下（低位）, MA60之下（低位）",2026-09-18
sz000063,中兴通讯,32.44,9.357142857142842,1.4046943820398738,-3.9668442865601046,建仓初期,91.66666666666666,"位置分位9.4%（极低位）, MA20之下（低位）, MA60之下（低位）",2026-09-18
sz000792,盐湖股份,24.74,3.8220193953222936,1.2142224557258134,-14.127039222492192,建仓初期,100.0,"位置分位3.8%（极低位）, MA20之下（低位）, MA60之下（低位）",2026-09-18
sz002097,山河智能,7.08,12.509773260359669,0.8353634337382482,-1.5299026425591142,建仓后期,66.66666666666666,位置分位12.5%（低位）,2026-09-18
sz002717,*ST岭南,0.95,13.186813186813188,0.9583444674438608,-2.061855670103095,建仓后期,66.66666666666666,位置分位13.2%（低位）,2026-09-18
sz002532,天山铝业,12.81,30.460269214068614,1.0060946974045355,1.1049723756906122,建仓后期,50.0,位置分位30.5%（中低位）,2026-09-18
sz300962,中金辐照,12.82,21.68905950095971,1.3387391824386126,0.47021943573668107,建仓后期,70.0,"位置分位21.7%（低位）, 价升量增",2026-09-18
sz300406,九强生物,11.4,45.4505300353357,1.163761048024942,-1.3072461258765458,建仓后期,50.0,位置分位45.5%（中低位）,2026-09-18
sz002317,众生药业,24.22,40.0715563506261,1.1736962856005484,-7.451280091708074,建仓后期,50.0,位置分位40.1%（中低位）,2026-09-18
sz002522,浙江众成,6.09,44.705882352941174,1.1017802666468584,19.178082191780813,建仓后期,70.0,"位置分位44.7%（中低位）, 低位涨19.2%, MA20之上",2026-09-18
sz002715,登云股份,13.11,22.14854111405835,0.9475310340490098,-7.349823321554777,建仓后期,66.66666666666666,位置分位22.1%（低位）,2026-09-18
sz300830,金现代,8.0,22.336065573770494,0.8697108764111913,-0.1248439450686615,建仓后期,66.66666666666666,位置分位22.3%（低位）,2026-09-18
sz301456,盘古智能,24.94,41.01382488479264,0.9796921271833775,8.340573414422249,建仓后期,66.66666666666666,"位置分位41.0%（中低位）, 低位涨8.3%, MA20之上",2026-09-18
sz300603,立昂技术,8.04,23.232323232323218,0.758215002602037,4.0103492884864,建仓后期,100.0,"位置分位23.2%（低位）, MA20之上",2026-09-18
sz300765,石药创新,43.88,73.01912568306011,1.2465290461299048,-10.44897959183673,出货,66.66666666666666,位置分位73.0%（中高位）,2026-09-18
sz001287,中电港,24.51,40.613586559532514,1.0572275053280034,6.704397039616904,建仓后期,66.66666666666666,"位置分位40.6%（中低位）, 低位涨6.7%, MA20之上",2026-09-18
sz002721,金一文化,2.72,49.57264957264958,1.0603042915767502,-0.3663003663003585,建仓后期,50.0,位置分位49.6%（中低位）,2026-09-18
sz000598,兴蓉环境,7.02,70.09966777408636,1.2196158269835076,-1.54277699859748,出货,75.0,位置分位70.1%（中高位）,2026-09-18
sz002462,嘉事堂,12.2,40.48723897911831,0.9625569570098396,1.7939090529828943,建仓后期,50.0,位置分位40.5%（中低位）,2026-09-18
sz300303,聚飞光电,6.92,10.980543247929111,0.8537872595953362,-2.53521126760563,建仓后期,66.66666666666666,位置分位11.0%（低位）,2026-09-18
sz002229,鸿博股份,11.0,20.99827882960413,1.036787712145634,0.09099181073703173,建仓后期,75.0,位置分位21.0%（低位）,2026-09-18
sz300550,和仁科技,14.39,72.96000000000002,1.312700106723586,20.92436974789916,拉升,68.42105263157895,"20日大涨20.9%, 当日大涨3.82%, MA20之上, MA60之上, 价升量增",2026-09-18
sz002073,软控股份,5.72,26.999999999999986,0.9043224909254798,-3.378378378378381,建仓后期,75.0,位置分位27.0%（低位）,2026-09-18
sz000881,中广核技,6.45,18.907563025210088,0.7237714588840009,0.0,建仓后期,66.66666666666666,位置分位18.9%（低位）,2026-09-18
sz002427,尤夫股份,4.62,26.282051282051288,0.8288165205544942,1.9867549668874138,建仓后期,75.0,位置分位26.3%（低位）,2026-09-18
sz300654,世纪天鸿,9.86,29.262086513994877,1.1651356868395772,-3.048180924287124,建仓后期,66.66666666666666,位置分位29.3%（低位）,2026-09-18
sz301261,恒工精密,56.5,20.384665707183043,1.1681598469127825,2.188460842828723,建仓后期,87.5,"位置分位20.4%（低位）, MA20之上",2026-09-18
sz002349,精华制药,7.92,59.02140672782874,0.7295288608308786,14.450867052023122,洗盘,60.0,"位置分位59.0%（中位）, 连续3天缩量",2026-09-18
sz300789,唐源电气,15.34,13.937621832358671,1.110856523912681,-11.788384128809664,建仓后期,66.66666666666666,位置分位13.9%（低位）,2026-09-18
sz301300,远翔新材,34.21,42.528332163273504,1.4956528905187687,7.110429255768811,建仓后期,50.0,"位置分位42.5%（中低位）, 低位涨7.1%, MA20之上",2026-09-18
sz000572,海马汽车,4.31,32.73809523809522,1.107186522750342,12.827225130890046,建仓后期,66.66666666666666,"位置分位32.7%（中低位）, 低位涨12.8%, MA20之上",2026-09-18
sz300692,中赋科技,9.1,53.22446720177139,1.5713597003578648,-4.712041884816765,拉升,68.42105263157895,"中位放量（量比1.57）, 当日大涨3.17%, MA20之上, MA60之上, 价升量增",2026-09-18
sz301656,联合动力,14.67,9.538950715421295,1.7560313575943796,-11.519903498190583,建仓初期,57.89473684210527,"位置分位9.5%（极低位）, MA20之下（低位）, MA60之下（低位）",2026-09-18
sz300125,聆达股份,9.31,53.91498881431769,0.8786311365630629,9.400705052878974,洗盘,60.0,位置分位53.9%（中位）,2026-09-18
sz300590,移为通信,11.45,30.952380952380942,0.9952660862085129,4.757548032936867,建仓后期,57.14285714285714,"位置分位31.0%（中低位）, MA20之上",2026-09-18
sz001356,富岭股份,9.59,38.344337227018784,2.5905134463826833,5.384615384615387,建仓后期,52.94117647058824,"位置分位38.3%（中低位）, 低位涨5.4%, 当日涨5.38%, MA20之上, 价升量增",2026-09-18
sz300504,天邑股份,17.83,66.81127982646419,1.1594620178275616,19.184491978609607,拉升,57.14285714285714,"20日大涨19.2%, MA20之上, MA60之上",2026-09-18
sz002416,爱施德,9.0,9.747292418772549,1.1796047856846428,-3.3297529538131094,建仓初期,100.0,"位置分位9.7%（极低位）, MA20之下（低位）, MA60之下（低位）",2026-09-18
sz002453,华软科技,5.34,56.666666666666664,3.351874889479709,21.640091116173128,拉升,75.0,"中位放量（量比3.35）, 20日大涨21.6%, 当日大涨10.10%, MA20之上, MA60之上, 价升量增",2026-09-18
sz301081,严牌股份,17.55,64.69685341519572,1.1850322115915257,31.165919282511208,拉升,64.70588235294117,"20日大涨31.2%, 当日大涨4.65%, MA20之上, MA60之上",2026-09-18
sz002370,亚太药业,5.23,21.522309711286095,1.1772807926201625,-7.59717314487632,建仓后期,66.66666666666666,位置分位21.5%（低位）,2026-09-18
sz002714,牧原股份,41.35,66.07563374428594,1.0319777508881718,5.8356795495264935,洗盘,60.0,位置分位66.1%（中位）,2026-09-18
sz301519,舜禹股份,11.46,28.731942215088296,0.6707060015965987,-4.896265560165974,建仓初期,53.84615384615385,"低位缩量（量比0.67）, MA20之下（低位）",2026-09-18
sz002088,鲁阳节能,7.96,30.97826086956521,0.892526287928006,-3.280680437424064,建仓后期,50.0,位置分位31.0%（中低位）,2026-09-18
sz300587,天铁科技,4.62,38.08139534883721,0.8857849714297233,-11.494252873563212,建仓后期,50.0,位置分位38.1%（中低位）,2026-09-18
sz300308,中际旭创,926.43,43.16127387353976,1.2146859860423604,-1.7571580063626777,建仓后期,70.0,"位置分位43.2%（中低位）, 当日涨3.40%, MA20之上, 价升量增",2026-09-18
sz301062,上海艾录,7.04,51.85185185185185,0.8699605781865966,-3.5616438356164357,洗盘,85.71428571428571,位置分位51.9%（中位）,2026-09-18
sz300013,新宁物流,4.32,52.6570048309179,0.9500670785481055,6.142506142506142,洗盘,50.0,位置分位52.7%（中位）,2026-09-18
sz300195,长荣股份,6.11,48.26589595375722,0.7133559034067485,10.288808664259932,建仓后期,66.66666666666666,"位置分位48.3%（中低位）, 低位涨10.3%, MA20之上",2026-09-18
sz301529,福赛科技,127.11,88.56355993622263,1.194874292779797,18.451216102879506,拉升,57.89473684210527,"20日大涨18.5%, 当日大涨4.64%, MA20之上, MA60之上",2026-09-18
sz000703,恒逸石化,16.95,64.60255697609783,0.9125024154372593,-15.18214571657327,洗盘,60.0,位置分位64.6%（中位）,2026-09-18
sz300676,华大基因,39.7,53.71900826446284,2.4080818396397614,-5.924170616113743,拉升,68.42105263157895,"中位放量（量比2.41）, 当日大涨6.41%, MA20之上, MA60之上, 价升量增",2026-09-18
sz300833,浩洋股份,40.4,77.88595271210013,1.1894711691621536,11.479028697571735,拉升,50.0,"20日涨11.5%, MA20之上, MA60之上",2026-09-18
sz300134,大富科技,8.42,29.365079365079357,1.0927317213220966,3.0599755201958385,建仓后期,75.0,位置分位29.4%（低位）,2026-09-18
sz002309,中利集团,2.98,20.454545454545453,0.9097170503772626,0.0,建仓后期,66.66666666666666,位置分位20.5%（低位）,2026-09-18
sz300334,津膜科技,8.74,29.39632545931759,0.8326633626085099,3.3096926713947914,建仓后期,100.0,"位置分位29.4%（低位）, MA20之上",2026-09-18
sz300597,吉大通信,7.81,37.95620437956204,0.7728595222533785,0.25673940949935264,建仓后期,50.0,位置分位38.0%（中低位）,2026-09-18
sz301119,正强股份,25.61,52.92826203049902,1.2005334346813983,12.37384817902589,拉升,57.14285714285714,"20日涨12.4%, MA20之上, MA60之上, 价升量增",2026-09-18
sz002183,怡 亚 通,4.3,1.6260162601625914,1.2228374083781046,-1.601830663615567,建仓初期,100.0,"位置分位1.6%（极低位）, MA20之下（低位）, MA60之下（低位）",2026-09-18
sz002269,美邦服饰,1.42,26.31578947368419,1.096463617367238,-0.6993006993007,建仓后期,75.0,位置分位26.3%（低位）,2026-09-18
sz002893,京能热力,10.33,31.878031878031894,0.7002208952041428,5.0864699898270604,洗盘,54.54545454545454,连续3天缩量,2026-09-18
sz000635,英 力 特,7.29,47.3389355742297,0.9198590659701541,16.267942583732065,建仓后期,70.0,"位置分位47.3%（中低位）, 低位涨16.3%, MA20之上",2026-09-18
sz000546,金圆股份,4.49,15.436241610738263,1.0358097467052612,-5.870020964360574,建仓后期,66.66666666666666,位置分位15.4%（低位）,2026-09-18
sz002517,恺英网络,16.61,40.979818209829,0.9103197768647712,-0.06016847172082769,建仓后期,50.0,位置分位41.0%（中低位）,2026-09-18
sz000507,珠海港,5.03,41.28205128205133,0.8748534968337822,1.6161616161616175,建仓后期,50.0,位置分位41.3%（中低位）,2026-09-18
sz301045,天禄科技,72.69,53.24074074074073,0.9962379614767255,10.4207807990278,洗盘,50.0,位置分位53.2%（中位）,2026-09-18
sz001259,利仁科技,46.44,28.02849569251159,1.1449731477738638,0.2157962883038289,建仓后期,87.5,"位置分位28.0%（低位）, MA20之上",2026-09-18
sz300549,优德精密,14.22,39.48387096774194,1.0767150830242311,-0.6983240223463663,建仓后期,50.0,位置分位39.5%（中低位）,2026-09-18
sz001358,兴欣新材,24.56,46.39344262295081,0.9195643432807118,-3.648489603766182,建仓后期,57.14285714285714,"位置分位46.4%（中低位）, MA20之上",2026-09-18
sz002327,富安娜,6.11,12.844036697247708,0.791806125576113,-6.717557251908389,建仓后期,66.66666666666666,位置分位12.8%（低位）,2026-09-18
sz300929,华骐环保,15.86,70.71960297766749,0.8137400200793613,3.322475570032572,出货,85.71428571428571,位置分位70.7%（中高位）,2026-09-18
sz000619,海螺新材,4.98,41.36363636363639,1.075311803035649,2.680412371134037,建仓后期,50.0,位置分位41.4%（中低位）,2026-09-18
sz000036,华联控股,3.9,7.664233576642335,1.364451660191673,-3.4653465346534684,建仓初期,91.66666666666666,"位置分位7.7%（极低位）, MA20之下（低位）, MA60之下（低位）",2026-09-18
sz300470,中密控股,27.86,8.016528925619824,2.3277955049944508,-0.9950248756218946,建仓初期,56.25,"位置分位8.0%（极低位）, MA60之下（低位）",2026-09-18
sz300338,*ST开元,3.07,49.14285714285714,1.1761877911980294,6.228373702422135,建仓后期,62.5,"位置分位49.1%（中低位）, 低位涨6.2%",2026-09-18
sz002583,海能达,8.26,19.526627218934912,0.9370316174858855,1.72413793103449,建仓后期,75.0,位置分位19.5%（低位）,2026-09-18
sz300102,乾照光电,17.31,12.179227899869666,1.2138358425111988,-4.522890237175954,建仓后期,70.0,"位置分位12.2%（低位）, 价升量增",2026-09-18
sz300113,顺网科技,16.08,3.9202657807308845,1.101248517911405,-3.6548831635710184,建仓初期,100.0,"位置分位3.9%（极低位）, MA20之下（低位）, MA60之下（低位）",2026-09-18
sz000917,电广传媒,6.79,15.869017632241809,0.9427957715630755,-3.8243626062322886,建仓后期,66.66666666666666,位置分位15.9%（低位）,2026-09-18
sz300528,幸福蓝海,14.11,28.032786885245887,1.1440908744007272,9.126063418406805,建仓后期,100.0,"位置分位28.0%（低位）, 低位涨9.1%, MA20之上",2026-09-18
sz300690,双一科技,24.51,42.88939051918736,1.1369115721814456,18.86517943743938,建仓后期,70.0,"位置分位42.9%（中低位）, 低位涨18.9%, MA20之上",2026-09-18
sz300557,理工光科,25.76,31.176833025261875,1.1563244009928575,0.5464480874316962,建仓后期,50.0,位置分位31.2%（中低位）,2026-09-18
sz301345,涛涛车业,240.69,49.118988391376455,1.1633532980861152,-3.7894231922292807,建仓后期,66.66666666666666,"位置分位49.1%（中低位）, 当日涨4.35%, MA20之上",2026-09-18
sz003021,兆威机电,68.98,7.636956730307981,1.136897525662002,0.9808227199531573,建仓初期,100.0,"位置分位7.6%（极低位）, MA20之下（低位）, MA60之下（低位）",2026-09-18
sz300737,科顺股份,4.67,5.432595573440636,1.4636819661901066,-2.910602910602904,建仓初期,78.57142857142857,"位置分位5.4%（极低位）, MA20之下（低位）, MA60之下（低位）",2026-09-18
sz300205,*ST天喻,5.0,25.506072874493924,1.2928906271670688,2.6694045174537964,建仓后期,100.0,"位置分位25.5%（低位）, MA20之上, 连续3天放量, 价升量增",2026-09-18
sz002782,可立克,15.21,14.605543710021324,1.2747424608166458,-0.8474576271186376,建仓后期,70.0,"位置分位14.6%（低位）, 价升量增",2026-09-18
sz301413,安培龙,57.63,11.614245913195264,1.2642521012338164,-7.183121275567725,建仓后期,70.0,"位置分位11.6%（低位）, 价升量增",2026-09-18
sz301029,怡合达,24.62,24.851680949241935,0.9437086092715232,0.44879640962872064,建仓后期,66.66666666666666,位置分位24.9%（低位）,2026-09-18
sz300577,开润股份,20.0,70.79754601226995,1.3470860020719746,13.765642775881695,拉升,50.0,"20日涨13.8%, MA20之上, MA60之上",2026-09-18
sz001212,中旗新材,37.98,30.95017022593623,1.2454319523676272,12.700296735905026,建仓后期,75.0,"位置分位31.0%（中低位）, 低位涨12.7%, 当日涨9.99%, MA20之上, 价升量增",2026-09-18
sz002148,北纬科技,6.25,26.056338028169023,1.2025486533552174,0.8064516129032229,建仓后期,70.0,"位置分位26.1%（低位）, 价升量增",2026-09-18
sz301591,肯特股份,44.43,57.36785904965297,0.764251581305891,17.851458885941636,洗盘,50.0,位置分位57.4%（中位）,2026-09-18
sz300960,通业科技,16.21,19.917012448132787,1.133435439367722,0.2473716759430992,建仓后期,75.0,位置分位19.9%（低位）,2026-09-18
sz003038,鑫铂股份,10.52,14.030612244897952,0.9015535614530077,-2.2304832713754665,建仓后期,66.66666666666666,位置分位14.0%（低位）,2026-09-18
sz000027,深圳能源,6.29,16.666666666666686,0.9441245354847663,2.276422764227637,建仓后期,66.66666666666666,位置分位16.7%（低位）,2026-09-18
sz301115,联检科技,33.02,81.0614651848492,1.403852117416593,10.360962566844924,拉升,64.70588235294117,"20日涨10.4%, 当日大涨5.29%, MA20之上, MA60之上, 价升量增",2026-09-18
sz000538,云南白药,51.05,51.0346306422215,1.088635780403908,3.486722075815931,洗盘,66.66666666666666,位置分位51.0%（中位）,2026-09-18
sz000509,华塑控股,3.77,34.285714285714285,2.821405679199542,12.874251497005993,建仓后期,52.94117647058824,"位置分位34.3%（中低位）, 低位涨12.9%, 当日涨9.91%, MA20之上, 价升量增",2026-09-18
sz300677,英科医疗,51.8,46.89599483204134,0.6695233046305211,7.2219577321934905,洗盘,61.53846153846154,中位缩量（量比0.67）,2026-09-18
sz300371,汇中股份,9.84,22.28357325971207,0.8313879012079637,-6.463878326996195,建仓后期,66.66666666666666,位置分位22.3%（低位）,2026-09-18
sz002338,奥普光电,42.74,19.80229591836735,1.5203889513925561,-0.4657661853749319,建仓后期,93.75,"位置分位19.8%（低位）, 低位放量（量比1.52）, 当日涨3.31%, MA20之上, 价升量增",2026-09-18
sz301221,光庭信息,25.86,10.807113543091646,0.8412871786254411,-5.031215571061333,建仓后期,66.66666666666666,位置分位10.8%（低位）,2026-09-18
sz002326,永太科技,17.33,15.176558978211855,1.1213173332285336,-13.909587680079488,建仓后期,66.66666666666666,位置分位15.2%（低位）,2026-09-18
sz000735,罗 牛 山,5.96,48.07692307692308,0.8205676640308044,9.760589318600374,建仓后期,62.5,"位置分位48.1%（中低位）, 低位涨9.8%",2026-09-18
sz301076,新瀚新材,20.94,13.959070237493693,1.081286467978058,2.6470588235294255,建仓后期,66.66666666666666,位置分位14.0%（低位）,2026-09-18
sz001359,平安电工,88.49,44.03205918618988,0.8835054700132563,-3.6476480836237024,建仓后期,57.14285714285714,"位置分位44.0%（中低位）, MA20之上",2026-09-18
sz300686,智动力,14.86,45.22184300341296,1.01932004784398,1.2951601908657089,建仓后期,57.14285714285714,"位置分位45.2%（中低位）, MA20之上",2026-09-18
sz002824,和胜股份,28.37,42.55409418752652,1.3053218623724188,18.45511482254698,建仓后期,53.84615384615385,"位置分位42.6%（中低位）, 低位涨18.5%, MA20之上",2026-09-18
sz002418,康盛股份,4.67,42.48826291079813,0.7751661352400196,26.558265582655828,建仓后期,66.66666666666666,"位置分位42.5%（中低位）, 低位涨26.6%",2026-09-18
sz001400,江顺科技,75.41,15.336224944655354,1.2431868081251631,-5.536765626957287,建仓后期,66.66666666666666,位置分位15.3%（低位）,2026-09-18
sz002682,龙洲股份,5.1,52.11267605633802,0.7352750578665674,11.111111111111107,洗盘,50.0,位置分位52.1%（中位）,2026-09-18
sz002173,创新医疗,17.89,23.056537102473502,0.976661960253753,-2.4004364429896223,建仓后期,66.66666666666666,位置分位23.1%（低位）,2026-09-18
sz002125,湘潭电化,12.1,11.24620060790273,0.9939959896081764,-4.724409448818895,建仓后期,66.66666666666666,位置分位11.2%（低位）,2026-09-18
sz300836,佰奥智能,62.6,46.974676203363614,2.4375317672214853,29.285419248244526,建仓后期,55.55555555555556,"位置分位47.0%（中低位）, 低位涨29.3%, 当日涨19.42%, MA20之上, 价升量增",2026-09-18
sz300398,飞凯材料,38.35,33.53522867737948,1.2965962533348165,7.513316512475468,建仓后期,60.0,"位置分位33.5%（中低位）, 低位涨7.5%, 当日涨3.31%, MA20之上, 价升量增",2026-09-18
sz002635,安洁科技,14.94,22.773837667454682,1.0880775217068592,-4.230769230769232,建仓后期,66.66666666666666,位置分位22.8%（低位）,2026-09-18
sz000595,新能股份,5.27,24.87179487179487,0.8231936768932419,-5.215827338129497,建仓后期,66.66666666666666,位置分位24.9%（低位）,2026-09-18
sz000931,中 关 村,4.43,30.45454545454545,1.1263421514286105,-12.966601178781929,建仓后期,50.0,位置分位30.5%（中低位）,2026-09-18
sz301011,华立科技,15.6,21.57751586582048,2.688287750775099,5.405405405405398,建仓后期,100.0,"位置分位21.6%（低位）, 低位放量（量比2.69）, 低位涨5.4%, 当日涨6.63%, MA20之上, 价升量增",2026-09-18
sz300373,扬杰科技,93.23,28.587746625129807,1.4648108795145012,-9.520574534161492,建仓后期,92.85714285714286,"位置分位28.6%（低位）, 当日涨3.53%, MA20之上, 连续3天放量, 价升量增",2026-09-18
sz002569,*ST步森,11.33,18.876941457586618,1.417555321721923,-8.4074373484236,建仓后期,88.88888888888889,"位置分位18.9%（低位）, MA20之上, 价升量增",2026-09-18
sz002777,久远银海,12.43,13.184931506849306,1.186216327088746,-0.6394884092725825,建仓后期,66.66666666666666,位置分位13.2%（低位）,2026-09-18
sz300004,南风股份,8.25,14.744145706851697,0.9250649771026562,-16.49797570850203,建仓初期,50.0,"低位跌-16.5%, MA20之下（低位）, MA60之下（低位）",2026-09-18
sz002966,苏州银行,9.06,85.25896414342633,0.9233604706514177,5.5944055944055995,出货,57.14285714285714,位置分位85.3%（极高位）,2026-09-18
sz001380,华纬科技,18.5,56.4341085271318,0.8520100502512563,9.72716488730724,洗盘,50.0,位置分位56.4%（中位）,2026-09-18
sz001216,华瓷股份,21.87,100.0,1.8562601526045677,50.827586206896555,出货,55.172413793103445,"位置分位100.0%（极高位）, 高位放量（量比1.86）, 高位连续放量",2026-09-18
sz002021,中捷资源,2.64,40.15748031496065,0.9162387051191035,-1.1235955056179703,建仓后期,50.0,位置分位40.2%（中低位）,2026-09-18
sz000586,汇源通信,13.62,27.307206068268002,0.7824728915073974,8.26709062003179,建仓后期,66.66666666666666,"位置分位27.3%（低位）, 低位涨8.3%",2026-09-18
sz000877,天山股份,3.68,8.860759493670892,1.1093805045414862,0.8219178082191849,建仓初期,100.0,"位置分位8.9%（极低位）, MA20之下（低位）, MA60之下（低位）",2026-09-18
sz002978,安宁股份,25.15,8.51063829787233,0.9708328123046143,-3.6767522022213743,建仓初期,100.0,"位置分位8.5%（极低位）, MA20之下（低位）, MA60之下（低位）",2026-09-18
sz300939,秋田微,95.46,93.0841121495327,1.7822027152047162,54.71636952998378,出货,61.53846153846154,"位置分位93.1%（极高位）, 高位放量（量比1.78）, 高位连续放量",2026-09-18
sz002271,东方雨虹,10.34,5.305039787798412,1.047617207384645,-7.181328545780976,建仓初期,100.0,"位置分位5.3%（极低位）, MA20之下（低位）, MA60之下（低位）",2026-09-18
sz300433,蓝思科技,33.48,26.781883194278887,1.4082407586515846,-9.975799946222105,建仓后期,70.0,"位置分位26.8%（低位）, 价升量增",2026-09-18
sz002384,东山精密,196.15,53.244944571333086,1.1970907124638022,-2.4517604933359887,洗盘,75.0,位置分位53.2%（中位）,2026-09-18
sz003004,声迅股份,61.14,54.227970897332256,0.47828387408631584,-13.923694213712517,洗盘,100.0,"位置分位54.2%（中位）, 中位缩量（量比0.48）",2026-09-18
sz300508,维宏股份,39.5,26.627384960718288,1.0182864568829482,-9.049044439327652,建仓后期,87.5,"位置分位26.6%（低位）, MA20之上",2026-09-18
sz300915,海融科技,20.94,43.88109638399178,1.1275136437386302,3.4074074074074137,建仓后期,66.66666666666666,"位置分位43.9%（中低位）, 当日涨5.23%, MA20之上",2026-09-18
sz002293,罗莱生活,10.9,65.92592592592594,1.1466293855687593,-1.1786038077969085,洗盘,85.71428571428571,位置分位65.9%（中位）,2026-09-18
sz000903,ST云动,2.07,47.49999999999998,0.5365199823629134,8.947368421052628,洗盘,64.70588235294117,"中位缩量（量比0.54）, 连续3天缩量",2026-09-18
sz300758,七彩化学,11.3,33.49152542372883,0.8743836449795083,4.823747680890551,建仓后期,50.0,位置分位33.5%（中低位）,2026-09-18
sz301310,鑫宏业,51.97,59.25429783433802,0.850113753585711,-0.952925481227368,洗盘,100.0,位置分位59.3%（中位）,2026-09-18
sz000776,广发证券,20.79,46.718146718146706,1.2870518319916717,1.1186770428015584,建仓后期,66.66666666666666,"位置分位46.7%（中低位）, 当日涨3.85%, 价升量增",2026-09-18
sz002297,博云新材,22.03,45.30757097791799,0.7215561307586152,23.90326209223847,建仓后期,53.84615384615385,"位置分位45.3%（中低位）, 低位涨23.9%, MA20之上",2026-09-18
sz002655,共达电声,40.9,67.12100139082058,1.542064117779401,8.287000264760378,拉升,68.42105263157895,"中位放量（量比1.54）, 20日涨8.3%, MA20之上, MA60之上, 价升量增",2026-09-18
sz301059,金三江,12.28,37.91057734047169,0.9660047453555571,8.672566371681404,建仓后期,66.66666666666666,"位置分位37.9%（中低位）, 低位涨8.7%, MA20之上",2026-09-18
sz300128,锦富技术,5.04,26.377952755905515,1.1086315588575018,1.8181818181818152,建仓后期,100.0,"位置分位26.4%（低位）, MA20之上",2026-09-18
sz002323,*ST雅博,1.26,10.828025477707001,0.8170328222891095,-3.0769230769230793,建仓后期,66.66666666666666,位置分位10.8%（低位）,2026-09-18
sz000651,格力电器,38.56,69.08212560386478,1.094927536763062,-1.7329255861365946,洗盘,85.71428571428571,位置分位69.1%（中位）,2026-09-18
sz300845,捷安高科,13.61,60.08863399374347,0.824584694822341,10.470779220779214,洗盘,50.0,位置分位60.1%（中位）,2026-09-18
sz301255,通力科技,18.75,10.698447893569844,1.0703762613751924,-7.907662082514733,建仓后期,66.66666666666666,位置分位10.7%（低位）,2026-09-18
sz000927,中国铁物,2.48,21.759697256385998,0.7737585875569084,3.3333333333333366,建仓后期,60.0,位置分位21.8%（低位）,2026-09-18
sz300019,硅宝科技,14.29,10.679611650485421,0.9994042563231409,-1.7193947730398902,建仓后期,87.5,"位置分位10.7%（低位）, MA20之上",2026-09-18
sz002737,葵花药业,11.25,12.20238095238096,1.145553431169905,-13.726993865030671,建仓后期,66.66666666666666,位置分位12.2%（低位）,2026-09-18
sz002926,华西证券,8.27,61.6252821670429,1.2017268077518652,0.7308160779536993,洗盘,75.0,位置分位61.6%（中位）,2026-09-18
sz300831,ST派瑞,14.5,15.90815627141878,1.1284959501115273,2.982954545454545,建仓后期,66.66666666666666,位置分位15.9%（低位）,2026-09-18
sz301040,中环海陆,26.91,40.9165302782324,0.9816574142963429,-1.5367727771679407,建仓后期,50.0,位置分位40.9%（中低位）,2026-09-18
sz000708,中信特钢,13.0,17.5891181988743,1.0088211421996665,-3.2738095238095206,建仓后期,66.66666666666666,位置分位17.6%（低位）,2026-09-18
sz003002,壶化股份,16.31,13.518758085381618,0.6479803350824725,-0.8510638297872375,建仓初期,57.14285714285714,"低位缩量（量比0.65）, MA20之下（低位）, MA60之下（低位）",2026-09-18
sz301137,哈焊华通,31.9,23.06197365579788,1.1194495412844037,1.2698412698412653,建仓后期,87.5,"位置分位23.1%（低位）, MA20之上",2026-09-18
sz300853,申昊科技,29.38,50.87794432548179,1.7617120836774016,6.836363636363632,拉升,72.72727272727273,"中位放量（量比1.76）, 20日涨6.8%, 当日大涨5.38%, MA20之上, MA60之上, 价升量增",2026-09-18
sz002028,思源电气,138.0,5.36960258873496,1.1875236019993387,-21.89710792914143,建仓初期,100.0,"位置分位5.4%（极低位）, 低位跌-21.9%, MA20之下（低位）, MA60之下（低位）",2026-09-18
sz002091,江苏国泰,7.62,21.29277566539926,1.161368275862069,-1.0389610389610398,建仓后期,75.0,位置分位21.3%（低位）,2026-09-18
sz000544,中原环保,7.26,23.48993288590601,1.0500348848798964,0.41493775933609073,建仓后期,66.66666666666666,位置分位23.5%（低位）,2026-09-18
sz002603,以岭药业,15.2,27.374301675977613,1.097683860938035,-7.598784194528875,建仓后期,66.66666666666666,位置分位27.4%（低位）,2026-09-18
sz002064,华峰化学,9.92,23.824451410658305,0.9102085408313401,-15.21367521367521,建仓初期,50.0,"低位跌-15.2%, MA20之下（低位）, MA60之下（低位）",2026-09-18
sz002072,凯瑞德,7.1,24.242424242424228,0.9190025547839229,-1.9337016574585715,建仓后期,66.66666666666666,位置分位24.2%（低位）,2026-09-18
sz003026,中晶科技,37.2,53.37822837267817,2.5211069832096724,26.530612244897977,拉升,75.0,"中位放量（量比2.52）, 20日大涨26.5%, MA20之上, MA60之上, 连续3天放量, 价升量增",2026-09-18
sz300606,金太阳,34.51,38.76760563380281,1.4166277359633186,-4.6685082872928305,建仓后期,66.66666666666666,"位置分位38.8%（中低位）, 当日涨5.63%, 价升量增",2026-09-18
sz001317,三羊马,54.51,69.1958762886598,1.0112377614507806,2.270168855534711,洗盘,50.0,位置分位69.2%（中位）,2026-09-18
sz301322,绿通科技,45.34,49.97416020671835,1.1145537610038887,8.365200764818354,建仓后期,72.72727272727273,"位置分位50.0%（中低位）, 低位涨8.4%, 当日涨4.09%, MA20之上",2026-09-18
sz002688,金河生物,5.14,33.096926713947965,0.9924679727902834,-0.5802707930367553,建仓后期,50.0,位置分位33.1%（中低位）,2026-09-18
sz300615,欣天科技,14.17,54.195205479452056,1.0152486596972181,-12.260061919504636,洗盘,85.71428571428571,位置分位54.2%（中位）,2026-09-18
sz301268,铭利达,11.82,3.268482490272373,1.1336647714267403,-10.454545454545446,建仓初期,100.0,"位置分位3.3%（极低位）, MA20之下（低位）, MA60之下（低位）",2026-09-18
sz301265,华新科技,23.36,42.105263157894726,0.8536344421981253,18.398378104409524,建仓后期,75.0,"位置分位42.1%（中低位）, 低位涨18.4%, 当日涨3.09%, MA20之上",2026-09-18
sz002415,海康威视,32.94,44.91771539206192,1.2744660106117636,-4.24418604651163,建仓后期,57.14285714285714,"位置分位44.9%（中低位）, 价升量增",2026-09-18
sz301446,福事特,37.5,43.415396639312235,0.9272501426796925,3.7057522123893905,建仓后期,57.14285714285714,"位置分位43.4%（中低位）, MA20之上",2026-09-18
sz300185,通裕重工,2.78,18.709677419354822,0.8112967245693897,4.1198501872659135,建仓后期,100.0,"位置分位18.7%（低位）, MA20之上",2026-09-18
sz300627,华测导航,26.41,5.2521008403361344,0.9148971592027,-2.6538886841135234,建仓初期,100.0,"位置分位5.3%（极低位）, MA20之下（低位）, MA60之下（低位）",2026-09-18
sz301491,汉桑科技,36.93,6.61521499448731,1.6720626203844104,-5.81484315225708,建仓初期,64.70588235294117,"位置分位6.6%（极低位）, MA20之下（低位）, MA60之下（低位）",2026-09-18
sz000636,风华高科,58.2,60.81567312090258,0.8428677162695863,6.45692335833181,洗盘,50.0,位置分位60.8%（中位）,2026-09-18
sz002938,鹏鼎控股,89.88,56.34691195795006,1.1306610374516735,0.7623318385650141,洗盘,75.0,位置分位56.3%（中位）,2026-09-18
sz301116,益客食品,8.96,27.66570605187322,0.8717275678662706,-3.9657020364415776,建仓后期,66.66666666666666,位置分位27.7%（低位）,2026-09-18
sz300513,恒实科技,7.1,29.310344827586192,0.9811702932253045,-2.203856749311297,建仓后期,66.66666666666666,位置分位29.3%（低位）,2026-09-18
sz301488,豪恩汽电,93.12,5.462459194776943,0.8631476283362671,-4.315659679408126,建仓初期,100.0,"位置分位5.5%（极低位）, MA20之下（低位）, MA60之下（低位）",2026-09-18
sz300547,川环科技,25.31,16.800900666839865,1.3943655683543172,0.7162753680859519,建仓后期,66.66666666666666,位置分位16.8%（低位）,2026-09-18
sz002117,东港股份,7.65,8.116883116883116,1.2618133335576482,-2.29885057471264,建仓初期,100.0,"位置分位8.1%（极低位）, MA20之下（低位）, MA60之下（低位）",2026-09-18
sz002483,润邦股份,5.96,55.20361990950226,0.6622508337307701,9.963099630996311,洗盘,64.70588235294117,"位置分位55.2%（中位）, 中位缩量（量比0.66）",2026-09-18
sz002047,宝鹰股份,3.4,17.607973421926907,1.0767155874679586,5.919003115264796,建仓后期,72.72727272727273,"位置分位17.6%（低位）, 低位涨5.9%",2026-09-18
sz002917,金奥博,10.12,12.854847348687718,0.8652112745756481,-1.3645224171540018,建仓后期,66.66666666666666,位置分位12.9%（低位）,2026-09-18
sz001279,强邦新材,26.35,29.94781212364512,1.0204113094687508,4.729729729729735,建仓后期,100.0,"位置分位29.9%（低位）, MA20之上",2026-09-18
sz301177,迪阿股份,22.92,23.11358220810167,1.3341938694577067,-1.164294954721861,建仓后期,70.0,"位置分位23.1%（低位）, 价升量增",2026-09-18
sz300817,双飞集团,16.31,38.21288386054028,0.8966293431836547,7.091267235718965,建仓后期,66.66666666666666,"位置分位38.2%（中低位）, 低位涨7.1%, MA20之上",2026-09-18
sz002289,宇顺电子,36.83,45.24729520865532,0.9110498816032231,-11.060130403284228,建仓后期,50.0,位置分位45.2%（中低位）,2026-09-18
sz301060,兰卫医学,10.99,51.31147540983606,1.2861254929595602,-4.4347826086956506,拉升,57.14285714285714,"MA20之上, MA60之上, 连续3天放量, 价升量增",2026-09-18
sz001306,夏厦精密,55.34,37.077678313600934,1.5341400172860846,3.3233756534727426,拉升,44.44444444444444,"中位放量（量比1.53）, 连续3天放量",2026-09-18
sz002193,ST如意,4.67,36.84210526315789,0.8739205615653014,-1.4767932489451536,建仓后期,50.0,位置分位36.8%（中低位）,2026-09-18
sz300082,奥克股份,8.58,30.769230769230777,2.1726567108330106,9.859154929577471,建仓后期,52.94117647058824,"位置分位30.8%（中低位）, 低位涨9.9%, 当日涨5.54%, MA20之上, 价升量增",2026-09-18
sz002442,龙星科技,5.61,31.04166666666667,1.5418178490844199,12.877263581488945,拉升,47.05882352941176,"中位放量（量比1.54）, 连续3天放量",2026-09-18
sz300517,海波重科,11.85,72.32142857142856,0.8037881135970211,17.443012884043604,拉升,57.14285714285714,"20日大涨17.4%, MA20之上, MA60之上",2026-09-18
sz300033,同花顺,207.2,21.43581938102484,1.243350372873975,-6.721289335074059,建仓后期,75.0,"位置分位21.4%（低位）, 当日涨3.06%, 价升量增",2026-09-18
sz300885,海昌新材,19.0,11.303468380034499,1.1603460248140618,-4.474610356963301,建仓后期,66.66666666666666,位置分位11.3%（低位）,2026-09-18
sz300112,万讯自控,11.62,91.97707736389684,0.8926526777828948,24.67811158798282,拉升,50.0,"20日大涨24.7%, MA20之上, MA60之上",2026-09-18
sz002005,德豪润达,2.66,54.54545454545456,2.6048226618283974,9.465020576131685,拉升,72.72727272727273,"中位放量（量比2.60）, 20日涨9.5%, 当日大涨9.92%, MA20之上, MA60之上, 价升量增",2026-09-18
sz300162,雷曼光电,7.8,18.123393316195376,1.2791505399897551,0.905562742561441,建仓后期,87.5,"位置分位18.1%（低位）, MA20之上",2026-09-18
sz002155,湖南黄金,25.76,47.04845814977974,0.9559626931471972,4.503042596348897,建仓后期,50.0,位置分位47.0%（中低位）,2026-09-18
sz002482,广田集团,1.34,32.786885245901665,1.1197685305952196,5.511811023622052,建仓后期,66.66666666666666,"位置分位32.8%（中低位）, 低位涨5.5%, MA20之上",2026-09-18
sz001218,丽臣实业,24.08,46.551724137931004,0.8613008422350041,-1.0275380189066996,建仓后期,57.14285714285714,"位置分位46.6%（中低位）, MA20之上",2026-09-18
sz300306,远方信息,10.13,40.546697038724396,0.9972787402794859,-0.491159135559911,建仓后期,50.0,位置分位40.5%（中低位）,2026-09-18
sz001238,浙江正特,26.31,28.50776087290609,2.238272152600643,4.862495017935428,建仓后期,100.0,"位置分位28.5%（低位）, 低位放量（量比2.24）, 当日涨9.99%, MA20之上, 价升量增",2026-09-18
sz002449,国星光电,6.56,23.030303030303028,1.2029775737618762,-7.213578500707222,建仓后期,77.77777777777779,"位置分位23.0%（低位）, 价升量增",2026-09-18
sz300411,金盾股份,8.48,43.86973180076629,0.5899063482318537,11.578947368421064,洗盘,64.70588235294117,"中位缩量（量比0.59）, 连续3天缩量",2026-09-18
sz301161,唯万密封,31.04,43.49690328727965,1.4730351868296585,8.950508950508954,建仓后期,60.0,"位置分位43.5%（中低位）, 低位涨9.0%, 当日涨4.16%, MA20之上, 价升量增",2026-09-18
sz300770,新媒股份,34.55,37.040923399790124,1.2739280024014594,2.7967866706337334,建仓后期,50.0,位置分位37.0%（中低位）,2026-09-18
sz000552,甘肃能化,2.46,28.750000000000004,0.8100544942030379,-5.0193050193050155,建仓后期,66.66666666666666,位置分位28.8%（低位）,2026-09-18
sz000963,华东医药,26.1,7.488584474885849,1.3385152599328463,-5.94594594594594,建仓初期,91.66666666666666,"位置分位7.5%（极低位）, MA20之下（低位）, MA60之下（低位）",2026-09-18
sz300393,中来股份,6.15,13.294797687861276,1.7805467137318958,-1.1254019292604405,建仓后期,93.75,"位置分位13.3%（低位）, 低位放量（量比1.78）, 当日涨5.31%, MA20之上, 价升量增",2026-09-18
sz002932,*ST明德,15.31,38.95486935866986,1.2211174905475424,0.3276539973787727,建仓后期,50.0,位置分位39.0%（中低位）,2026-09-18
sz300190,维尔利,3.79,30.718954248366032,0.8851749921332208,2.7100271002710055,建仓后期,50.0,位置分位30.7%（中低位）,2026-09-18
sz002351,漫步者,10.0,42.00743494423793,1.3902807213553772,1.3171225937183464,建仓后期,57.14285714285714,"位置分位42.0%（中低位）, 价升量增",2026-09-18
sz000928,中钢国际,5.41,25.896414342629498,0.7487924069303475,9.514170040485824,建仓后期,53.333333333333336,"位置分位25.9%（低位）, 低位涨9.5%",2026-09-18
sz002897,意华股份,70.11,37.95313072134749,0.7541966105330902,21.486744065153353,建仓后期,70.0,"位置分位38.0%（中低位）, 低位涨21.5%, MA20之上",2026-09-18
sz301135,瑞德智能,17.19,42.723481005523624,0.832254459722809,1.836492890995274,建仓后期,57.14285714285714,"位置分位42.7%（中低位）, MA20之上",2026-09-18
sz300750,宁德时代,301.95,1.7523225699146934,0.8441140630321262,-22.804550683880862,建仓初期,100.0,"位置分位1.8%（极低位）, 低位跌-22.8%, MA20之下（低位）, MA60之下（低位）",2026-09-18
sz002530,金财互联,7.15,27.149321266968347,1.107902083243218,1.4184397163120643,建仓后期,75.0,位置分位27.1%（低位）,2026-09-18
sz003001,中岩大地,20.0,66.82318945277225,1.9532506311580942,28.20512820512821,拉升,68.42105263157895,"中位放量（量比1.95）, 20日大涨28.2%, MA20之上, MA60之上",2026-09-18
sz002558,巨人网络,24.97,12.888551933282772,1.3190843769496141,-4.439341752774589,建仓后期,70.0,"位置分位12.9%（低位）, 价升量增",2026-09-18
sz002066,瑞泰科技,20.0,14.360041623309044,1.0107819659044932,-7.663896583564174,建仓后期,66.66666666666666,位置分位14.4%（低位）,2026-09-18
sz300571,平治信息,29.03,8.108668602239735,1.1776822370623579,-5.501302083333326,建仓初期,100.0,"位置分位8.1%（极低位）, MA20之下（低位）, MA60之下（低位）",2026-09-18
sz000960,锡业股份,33.6,28.678890456041373,0.9904089863330111,-9.433962264150942,建仓后期,66.66666666666666,位置分位28.7%（低位）,2026-09-18
sz000061,农 产 品,6.02,33.599999999999994,0.8283322130823971,5.799648506151128,建仓后期,62.5,"位置分位33.6%（中低位）, 低位涨5.8%",2026-09-18
sz000990,诚志股份,6.46,19.266528925619824,0.9633378402400332,1.095461658841945,建仓后期,66.66666666666666,位置分位19.3%（低位）,2026-09-18
sz002281,光迅科技,195.4,57.28155339805826,1.1495027641250037,9.41874790010079,洗盘,50.0,位置分位57.3%（中位）,2026-09-18
sz002516,旷达科技,5.75,41.93548387096775,0.8938513318394301,10.153256704980848,建仓后期,66.66666666666666,"位置分位41.9%（中低位）, 低位涨10.2%, MA20之上",2026-09-18
sz002798,帝欧水华,6.64,49.4061757719715,0.742029296993062,15.478260869565212,建仓后期,70.0,"位置分位49.4%（中低位）, 低位涨15.5%, MA20之上",2026-09-18
sz002010,传化智联,4.54,11.046511627906995,0.9004304832579838,-2.365591397849469,建仓后期,66.66666666666666,位置分位11.0%（低位）,2026-09-18
sz301538,骏鼎达,41.3,16.17614019321501,1.3476024251331986,8.684210526315782,建仓后期,100.0,"位置分位16.2%（低位）, 低位涨8.7%, 当日涨4.32%, MA20之上, 价升量增",2026-09-18
sz002111,威海广泰,9.49,38.36477987421386,1.0287860158408055,-0.1052631578947346,建仓后期,50.0,位置分位38.4%（中低位）,2026-09-18
sz001298,好上好,17.12,19.685039370078755,1.217780499702685,-2.1154945683247424,建仓后期,70.0,"位置分位19.7%（低位）, 价升量增",2026-09-18
sz300477,ST合纵,2.63,42.85714285714285,0.6174966302231542,3.9525691699604777,洗盘,78.57142857142857,"中位缩量（量比0.62）, 连续3天缩量",2026-09-18
sz000530,冰山冷热,5.2,31.330472103004308,1.150474784863109,6.122448979591832,建仓后期,62.5,"位置分位31.3%（中低位）, 低位涨6.1%",2026-09-18
sz301395,仁信新材,11.94,48.03804994054697,1.4605156526698082,-2.610114192495924,建仓后期,66.66666666666666,"位置分位48.0%（中低位）, 当日涨3.20%, 价升量增",2026-09-18
sz300717,华信新材,17.83,22.68743914313533,0.746977227208664,-2.194185408667044,建仓后期,66.66666666666666,位置分位22.7%（低位）,2026-09-18
sz002826,易明医药,17.03,34.68882087159308,0.8335806866528148,-1.7877739331026457,建仓后期,50.0,位置分位34.7%（中低位）,2026-09-18
sz000731,四川美丰,7.84,94.55782312925169,0.7292835217685253,28.10457516339869,出货,55.55555555555556,"位置分位94.6%（极高位）, 价跌量缩",2026-09-18
sz300146,汤臣倍健,9.23,14.634146341463458,1.2887687247083324,-5.041152263374488,建仓后期,66.66666666666666,位置分位14.6%（低位）,2026-09-18
sz301286,侨源股份,46.81,38.58952653394827,1.2380643026120637,8.708778448676265,建仓后期,70.0,"位置分位38.6%（中低位）, 低位涨8.7%, MA20之上, 价升量增",2026-09-18
sz002195,岩山科技,6.16,12.738853503184721,1.2153112125719374,-2.6856240126382294,建仓后期,70.0,"位置分位12.7%（低位）, 价升量增",2026-09-18
sz301533,威马农机,28.79,59.540512101017164,1.2155666122470135,6.867112100965099,洗盘,60.0,位置分位59.5%（中位）,2026-09-18
sz002256,兆新股份,3.22,11.228070175438607,0.7549615933830379,-4.451038575667654,建仓后期,66.66666666666666,位置分位11.2%（低位）,2026-09-18
sz301171,易点天下,34.5,39.06497622820918,1.0206435414794874,-5.0632911392405155,建仓后期,50.0,位置分位39.1%（中低位）,2026-09-18
sz002276,万马股份,10.03,16.355555555555554,1.0018986207339122,-0.19900497512439155,建仓后期,66.66666666666666,位置分位16.4%（低位）,2026-09-18
sz301398,星源卓镁,37.31,32.59615384615386,1.028113968734241,18.78382680674945,建仓后期,70.0,"位置分位32.6%（中低位）, 低位涨18.8%, MA20之上",2026-09-18
sz000697,炼石航空,9.01,29.654036243822073,1.0006940639269406,10.146699266503669,建仓后期,100.0,"位置分位29.7%（低位）, 低位涨10.1%, MA20之上",2026-09-18
sz001324,长青科技,20.67,79.54964931709124,1.7505227212548964,11.66936790923825,拉升,50.0,"20日涨11.7%, 当日大涨6.00%, MA20之上, MA60之上, 价升量增",2026-09-18
sz301633,港迪技术,62.38,79.40698619008936,1.7241849307600043,13.232891631875109,拉升,50.0,"20日涨13.2%, 当日大涨7.18%, MA20之上, MA60之上, 价升量增",2026-09-18
sz002232,启明信息,15.48,45.26534859521334,0.9795655894311251,11.286843997124372,建仓后期,66.66666666666666,"位置分位45.3%（中低位）, 低位涨11.3%, MA20之上",2026-09-18
sz300514,友讯达,10.03,36.902485659655824,0.8766620498614959,2.2426095820591114,建仓后期,50.0,位置分位36.9%（中低位）,2026-09-18
sz000985,大庆华科,17.14,53.04600082884375,0.6900466475580285,4.321363359707857,洗盘,82.35294117647058,"位置分位53.0%（中位）, 中位缩量（量比0.69）, 连续3天缩量",2026-09-18
sz300741,华宝股份,25.15,80.07268322228951,1.6309204431599693,88.38951310861422,出货,63.63636363636363,"位置分位80.1%（中高位）, 高位放量（量比1.63）, 当日大跌-7.43%",2026-09-18
sz301486,致尚科技,214.11,53.476138828633424,0.9571778354053467,23.691507798960153,拉升,57.14285714285714,"20日大涨23.7%, MA20之上, MA60之上",2026-09-18
sz002454,松芝股份,4.97,16.36904761904761,1.0850856714592145,-0.20080321285141917,建仓后期,75.0,位置分位16.4%（低位）,2026-09-18
sz300660,江苏雷利,23.4,6.282124500285542,1.2502902589109486,-3.225806451612908,建仓初期,91.66666666666666,"位置分位6.3%（极低位）, MA20之下（低位）, MA60之下（低位）",2026-09-18
sz002194,武汉凡谷,11.0,57.14285714285714,0.756689349286295,9.452736318407952,洗盘,50.0,位置分位57.1%（中位）,2026-09-18
sz000032,深桑达Ａ,14.63,16.098864395457582,0.9758448334872427,-1.1486486486486482,建仓后期,87.5,"位置分位16.1%（低位）, MA20之上",2026-09-18
sz002105,信隆健康,5.91,58.33333333333333,0.91068594945364,1.1986301369863064,洗盘,85.71428571428571,位置分位58.3%（中位）,2026-09-18
sz000100,TCL科技,4.99,43.30357142857145,1.684533436444915,-0.7952286282306169,建仓后期,46.666666666666664,"位置分位43.3%（中低位）, 当日涨3.31%, MA20之上, 价升量增",2026-09-18
sz300248,新开普,8.19,31.818181818181802,1.189735585060368,-7.352941176470592,建仓后期,50.0,位置分位31.8%（中低位）,2026-09-18
sz300387,富邦科技,7.3,30.76923076923077,0.8574130671739084,-0.1367989056087522,建仓后期,50.0,位置分位30.8%（中低位）,2026-09-18
sz002902,铭普光磁,31.2,51.79299103504482,1.6488528376302007,26.009693053311782,拉升,75.0,"中位放量（量比1.65）, 20日大涨26.0%, 当日大涨7.00%, MA20之上, MA60之上, 价升量增",2026-09-18
sz300548,长芯博创,238.8,61.93007894312874,1.1264218747735868,20.960389018336556,拉升,64.70588235294117,"20日大涨21.0%, 当日大涨3.20%, MA20之上, MA60之上",2026-09-18
sz000998,隆平高科,8.99,50.6172839506173,1.157907437830659,7.664670658682642,洗盘,60.0,位置分位50.6%（中位）,2026-09-18
sz300415,伊之密,18.89,8.665906499429893,1.259475774424146,-4.595959595959596,建仓初期,100.0,"位置分位8.7%（极低位）, MA20之下（低位）, MA60之下（低位）",2026-09-18
sz301680,固德电材,106.97,46.32409545804463,1.4831150023039958,14.052670860432873,建仓后期,75.0,"位置分位46.3%（中低位）, 低位涨14.1%, 当日涨6.44%, MA20之上, 价升量增",2026-09-18
sz002170,芭田股份,10.88,21.884498480243188,0.9573423270335191,-1.359927470534892,建仓后期,66.66666666666666,位置分位21.9%（低位）,2026-09-18
sz002928,华夏航空,6.46,17.940199335548176,1.3364921263119816,5.040650406504058,建仓后期,100.0,"位置分位17.9%（低位）, 低位涨5.0%, MA20之上, 价升量增",2026-09-18
sz002322,理工能科,11.67,51.3508144616607,1.2010185355622862,2.1444201312910214,洗盘,85.71428571428571,位置分位51.4%（中位）,2026-09-18
sz002523,天桥起重,3.41,42.63565891472869,0.9390558979465511,2.0958083832335417,建仓后期,50.0,位置分位42.6%（中低位）,2026-09-18
sz301036,双乐股份,21.31,29.562043795620426,1.1380442843521559,-4.56784594715629,建仓后期,66.66666666666666,位置分位29.6%（低位）,2026-09-18
sz300080,易成新能,3.73,17.748917748917755,0.9493064528240329,0.0,建仓后期,75.0,位置分位17.7%（低位）,2026-09-18
sz000949,新乡化纤,6.84,46.335078534031396,0.9156067086560429,-1.1560693641618507,建仓后期,50.0,位置分位46.3%（中低位）,2026-09-18
sz300500,启迪设计,9.21,33.39882121807467,1.0152462198082783,-4.361370716510902,建仓后期,50.0,位置分位33.4%（中低位）,2026-09-18
sz002378,章源钨业,23.79,17.48900830483634,0.6268689155535432,-9.198473282442748,建仓初期,57.14285714285714,"低位缩量（量比0.63）, MA20之下（低位）, MA60之下（低位）",2026-09-18
sz300945,曼卡龙,11.88,28.888888888888896,0.838372417829447,-6.6037735849056585,建仓后期,75.0,位置分位28.9%（低位）,2026-09-18
sz300583,赛托生物,13.06,46.46946564885497,1.2541267666980185,1.318851823118696,建仓后期,57.14285714285714,"位置分位46.5%（中低位）, 价升量增",2026-09-18
sz300201,海伦哲,13.21,28.349178910976676,0.8347836559528283,-13.377049180327862,建仓后期,72.72727272727273,"位置分位28.3%（低位）, 当日涨4.92%",2026-09-18
sz002222,福晶科技,69.7,29.015544041450784,1.0388310530075362,7.87803745550225,建仓后期,100.0,"位置分位29.0%（低位）, 低位涨7.9%, MA20之上",2026-09-18
sz301335,天元宠物,25.43,80.03400534369685,1.9980012878730857,3.5845213849287125,出货,57.89473684210527,"位置分位80.0%（中高位）, 高位放量（量比2.00）",2026-09-18
sz002254,泰和新材,12.55,22.51082251082252,0.9282695466581482,1.2096774193548416,建仓后期,66.66666666666666,位置分位22.5%（低位）,2026-09-18
sz000683,博源化工,5.7,10.597826086956536,1.062465614204431,-5.785123966942144,建仓后期,66.66666666666666,位置分位10.6%（低位）,2026-09-18
sz002397,梦洁股份,3.7,23.263888888888896,0.7978437517952777,4.225352112676067,建仓后期,60.0,位置分位23.3%（低位）,2026-09-18
sz300780,德恩精工,19.5,14.57528957528957,1.0286844481521036,-1.5648662291771767,建仓后期,72.72727272727273,"位置分位14.6%（低位）, 当日涨3.72%",2026-09-18
sz002455,百川股份,7.13,16.1522633744856,0.9689418740252623,-0.9722222222222262,建仓后期,75.0,位置分位16.2%（低位）,2026-09-18
sz002888,惠威科技,18.77,43.86036960985626,0.7685571967902617,5.568053993250834,建仓后期,62.5,"位置分位43.9%（中低位）, 低位涨5.6%",2026-09-18
sz000407,胜利股份,4.21,44.55782312925168,0.969841912635528,2.4330900243308915,建仓后期,50.0,位置分位44.6%（中低位）,2026-09-18
sz002294,信立泰,30.4,2.791939791211456,0.9168488377957037,-6.976744186046516,建仓初期,100.0,"位置分位2.8%（极低位）, MA20之下（低位）, MA60之下（低位）",2026-09-18
sz000012,南 玻Ａ,3.72,6.57458563535913,0.8990468942860059,0.0,建仓初期,100.0,"位置分位6.6%（极低位）, MA20之下（低位）, MA60之下（低位）",2026-09-18
sz300688,创业黑马,36.6,96.09218436873746,0.9457137873259857,23.356926188068755,拉升,50.0,"20日大涨23.4%, MA20之上, MA60之上",2026-09-18
sz002708,光洋股份,17.03,93.97321428571429,1.093206083361036,53.00988319856245,拉升,50.0,"20日大涨53.0%, MA20之上, MA60之上",2026-09-18
sz002887,绿茵生态,9.09,4.202898550724626,0.9759682986066727,-1.4099783080260389,建仓初期,100.0,"位置分位4.2%（极低位）, MA20之下（低位）, MA60之下（低位）",2026-09-18
sz300448,浩云科技,5.49,24.55577492596249,0.7997566468497508,-4.438642297650128,建仓初期,50.0,"MA20之下（低位）, MA60之下（低位）, 连续3天缩量",2026-09-18
sz300708,聚灿光电,8.75,53.67847411444142,0.8272087484493174,11.464968152866247,洗盘,50.0,位置分位53.7%（中位）,2026-09-18
sz300876,蒙泰高新,14.52,26.700966912090827,0.955055022050035,-7.2204472843450525,建仓后期,66.66666666666666,位置分位26.7%（低位）,2026-09-18
sz300818,耐普矿机,17.03,14.162908680947023,0.8032717900163063,-11.348256116605933,建仓后期,66.66666666666666,位置分位14.2%（低位）,2026-09-18
sz001387,雪祺电气,11.5,27.58620689655171,0.8992087077947652,-5.11551155115511,建仓后期,66.66666666666666,位置分位27.6%（低位）,2026-09-18
sz301585,蓝宇股份,28.76,58.06451612903226,1.455808928727846,6.914498141263952,拉升,57.14285714285714,"20日涨6.9%, MA20之上, MA60之上, 价升量增",2026-09-18
sz300699,光威复材,23.55,7.2656140841134516,1.0959741913332095,-3.4440344403444025,建仓初期,100.0,"位置分位7.3%（极低位）, MA20之下（低位）, MA60之下（低位）",2026-09-18
sz300980,祥源新材,23.42,25.416381473876342,1.0024507073632616,3.6283185840707977,建仓后期,87.5,"位置分位25.4%（低位）, MA20之上",2026-09-18
sz002095,生 意 宝,16.16,67.02898550724636,1.19453750516859,14.609929078014188,洗盘,50.0,位置分位67.0%（中位）,2026-09-18
sz300736,百邦科技,32.62,47.20372836218375,0.8632546636732668,10.053981106612675,建仓后期,72.72727272727273,"位置分位47.2%（中低位）, 低位涨10.1%, 当日涨3.95%, MA20之上",2026-09-18
sz300054,鼎龙股份,72.58,40.02495710497582,1.2854492230940053,-1.706392199349953,建仓后期,45.45454545454545,"位置分位40.0%（中低位）, MA20之上, 价升量增",2026-09-18
sz002550,千红制药,6.43,34.38511326860841,1.254340524847726,-4.457652303120367,建仓后期,57.14285714285714,"位置分位34.4%（中低位）, 价升量增",2026-09-18
sz002041,登海种业,10.29,53.361344537815114,1.0670701726879923,11.123110151187898,洗盘,60.0,位置分位53.4%（中位）,2026-09-18
sz301609,山大电力,31.97,11.60370084811102,0.7085715796058254,-0.49797696856521534,建仓后期,66.66666666666666,位置分位11.6%（低位）,2026-09-18
sz301138,华研精机,27.8,30.794886047804333,1.152279215988195,4.002992891881782,建仓后期,50.0,位置分位30.8%（中低位）,2026-09-18
sz002484,江海股份,61.48,38.9710123618761,1.1034552924845438,-4.430281361728589,建仓后期,57.14285714285714,"位置分位39.0%（中低位）, MA20之上",2026-09-18
sz301046,能辉科技,32.31,94.542447629548,0.9663333990690337,47.87185354691076,拉升,50.0,"20日大涨47.9%, MA20之上, MA60之上",2026-09-18
sz301037,保立佳,12.06,29.368029739776958,0.7798547338296293,-10.732790525536634,建仓后期,54.54545454545454,位置分位29.4%（低位）,2026-09-18
sz003005,竞业达,14.68,32.03342618384401,0.8716191443156499,9.63405526512322,建仓后期,62.5,"位置分位32.0%（中低位）, 低位涨9.6%",2026-09-18
sz002963,豪尔赛,20.56,68.81303335919317,1.1197585308262974,17.754868270332175,拉升,64.70588235294117,"20日大涨17.8%, 当日大涨3.32%, MA20之上, MA60之上",2026-09-18
sz300910,瑞丰新材,27.76,17.014406358668662,1.0919002407668197,10.377733598409556,建仓后期,72.72727272727273,"位置分位17.0%（低位）, 低位涨10.4%",2026-09-18
sz002100,天康生物,7.6,67.82006920415226,0.7832660623304439,6.2937062937062835,洗盘,60.0,位置分位67.8%（中位）,2026-09-18
sz301126,达嘉维康,10.24,53.95833333333334,0.9792116870430124,0.6882989183874167,洗盘,85.71428571428571,位置分位54.0%（中位）,2026-09-18
sz002492,恒基达鑫,5.79,31.670822942643404,1.005113485768219,4.136690647482022,建仓后期,50.0,位置分位31.7%（中低位）,2026-09-18
sz000430,张家界,7.03,43.42105263157895,0.7369047839878313,6.354009077155823,洗盘,54.54545454545454,连续3天缩量,2026-09-18
sz002273,水晶光电,25.47,17.35057983942908,1.24855457969646,-6.975894813732653,建仓后期,90.9090909090909,"位置分位17.4%（低位）, 当日涨3.66%, MA20之上, 价升量增",2026-09-18
sz000657,中钨高新,61.76,24.021040327293978,0.8920426635191185,-9.363076019958912,建仓后期,66.66666666666666,位置分位24.0%（低位）,2026-09-18
sz002866,传艺科技,14.51,7.245508982035923,0.6972896776615557,-1.3596193065941609,建仓初期,100.0,"位置分位7.2%（极低位）, 低位缩量（量比0.70）, MA20之下（低位）, MA60之下（低位）",2026-09-18
sz000826,*ST启环,1.87,48.333333333333336,1.200641761792466,-4.59183673469387,建仓后期,50.0,位置分位48.3%（中低位）,2026-09-18
sz002987,京北方,10.84,33.14238952536823,0.9563277418053745,-2.1660649819494604,建仓后期,50.0,位置分位33.1%（中低位）,2026-09-18
sz001965,招商公路,9.92,79.65853658536585,0.7734170203607856,8.178844056706652,出货,57.14285714285714,"位置分位79.7%（中高位）, 价跌量缩",2026-09-18
sz300207,欣旺达,20.03,27.72413793103448,0.8737075055441673,11.215991116046638,建仓后期,100.0,"位置分位27.7%（低位）, 低位涨11.2%, MA20之上",2026-09-18
sz300295,*ST三六,11.94,64.4736842105263,1.7159343240242546,-5.087440381558033,拉升,64.70588235294117,"中位放量（量比1.72）, 当日大涨4.74%, MA60之上, 价升量增",2026-09-18
sz300641,正丹股份,13.72,7.308160779537168,0.9052870422329031,-1.6487455197132521,建仓初期,100.0,"位置分位7.3%（极低位）, MA20之下（低位）, MA60之下（低位）",2026-09-18
sz300890,翔丰华,26.59,20.41355037395513,0.6381025213624332,-0.709484690067219,建仓后期,53.84615384615385,"位置分位20.4%（低位）, MA20之上",2026-09-18
sz001205,盛航股份,14.46,67.50438340151962,1.0875842449697206,-0.06910850034554103,洗盘,85.71428571428571,位置分位67.5%（中位）,2026-09-18
sz300759,康龙化成,43.3,68.65079365079364,1.04058483982569,-9.754064193413923,洗盘,66.66666666666666,位置分位68.7%（中位）,2026-09-18
sz301279,金道科技,22.7,58.83605393896379,0.8034302260830828,11.329082883766546,洗盘,50.0,位置分位58.8%（中位）,2026-09-18
sz300656,民德电子,31.72,52.364864864864856,1.6887668468188743,17.699443413729128,拉升,77.77777777777779,"中位放量（量比1.69）, 20日大涨17.7%, 当日大涨10.99%, MA20之上, MA60之上, 连续3天放量, 价升量增",2026-09-18
sz300455,航天智装,17.24,7.544264819091586,1.3243313599906645,-2.7088036117381518,建仓初期,78.57142857142857,"位置分位7.5%（极低位）, MA20之下（低位）, MA60之下（低位）",2026-09-18
sz002238,天威视讯,6.25,41.350210970464154,0.8251067900537438,3.8205980066445258,建仓后期,50.0,位置分位41.4%（中低位）,2026-09-18
sz000677,ST海龙,1.8,10.421836228287845,0.7340588016814409,6.508875739644976,建仓后期,61.53846153846154,"位置分位10.4%（低位）, 低位涨6.5%",2026-09-18
sz000069,华侨城Ａ,1.83,35.13513513513514,2.061816683331569,3.3898305084745792,建仓后期,46.666666666666664,"位置分位35.1%（中低位）, 当日涨3.39%, MA20之上, 价升量增",2026-09-18
sz002498,汉缆股份,6.58,23.378582202111613,1.0711890292589872,4.944178628389163,建仓后期,100.0,"位置分位23.4%（低位）, 当日涨3.30%, MA20之上",2026-09-18
sz000576,甘化科工,8.28,58.76543209876542,0.7981036848062718,16.12903225806451,洗盘,52.94117647058824,"位置分位58.8%（中位）, 连续3天缩量",2026-09-18
sz000555,神州信息,10.4,14.717477003942193,1.0868641021954777,0.5802707930367553,建仓后期,66.66666666666666,位置分位14.7%（低位）,2026-09-18
sz301091,深城交,19.3,47.00940188037609,1.3807363328755935,5.869445968184313,建仓后期,70.0,"位置分位47.0%（中低位）, 低位涨5.9%, MA20之上, 价升量增",2026-09-18
sz001301,尚太科技,51.98,21.216156236129578,0.6317196289962451,-17.753164556962034,建仓初期,64.70588235294117,"低位缩量（量比0.63）, 低位跌-17.8%, MA20之下（低位）, MA60之下（低位）",2026-09-18
sz301566,达利凯普,26.79,37.88128606760098,0.9646844751492051,4.648437499999991,建仓后期,66.66666666666666,"位置分位37.9%（中低位）, 当日涨3.24%, MA20之上",2026-09-18
sz002885,京泉华,28.5,21.142443962400574,1.173659096039627,-0.9384775808133458,建仓后期,90.0,"位置分位21.1%（低位）, 当日涨3.45%, MA20之上",2026-09-18
sz002909,集泰股份,6.49,43.71482176360225,0.6054149544427068,24.329501915708825,洗盘,57.14285714285714,中位缩量（量比0.61）,2026-09-18
sz001206,依依股份,16.59,16.42585551330798,1.7011283798169043,1.954277286135702,建仓后期,92.85714285714286,"位置分位16.4%（低位）, 低位放量（量比1.70）, MA20之上, 价升量增",2026-09-18
sz300055,万邦达,5.9,11.213801601971658,0.7414089396127957,-2.3178807947019817,建仓后期,66.66666666666666,位置分位11.2%（低位）,2026-09-18
sz002941,新疆交建,10.54,21.348314606741564,0.8222155751719075,2.4295432458697768,建仓后期,75.0,位置分位21.3%（低位）,2026-09-18
sz300292,吴通控股,4.63,27.540106951871657,0.7139900761467963,10.765550239234454,建仓后期,81.81818181818183,"位置分位27.5%（低位）, 低位涨10.8%, MA20之上",2026-09-18
sz300816,艾可蓝,66.03,40.031960343084506,1.2213896006642861,28.46303501945526,建仓后期,76.92307692307693,"位置分位40.0%（中低位）, 低位涨28.5%, 当日涨3.37%, MA20之上, 价升量增",2026-09-18
sz002428,云南锗业,93.5,54.62717529099918,0.9587533100611314,-7.315622521808085,洗盘,66.66666666666666,位置分位54.6%（中位）,2026-09-18
sz000099,中信海直,12.95,2.800630141781903,0.8786378232893216,-5.680990531682455,建仓初期,100.0,"位置分位2.8%（极低位）, MA20之下（低位）, MA60之下（低位）",2026-09-18
sz300043,星辉娱乐,4.42,21.266968325791844,1.0319810522693222,-0.45045045045046084,建仓后期,66.66666666666666,位置分位21.3%（低位）,2026-09-18
sz301075,多瑞医药,65.07,42.361684558216346,1.4824952468366879,21.17318435754188,建仓后期,72.72727272727273,"位置分位42.4%（中低位）, 低位涨21.2%, MA20之上, 价升量增",2026-09-18
sz300048,合康新能,4.86,16.611295681063122,1.1729361048777607,-2.7999999999999936,建仓后期,66.66666666666666,位置分位16.6%（低位）,2026-09-18
sz002332,仙琚制药,8.55,49.523809523809575,0.9235772762611466,2.4934068568688588,建仓后期,50.0,位置分位49.5%（中低位）,2026-09-18
sz002466,天齐锂业,42.76,5.517241379310346,1.0465294172590272,-11.616370400992155,建仓初期,100.0,"位置分位5.5%（极低位）, MA20之下（低位）, MA60之下（低位）",2026-09-18
sz002564,天沃科技,4.89,36.363636363636346,0.9133893855824501,10.633484162895922,建仓后期,66.66666666666666,"位置分位36.4%（中低位）, 低位涨10.6%, MA20之上",2026-09-18
sz301196,唯科科技,92.18,31.660327593127047,1.3394222332465782,5.505322192972419,建仓后期,75.0,"位置分位31.7%（中低位）, 低位涨5.5%, 当日涨3.99%, MA20之上, 价升量增",2026-09-18
sz300005,探路者,11.37,15.371024734982331,0.9830365566118705,4.792626728110595,建仓后期,87.5,"位置分位15.4%（低位）, MA20之上",2026-09-18
sz000338,潍柴动力,27.23,35.575221238938056,1.2161092170940202,-6.618655692729766,建仓后期,45.45454545454545,"位置分位35.6%（中低位）, MA20之上, 价升量增",2026-09-18
sz000010,*ST美丽,1.58,5.921052631578952,0.7394939582819582,5.3333333333333375,建仓初期,87.5,"位置分位5.9%（极低位）, MA20之下（低位）, MA60之下（低位）, 连续3天缩量",2026-09-18
sz300558,贝达药业,47.22,12.665726375176305,1.3725669736291335,-7.737397420867528,建仓后期,70.0,"位置分位12.7%（低位）, 价升量增",2026-09-18
sz301459,丰茂股份,32.55,25.0362844702467,1.1735748320799126,3.8277511961722346,建仓后期,87.5,"位置分位25.0%（低位）, MA20之上",2026-09-18
sz300926,博俊科技,16.41,4.1940789473684195,0.8013331065093332,-4.5375218150087315,建仓初期,100.0,"位置分位4.2%（极低位）, MA20之下（低位）, MA60之下（低位）",2026-09-18
sz300919,中伟新材,38.03,8.324524312896417,0.9340849956634866,-6.029157400543607,建仓初期,100.0,"位置分位8.3%（极低位）, MA20之下（低位）, MA60之下（低位）",2026-09-18
sz300068,ST南都,4.34,6.581532416502947,0.5907017364060112,8.771929824561395,建仓初期,84.21052631578947,"位置分位6.6%（极低位）, 低位缩量（量比0.59）, 连续3天缩量",2026-09-18
sz000426,兴业银锡,35.47,35.16483516483516,1.0258189668819317,-12.999754721609037,建仓后期,50.0,位置分位35.2%（中低位）,2026-09-18
sz003018,金富科技,49.72,60.23003223100357,1.0278072526062743,15.574151557415144,拉升,57.14285714285714,"20日大涨15.6%, MA20之上, MA60之上",2026-09-18
sz003032,传智教育,8.98,48.74851013110847,1.1082644442534624,-16.542750929368026,建仓后期,33.33333333333333,位置分位48.7%（中低位）,2026-09-18
sz002340,格林美,6.23,3.7195994277539555,1.0040721153192294,-4.4478527607361835,建仓初期,100.0,"位置分位3.7%（极低位）, MA20之下（低位）, MA60之下（低位）",2026-09-18
sz300354,东华测试,27.13,12.097902097902097,1.0329858309395474,-6.929674099485419,建仓后期,87.5,"位置分位12.1%（低位）, MA20之上",2026-09-18
sz300095,华伍股份,9.18,44.64285714285713,1.2672376399361347,14.89361702127659,建仓后期,53.84615384615385,"位置分位44.6%（中低位）, 低位涨14.9%, MA20之上, 价升量增",2026-09-18
sz301601,惠通科技,14.97,9.09090909090909,1.2106121894014072,-7.363861386138611,建仓初期,91.66666666666666,"位置分位9.1%（极低位）, MA20之下（低位）, MA60之下（低位）",2026-09-18
sz002918,蒙娜丽莎,11.1,29.1151284490961,0.7389950138939176,9.575518262586364,建仓后期,75.0,"位置分位29.1%（低位）, 低位涨9.6%, MA20之上",2026-09-18
sz000977,浪潮信息,71.88,40.341047503045054,1.2014044707305636,-5.854616895874262,建仓后期,57.14285714285714,"位置分位40.3%（中低位）, 价升量增",2026-09-18
sz300209,行云科技,34.16,78.80384257824605,1.205963591623267,5.758513931888544,出货,60.0,位置分位78.8%（中高位）,2026-09-18
sz002951,金时科技,15.92,38.015373864430465,1.1326240071931666,-2.867602196461261,建仓后期,50.0,位置分位38.0%（中低位）,2026-09-18
sz300285,国瓷材料,67.16,45.087170854875545,0.7666821638806365,-1.0315355142941391,建仓后期,57.14285714285714,"位置分位45.1%（中低位）, MA20之上",2026-09-18
sz002925,盈趣科技,24.55,76.60818713450293,0.741368678697575,9.794275491949916,拉升,50.0,"20日涨9.8%, MA20之上, MA60之上",2026-09-18
sz300151,昌红科技,20.7,53.93623942745608,0.6913148190178547,22.630331753554504,洗盘,57.89473684210527,"位置分位53.9%（中位）, 中位缩量（量比0.69）",2026-09-18
sz000608,阳光股份,7.1,75.67567567567568,0.9178609616445915,-5.710491367861894,出货,85.71428571428571,位置分位75.7%（中高位）,2026-09-18
sz301129,瑞纳智能,23.43,49.47453516572352,1.4232891335382558,-8.29745596868885,建仓后期,62.5,"位置分位49.5%（中低位）, MA20之上, 价升量增",2026-09-18
sz300339,润和软件,34.77,7.905888305610019,1.282513871663844,-4.029809550096588,建仓初期,91.66666666666666,"位置分位7.9%（极低位）, MA20之下（低位）, MA60之下（低位）",2026-09-18
sz300790,宇瞳光学,19.99,35.28619528619527,0.9761879265194069,-1.0396039603960439,建仓后期,57.14285714285714,"位置分位35.3%（中低位）, MA20之上",2026-09-18
sz300287,飞利信,3.53,23.584905660377352,0.8531492561265632,0.284090909090903,建仓后期,66.66666666666666,位置分位23.6%（低位）,2026-09-18
sz301047,义翘神州,114.07,68.78683693516699,1.2354276605764936,-3.981481481481485,拉升,57.14285714285714,"当日大涨5.46%, MA20之上, MA60之上, 价升量增",2026-09-18
sz002372,伟星新材,8.08,17.00863930885529,0.9922496903274034,-2.4154589371980593,建仓后期,66.66666666666666,位置分位17.0%（低位）,2026-09-18
sz002023,海特高新,9.49,22.385620915032693,1.3388744555389953,-6.317867719644625,建仓后期,70.0,"位置分位22.4%（低位）, 价升量增",2026-09-18
sz002863,今飞凯达,4.69,38.76404494382024,0.9965308406781168,-0.21276595744680396,建仓后期,50.0,位置分位38.8%（中低位）,2026-09-18
sz000690,宝新能源,5.31,47.08737864077668,1.1417498983854757,11.320754716981133,建仓后期,66.66666666666666,"位置分位47.1%（中低位）, 低位涨11.3%, MA20之上",2026-09-18
sz000969,安泰科技,17.26,19.68992248062016,1.0386381818720554,3.477218225419675,建仓后期,87.5,"位置分位19.7%（低位）, MA20之上",2026-09-18
sz301021,英诺激光,93.0,47.6619906479626,0.9496418935422919,22.69129287598945,建仓后期,70.0,"位置分位47.7%（中低位）, 低位涨22.7%, MA20之上",2026-09-18
sz002762,金发拉比,10.18,75.98343685300208,1.1218331794523189,-0.48875855327468926,出货,66.66666666666666,位置分位76.0%（中高位）,2026-09-18
sz300735,光弘科技,18.08,8.808933002481357,0.8949561483314531,-10.361923648983655,建仓初期,100.0,"位置分位8.8%（极低位）, MA20之下（低位）, MA60之下（低位）",2026-09-18
sz300069,金利华电,25.25,20.43322912014292,1.0333043343439912,-6.481481481481481,建仓后期,66.66666666666666,位置分位20.4%（低位）,2026-09-18
sz301397,溯联股份,23.23,15.15265736901622,1.4440288750307055,-8.579299488390395,建仓后期,75.0,"位置分位15.2%（低位）, 当日涨4.17%, 价升量增",2026-09-18
sz002051,中工国际,8.86,15.319865319865306,1.1535460704174108,5.980861244019139,建仓后期,90.0,"位置分位15.3%（低位）, 低位涨6.0%, MA20之上",2026-09-18
sz000725,京东方Ａ,5.92,36.81609601129544,1.59333033369452,-1.3333333333333344,拉升,50.0,"中位放量（量比1.59）, 连续3天放量",2026-09-18
sz002915,中欣氟材,17.38,26.53247941445561,1.0955502948277074,2.7794204612655165,建仓后期,66.66666666666666,位置分位26.5%（低位）,2026-09-18
sz300891,惠云钛业,7.66,59.705882352941195,1.4609393125849326,5.0754458161865585,拉升,57.14285714285714,"20日涨5.1%, MA20之上, MA60之上, 价升量增",2026-09-18
sz300882,万胜智能,13.45,7.777777777777777,1.1589429720303024,-6.597222222222229,建仓初期,100.0,"位置分位7.8%（极低位）, MA20之下（低位）, MA60之下（低位）",2026-09-18
sz000523,红棉股份,3.39,38.695652173913054,0.8217603897932098,6.6037735849056585,建仓后期,62.5,"位置分位38.7%（中低位）, 低位涨6.6%",2026-09-18
sz002899,英派斯,19.65,14.98357963875204,0.8018353454436045,0.25510204081631205,建仓后期,87.5,"位置分位15.0%（低位）, MA20之上",2026-09-18
sz300687,赛意信息,29.07,58.86109632783396,1.7410009939045157,8.30849478390462,拉升,72.72727272727273,"中位放量（量比1.74）, 20日涨8.3%, 当日大涨7.11%, MA20之上, MA60之上, 价升量增",2026-09-18
sz002140,东华科技,9.19,15.195071868583163,0.8551889273858545,1.1001100110010962,建仓后期,75.0,位置分位15.2%（低位）,2026-09-18
sz002850,科达利,173.0,13.130364806866943,0.9678043785046145,-5.886193014905883,建仓后期,66.66666666666666,位置分位13.1%（低位）,2026-09-18
sz300808,久量股份,22.66,51.26300148588411,0.8719324591107696,18.143899895724715,拉升,64.70588235294117,"20日大涨18.1%, 当日大涨3.28%, MA20之上, MA60之上",2026-09-18
sz003007,直真科技,40.0,37.00816629547142,1.1810123465475393,7.209863307424276,建仓后期,66.66666666666666,"位置分位37.0%（中低位）, 低位涨7.2%, MA20之上",2026-09-18
sz000557,西部创业,3.67,21.527777777777782,1.0642834564211616,1.3812154696132548,建仓后期,75.0,位置分位21.5%（低位）,2026-09-18
sz001386,马可波罗,15.95,35.41666666666665,1.074656574017809,2.2435897435897414,建仓后期,50.0,位置分位35.4%（中低位）,2026-09-18
sz300867,圣元环保,17.79,32.54502061184639,1.1405044828268178,-2.1452145214521483,建仓后期,57.14285714285714,"位置分位32.5%（中低位）, MA20之上",2026-09-18
sz000151,中成股份,10.14,23.451327433628318,1.0003140213659305,0.5952380952381001,建仓后期,75.0,位置分位23.5%（低位）,2026-09-18
sz300693,盛弘股份,38.7,18.81264258798801,1.1511209652539758,-9.093044560851272,建仓后期,66.66666666666666,位置分位18.8%（低位）,2026-09-18
sz002094,青岛金王,5.12,36.882129277566534,1.2535659772649663,11.062906724511926,建仓后期,66.66666666666666,"位置分位36.9%（中低位）, 低位涨11.1%, 价升量增",2026-09-18
sz300535,达威股份,15.25,39.66844286560095,0.8530182443927335,-10.922897196261687,建仓后期,50.0,位置分位39.7%（中低位）,2026-09-18
sz000488,ST晨鸣,1.99,14.285714285714276,0.8808636149913798,5.85106382978724,建仓后期,100.0,"位置分位14.3%（低位）, 低位涨5.9%, MA20之上",2026-09-18
sz000695,滨海能源,13.06,32.24637681159421,1.0203788906910287,-4.810495626822158,建仓后期,50.0,位置分位32.2%（中低位）,2026-09-18
sz301078,孩子王,6.95,17.548906789413124,1.0183780680104209,0.14409221902016983,建仓后期,66.66666666666666,位置分位17.5%（低位）,2026-09-18
sz002233,塔牌集团,7.13,9.01269971323227,0.8341797099031273,1.1347517730496466,建仓初期,100.0,"位置分位9.0%（极低位）, MA20之下（低位）, MA60之下（低位）",2026-09-18
sz001233,海安集团,45.58,18.35913312693498,2.741725768321513,3.426367143181298,建仓后期,100.0,"位置分位18.4%（低位）, 低位放量（量比2.74）, 当日涨9.99%, MA20之上, 价升量增",2026-09-18
sz002879,长缆科技,16.47,41.44780823226052,0.9710627639073606,3.5849056603773493,建仓后期,50.0,位置分位41.4%（中低位）,2026-09-18
sz301012,扬电科技,22.67,11.575428332636871,1.8115080223154434,-10.217821782178211,建仓后期,80.0,"位置分位11.6%（低位）, 低位放量（量比1.81）, 价升量增",2026-09-18
sz000721,西安饮食,6.18,27.631578947368407,0.926446862042869,-3.738317757009349,建仓后期,66.66666666666666,位置分位27.6%（低位）,2026-09-18
sz300591,万里马,6.65,39.306358381502896,1.273504337477452,-0.29985007496251237,建仓后期,57.14285714285714,"位置分位39.3%（中低位）, 价升量增",2026-09-18
sz002350,北京科锐,14.49,37.75411423039691,1.3179702271258644,0.2768166089965462,建仓后期,50.0,位置分位37.8%（中低位）,2026-09-18
sz300873,海晨股份,16.58,15.102860010035112,2.0361740763813803,7.662337662337649,建仓后期,94.44444444444444,"位置分位15.1%（低位）, 低位放量（量比2.04）, 低位涨7.7%, 当日涨11.80%, MA20之上, 价升量增",2026-09-18
sz300982,苏文电能,14.17,7.372072853425841,0.8015788674662213,-4.127198917456018,建仓初期,100.0,"位置分位7.4%（极低位）, MA20之下（低位）, MA60之下（低位）",2026-09-18
sz002614,奥佳华,5.68,69.19191919191918,1.3582477365920995,11.811023622047237,拉升,57.14285714285714,"20日涨11.8%, MA20之上, MA60之上, 价升量增",2026-09-18
sz002145,钛能化学,4.6,54.79009687836381,1.2863012088270718,6.976744186046507,拉升,64.70588235294117,"20日涨7.0%, MA20之上, MA60之上, 连续3天放量, 价升量增",2026-09-18
sz002223,鱼跃医疗,26.21,26.669950738916263,0.7343568426495206,4.53475850516492,建仓后期,87.5,"位置分位26.7%（低位）, MA20之上",2026-09-18
sz300522,世名科技,14.62,28.747566515249833,1.1431132595583677,-1.3495276653171462,建仓后期,87.5,"位置分位28.7%（低位）, MA20之上",2026-09-18
sz301396,宏景科技,179.72,30.59588600441655,1.586582921950764,-3.4075029560356893,建仓后期,38.46153846153847,"位置分位30.6%（中低位）, MA20之上, 价升量增",2026-09-18
sz002649,博彦科技,9.28,36.38497652582157,1.3793474598480027,-2.521008403361347,建仓后期,57.14285714285714,"位置分位36.4%（中低位）, 价升量增",2026-09-18
sz300445,康斯特,19.0,31.24440465532677,0.8999856778292797,3.8251366120218537,建仓后期,57.14285714285714,"位置分位31.2%（中低位）, MA20之上",2026-09-18
sz000859,国风新材,9.44,52.504317789291875,0.6426853914172832,6.426155580608797,洗盘,64.70588235294117,"位置分位52.5%（中位）, 中位缩量（量比0.64）",2026-09-18
sz000055,方大集团,3.75,47.32824427480915,1.2017736547143505,5.633802816901413,建仓后期,53.84615384615385,"位置分位47.3%（中低位）, 低位涨5.6%, MA20之上, 价升量增",2026-09-18
sz300900,广联航空,23.57,12.253086419753084,1.2110347833305664,6.941923774954634,建仓后期,90.9090909090909,"位置分位12.3%（低位）, 低位涨6.9%, MA20之上, 价升量增",2026-09-18
sz000652,泰达股份,3.35,8.870967741935472,0.8267232577912389,-2.3323615160349873,建仓初期,100.0,"位置分位8.9%（极低位）, MA20之下（低位）, MA60之下（低位）",2026-09-18
sz301112,信邦智能,29.85,38.80903490759755,0.867790207758245,-2.3871811641595713,建仓后期,50.0,位置分位38.8%（中低位）,2026-09-18
sz300294,博雅生物,14.4,13.530354281645,1.7873247375466779,-5.138339920948613,建仓后期,80.0,"位置分位13.5%（低位）, 低位放量（量比1.79）, 价升量增",2026-09-18
sz002373,千方科技,7.33,14.249525015832809,1.1823949698790444,-1.8741633199464485,建仓后期,66.66666666666666,位置分位14.2%（低位）,2026-09-18
sz002725,跃岭股份,11.06,21.526853084775862,0.9974490218489622,-2.0372010628874992,建仓后期,66.66666666666666,位置分位21.5%（低位）,2026-09-18
sz002401,中远海科,12.09,20.567667626491158,1.0721552184306415,-1.1447260834014765,建仓后期,75.0,位置分位20.6%（低位）,2026-09-18
sz300698,万马科技,27.13,24.748398902104302,1.9140455722736753,9.087253719340563,建仓后期,100.0,"位置分位24.7%（低位）, 低位放量（量比1.91）, 低位涨9.1%, 当日涨4.55%, MA20之上, 价升量增",2026-09-18
sz002448,中原内配,11.28,21.456436931079306,1.0662591551556448,-11.598746081504705,建仓后期,66.66666666666666,位置分位21.5%（低位）,2026-09-18
sz300870,欧陆通,213.2,21.280743229231472,1.4735217964793434,1.1913237457876458,建仓后期,90.9090909090909,"位置分位21.3%（低位）, 当日涨5.69%, MA20之上, 价升量增",2026-09-18
sz300611,美力科技,26.97,57.400722021660634,1.0746233040158177,17.670157068062814,拉升,57.14285714285714,"20日大涨17.7%, MA20之上, MA60之上",2026-09-18
sz002135,东南网架,6.1,17.63341067285382,0.8518171302691075,2.693602693602681,建仓后期,66.66666666666666,位置分位17.6%（低位）,2026-09-18
sz000570,苏常柴Ａ,5.26,30.15075376884421,1.137054218091908,4.780876494023909,建仓后期,57.14285714285714,"位置分位30.2%（中低位）, MA20之上",2026-09-18
sz300003,乐普医疗,11.45,7.18132854578096,1.0931973283125542,-5.916187345932626,建仓初期,100.0,"位置分位7.2%（极低位）, MA20之下（低位）, MA60之下（低位）",2026-09-18
sz002032,苏 泊 尔,40.13,21.582733812949662,0.8217419564510887,-1.930596285434993,建仓后期,87.5,"位置分位21.6%（低位）, MA20之上",2026-09-18
sz003041,真爱美家,42.02,25.711356062548074,2.221278340851837,5.551369002763127,建仓后期,100.0,"位置分位25.7%（低位）, 低位放量（量比2.22）, 低位涨5.6%, 当日涨10.00%, MA20之上, 价升量增",2026-09-18
sz300733,西菱动力,13.6,48.23097463284377,2.2247586258513588,-3.6144578313252995,建仓后期,38.46153846153847,"位置分位48.2%（中低位）, MA20之上, 价升量增",2026-09-18
sz001230,劲旅环境,18.76,41.99785177228788,0.8627467867691387,-12.048757618377858,建仓后期,50.0,位置分位42.0%（中低位）,2026-09-18
sz300834,星辉环材,39.94,54.05175348995572,1.1356365276018294,1.4735772357723533,洗盘,66.66666666666666,位置分位54.1%（中位）,2026-09-18
sz000035,中国天楹,4.77,17.13355048859934,0.8980482219597777,4.3763676148796335,建仓后期,75.0,位置分位17.1%（低位）,2026-09-18
sz002956,西麦食品,17.8,28.826933193056288,1.3807566506759703,5.014749262536881,建仓后期,92.85714285714286,"位置分位28.8%（低位）, 低位涨5.0%, MA20之上, 连续3天放量, 价升量增",2026-09-18
sz301606,绿联科技,55.07,20.081743869209802,1.1553629281086084,8.855505040521836,建仓后期,100.0,"位置分位20.1%（低位）, 低位涨8.9%, 当日涨4.28%, MA20之上",2026-09-18
sz301658,首航新能,22.26,4.354794810536188,1.4832731270614103,-6.075949367088598,建仓初期,78.57142857142857,"位置分位4.4%（极低位）, MA20之下（低位）, MA60之下（低位）",2026-09-18
sz301331,恩威医药,20.62,16.000731462009696,0.9905275049969584,-6.823316764572969,建仓后期,66.66666666666666,位置分位16.0%（低位）,2026-09-18
sz000912,泸天化,4.03,32.089552238805986,0.8087787248756373,7.466666666666673,建仓后期,62.5,"位置分位32.1%（中低位）, 低位涨7.5%",2026-09-18
sz002972,科安达,13.12,22.04387990762124,0.9497406402882772,-1.6565474851960131,建仓后期,87.5,"位置分位22.0%（低位）, MA20之上",2026-09-18
sz002301,齐心集团,7.81,64.95726495726491,1.1159314156773037,6.986301369863011,洗盘,60.0,位置分位65.0%（中位）,2026-09-18
sz300096,ST易联众,9.23,54.276315789473706,1.6338091815845637,-3.9542143600416138,拉升,68.42105263157895,"中位放量（量比1.63）, 当日大涨6.21%, MA20之上, MA60之上, 价升量增",2026-09-18
sz002186,全 聚 德,9.29,37.820512820512796,1.0328516787080324,-0.747863247863251,建仓后期,50.0,位置分位37.8%（中低位）,2026-09-18
sz301123,奕东电子,80.41,36.43316741532111,1.0432778007084833,6.573889993373086,建仓后期,66.66666666666666,"位置分位36.4%（中低位）, 低位涨6.6%, MA20之上",2026-09-18
sz000428,华天酒店,4.15,46.98795180722893,0.9921092604930046,4.271356783919607,建仓后期,50.0,位置分位47.0%（中低位）,2026-09-18
sz000056,*ST皇庭,2.5,70.62146892655367,0.9748453093493424,24.378109452736332,拉升,57.14285714285714,"20日大涨24.4%, MA20之上, MA60之上",2026-09-18
sz301000,肇民科技,24.57,15.172786177105824,1.6607052935954605,2.8463792381749675,建仓后期,92.85714285714286,"位置分位15.2%（低位）, 低位放量（量比1.66）, MA20之上, 价升量增",2026-09-18
sz002905,金逸影视,8.56,39.27855711422848,1.1174287029974093,10.451612903225813,建仓后期,66.66666666666666,"位置分位39.3%（中低位）, 低位涨10.5%, MA20之上",2026-09-18
sz002240,盛新锂能,27.12,6.564608199273484,0.9684736982226608,-19.644444444444442,建仓初期,100.0,"位置分位6.6%（极低位）, 低位跌-19.6%, MA20之下（低位）, MA60之下（低位）",2026-09-18
sz002783,凯龙股份,7.76,35.59870550161811,0.8538392872180958,-0.7672634271099807,建仓后期,50.0,位置分位35.6%（中低位）,2026-09-18
sz300232,洲明科技,5.39,28.346456692913375,1.147906990797493,3.8535645472061515,建仓后期,75.0,位置分位28.3%（低位）,2026-09-18
sz002036,联创电子,6.32,8.34990059642147,1.4308193918750465,-3.6585365853658436,建仓初期,100.0,"位置分位8.3%（极低位）, MA20之下（低位）, MA60之下（低位）",2026-09-18
sz300381,溢多利,5.54,7.894736842105253,0.8579175643119679,-11.92368839427663,建仓初期,100.0,"位置分位7.9%（极低位）, MA20之下（低位）, MA60之下（低位）",2026-09-18
sz300748,金力永磁,25.36,12.039660056657219,1.0479181116285452,-8.015959376133482,建仓后期,66.66666666666666,位置分位12.0%（低位）,2026-09-18
sz301616,浙江华业,34.79,16.884373488147066,0.970583669667805,0.899071925754067,建仓后期,75.0,位置分位16.9%（低位）,2026-09-18
sz002990,盛视科技,50.32,41.50626051205382,1.128498649643997,0.5394605394605457,建仓后期,57.14285714285714,"位置分位41.5%（中低位）, MA20之上",2026-09-18
sz002611,东方精工,13.97,10.931174089068833,1.102934526252809,-6.5551839464882855,建仓后期,66.66666666666666,位置分位10.9%（低位）,2026-09-18
sz002983,芯瑞达,21.97,46.37415702272916,0.8696238034874784,12.436028659160694,建仓后期,66.66666666666666,"位置分位46.4%（中低位）, 低位涨12.4%, MA20之上",2026-09-18
sz301296,新巨丰,6.24,22.566371681415923,1.223027895158007,-1.8867924528301903,建仓后期,66.66666666666666,位置分位22.6%（低位）,2026-09-18
sz301260,格力博,11.63,5.751633986928121,1.6002805215799547,-13.65998515219005,建仓初期,64.70588235294117,"位置分位5.8%（极低位）, MA20之下（低位）, MA60之下（低位）",2026-09-18
sz002307,北新路桥,2.99,9.090909090909108,0.9590778330626062,3.8194444444444557,建仓初期,100.0,"位置分位9.1%（极低位）, MA20之下（低位）, MA60之下（低位）",2026-09-18
sz001225,和泰机电,46.73,45.077467366109545,1.1694434981883497,-0.38371349392453574,建仓后期,57.14285714285714,"位置分位45.1%（中低位）, MA20之上",2026-09-18
sz300260,新莱应材,64.27,32.94081189959715,1.3986126087539152,10.6196213425129,建仓后期,60.0,"位置分位32.9%（中低位）, 低位涨10.6%, 当日涨6.58%, MA20之上, 价升量增",2026-09-18
sz300602,飞荣达,39.08,42.30929553980825,1.0690647148209584,-5.9898965600192495,建仓后期,50.0,位置分位42.3%（中低位）,2026-09-18
sz002601,龙佰集团,15.29,35.98233995584986,1.0558680533749172,-3.043753963221309,建仓后期,50.0,位置分位36.0%（中低位）,2026-09-18
sz300696,爱乐达,20.3,10.33256795792904,1.1726340561438897,0.34602076124567616,建仓后期,66.66666666666666,位置分位10.3%（低位）,2026-09-18
sz000957,中通客车,9.86,26.38461538461538,0.7004587640549695,-3.9922103213242464,建仓后期,54.54545454545454,位置分位26.4%（低位）,2026-09-18
sz002638,勤上股份,4.24,57.14285714285715,0.9314829707747831,2.6634382566586035,洗盘,85.71428571428571,位置分位57.1%（中位）,2026-09-18
sz300682,朗新科技,8.88,0.9102730819245811,1.4144601811184325,-5.026737967914427,建仓初期,100.0,"位置分位0.9%（极低位）, MA20之下（低位）, MA60之下（低位）",2026-09-18
sz001277,速达股份,29.97,33.355704697986575,1.0718648358279248,-15.41066892464014,建仓后期,33.33333333333333,位置分位33.4%（中低位）,2026-09-18
sz300701,森霸传感,9.85,40.43956043956043,0.8756219271105101,1.3374485596707717,建仓后期,50.0,位置分位40.4%（中低位）,2026-09-18
sz002437,誉衡药业,3.47,40.293040293040306,1.2157147902043488,-20.229885057471254,建仓后期,40.0,"位置分位40.3%（中低位）, 价升量增",2026-09-18
sz301229,纽泰格,11.42,11.084337349397588,0.9222914346395917,-5.697770437654827,建仓后期,66.66666666666666,位置分位11.1%（低位）,2026-09-18
sz001299,美能能源,9.85,20.840630472854635,0.5268479440744668,-2.7640671273445325,建仓初期,64.70588235294117,"低位缩量（量比0.53）, MA20之下（低位）, MA60之下（低位）, 连续3天缩量",2026-09-18
sz300236,上海新阳,92.0,31.46218077649784,1.0560042604665103,3.7204058624577194,建仓后期,57.14285714285714,"位置分位31.5%（中低位）, MA20之上",2026-09-18
sz300476,胜宏科技,227.05,21.880562477750093,1.2457161690728462,-10.51864112871443,建仓后期,76.92307692307693,"位置分位21.9%（低位）, 连续3天放量, 价升量增",2026-09-18
sz300253,卫宁健康,6.76,7.923497267759562,1.4621709075758544,-5.718270571827059,建仓初期,91.66666666666666,"位置分位7.9%（极低位）, MA20之下（低位）, MA60之下（低位）",2026-09-18
sz002857,三晖电气,17.24,35.53719008264461,0.7956099042989517,-8.102345415778267,建仓后期,50.0,位置分位35.5%（中低位）,2026-09-18
sz001266,宏英智能,33.91,25.28882321332616,1.334471662179024,-1.3670738801629028,建仓后期,88.88888888888889,"位置分位25.3%（低位）, MA20之上, 价升量增",2026-09-18
sz300860,锋尚文化,28.43,54.2372881355932,0.7432190700817555,4.406904149834738,洗盘,85.71428571428571,位置分位54.2%（中位）,2026-09-18
sz000980,众泰汽车,2.29,55.9748427672956,0.8883443250693093,37.951807228915676,拉升,57.14285714285714,"20日大涨38.0%, MA20之上, MA60之上",2026-09-18
sz002997,瑞鹄模具,26.66,21.454219030520658,0.46851946051829135,-4.819707247411643,建仓初期,62.5,"低位缩量（量比0.47）, MA20之下（低位）, MA60之下（低位）, 价跌量缩",2026-09-18
sz002709,天赐材料,33.36,5.0602409638554215,1.0753445596366853,-11.885895404120445,建仓初期,100.0,"位置分位5.1%（极低位）, MA20之下（低位）, MA60之下（低位）",2026-09-18
sz000959,首钢股份,3.48,18.38565022421525,0.9933587706512385,0.28818443804033966,建仓后期,66.66666666666666,位置分位18.4%（低位）,2026-09-18
sz300922,天秦装备,18.01,39.612403100775204,0.6028062666804468,5.5067369654364455,洗盘,68.75,"中位缩量（量比0.60）, 连续3天缩量",2026-09-18
sz002226,江南化工,5.1,38.11158798283261,1.0761341670131,1.9999999999999927,建仓后期,50.0,位置分位38.1%（中低位）,2026-09-18
sz300951,博硕科技,93.15,94.78919217152755,0.9159378781149009,31.252641961392147,拉升,50.0,"20日大涨31.3%, MA20之上, MA60之上",2026-09-18
sz002613,北玻股份,3.62,26.181818181818183,1.4507467298813055,6.470588235294124,建仓后期,100.0,"位置分位26.2%（低位）, 低位涨6.5%, MA20之上",2026-09-18
sz001226,拓山重工,46.0,54.42978322337416,0.9949774658624634,-2.686693463084415,洗盘,85.71428571428571,位置分位54.4%（中位）,2026-09-18
sz001379,腾达科技,15.56,17.80973451327435,1.1340956985248543,-3.3540372670807503,建仓后期,66.66666666666666,位置分位17.8%（低位）,2026-09-18
sz301077,星华新材,22.1,20.75379344101812,1.2009419152276295,4.988123515439433,建仓后期,100.0,"位置分位20.8%（低位）, MA20之上, 价升量增",2026-09-18
sz002753,永东股份,6.72,48.065173116089596,0.6961889865604801,0.7496251874062941,洗盘,72.72727272727273,中位缩量（量比0.70）,2026-09-18
sz300625,三雄极光,9.75,36.73965936739659,0.7860307208214301,-0.4085801838610741,建仓后期,57.14285714285714,"位置分位36.7%（中低位）, MA20之上",2026-09-18
sz002607,中公教育,1.9,20.53571428571428,1.1224053768774456,-5.940594059405946,建仓后期,66.66666666666666,位置分位20.5%（低位）,2026-09-18
sz300133,华策影视,7.17,20.0897627698226,0.9964461951031621,3.7626628075253223,建仓后期,75.0,位置分位20.1%（低位）,2026-09-18
sz002120,韵达股份,6.97,43.998087039693914,1.8194303358278232,5.606060606060608,建仓后期,46.666666666666664,"位置分位44.0%（中低位）, 低位涨5.6%, MA20之上, 价升量增",2026-09-18
sz002774,快意电梯,17.89,96.23786407766993,1.252518800514406,9.687308399754764,拉升,50.0,"20日涨9.7%, 当日大涨4.68%, MA20之上, MA60之上, 价升量增",2026-09-18
sz300223,君正股份,142.97,22.385258488312576,1.7399338246643001,3.2423454650491115,建仓后期,93.75,"位置分位22.4%（低位）, 低位放量（量比1.74）, 当日涨5.86%, MA20之上, 价升量增",2026-09-18
sz002561,徐家汇,7.4,60.08968609865476,0.6216508637966104,11.111111111111114,洗盘,70.0,"位置分位60.1%（中位）, 中位缩量（量比0.62）, 连续3天缩量",2026-09-18
sz000713,国投丰乐,6.53,55.96707818930044,0.895795936579967,11.05442176870749,洗盘,60.0,位置分位56.0%（中位）,2026-09-18
sz001696,宗申动力,15.42,15.201314708299096,0.8066018265985349,0.7843137254901908,建仓后期,66.66666666666666,位置分位15.2%（低位）,2026-09-18
sz002234,民和股份,7.79,53.024911032028484,0.9228483178896402,-1.8891687657430773,洗盘,85.71428571428571,位置分位53.0%（中位）,2026-09-18
sz002059,云南旅游,4.55,20.229007633587795,0.8972607050412135,0.6637168141592976,建仓后期,66.66666666666666,位置分位20.2%（低位）,2026-09-18
sz001219,青岛食品,12.47,26.60944206008584,0.8113546490603893,-1.1102299762093482,建仓后期,75.0,位置分位26.6%（低位）,2026-09-18
sz301449,天溯计量,41.34,38.67815701974622,1.7728031619475961,0.8292682926829352,建仓后期,42.857142857142854,"位置分位38.7%（中低位）, 当日涨5.59%, 价升量增",2026-09-18
sz300266,兴源环境,1.86,20.535714285714302,0.8576440565097497,0.0,建仓后期,75.0,位置分位20.5%（低位）,2026-09-18
sz300948,冠中生态,18.95,24.673109721432628,1.0526548455228646,-7.470703125000005,建仓后期,66.66666666666666,位置分位24.7%（低位）,2026-09-18
sz000419,通程控股,4.98,38.76404494382024,0.9107006019936111,1.632653061224491,建仓后期,50.0,位置分位38.8%（中低位）,2026-09-18
sz300008,天海防务,6.45,32.26976069615666,0.906229728277668,5.737704918032796,建仓后期,66.66666666666666,"位置分位32.3%（中低位）, 低位涨5.7%, MA20之上",2026-09-18
sz002810,山东赫达,20.95,27.94767244308528,0.7729438815107095,-0.04770992366412959,建仓后期,66.66666666666666,位置分位27.9%（低位）,2026-09-18
sz300623,捷捷微电,35.3,55.8848797250859,1.7560989214185072,19.17623227548952,拉升,77.77777777777779,"中位放量（量比1.76）, 20日大涨19.2%, 当日大涨7.26%, MA20之上, MA60之上, 连续3天放量, 价升量增",2026-09-18
sz300351,永贵电器,14.35,19.76058193481871,1.0689282672372604,3.5353535353535372,建仓后期,100.0,"位置分位19.8%（低位）, MA20之上",2026-09-18
sz002467,二六三,4.55,13.022113022113027,0.8366676226791231,1.1111111111111072,建仓后期,66.66666666666666,位置分位13.0%（低位）,2026-09-18
sz300121,阳谷华泰,9.6,13.615023474178395,0.6261573842901044,-0.10405827263267209,建仓初期,57.14285714285714,"低位缩量（量比0.63）, MA20之下（低位）, MA60之下（低位）",2026-09-18
sz301206,三元生物,23.4,26.56807751147373,0.7342758949362822,-2.255639097744372,建仓初期,57.14285714285714,"MA20之下（低位）, MA60之下（低位）, 连续3天缩量, 价跌量缩",2026-09-18
sz002304,洋河股份,38.06,7.523739956172398,1.1676221998936107,-1.9830028328611797,建仓初期,100.0,"位置分位7.5%（极低位）, MA20之下（低位）, MA60之下（低位）",2026-09-18
sz001207,联科科技,18.01,49.09943251912166,0.8856641703779266,7.779772591262721,建仓后期,66.66666666666666,"位置分位49.1%（中低位）, 低位涨7.8%, MA20之上",2026-09-18
sz002209,达 意 隆,13.0,44.831880448318806,0.9010464058234758,-1.2158054711246211,建仓后期,50.0,位置分位44.8%（中低位）,2026-09-18
sz300276,三丰智能,6.0,3.211991434689515,1.2083011592194493,-4.610492845786964,建仓初期,91.66666666666666,"位置分位3.2%（极低位）, MA20之下（低位）, MA60之下（低位）",2026-09-18
sz002422,科伦药业,39.77,42.126334519572964,1.5409961295579548,-11.366168932471572,拉升,45.45454545454545,中位放量（量比1.54）,2026-09-18
sz300525,博思软件,7.72,14.852899171665223,1.0218116764716,-4.92610837438423,建仓后期,66.66666666666666,位置分位14.9%（低位）,2026-09-18
sz301190,善水科技,18.62,36.3728214195504,0.7260638491235468,-5.673758865248215,洗盘,66.66666666666666,连续3天缩量,2026-09-18
sz301182,凯旺科技,71.28,34.18959447124788,1.34670662719645,4.669603524229085,建仓后期,62.5,"位置分位34.2%（中低位）, MA20之上, 价升量增",2026-09-18
sz300684,中石科技,97.89,86.56374197493119,0.9163764442779,16.397146254458985,拉升,57.89473684210527,"20日大涨16.4%, 当日大涨4.37%, MA20之上, MA60之上",2026-09-18
sz002622,皓宸医疗,2.47,59.04761904761907,1.1945819555142017,-1.593625498007952,洗盘,85.71428571428571,位置分位59.0%（中位）,2026-09-18
sz000988,华工科技,107.8,18.03345991994252,1.11896709894202,0.9552350627458288,建仓后期,87.5,"位置分位18.0%（低位）, MA20之上",2026-09-18
sz300358,楚天科技,8.62,31.632653061224463,2.2021013974373598,-4.22222222222223,建仓后期,46.666666666666664,"位置分位31.6%（中低位）, 当日涨5.25%, MA20之上, 价升量增",2026-09-18
sz301127,武汉天源,17.14,55.624483043837905,1.2229269037630595,-8.926673751328371,洗盘,75.0,位置分位55.6%（中位）,2026-09-18
sz000404,长虹华意,6.88,11.356466876971618,0.8364580164283542,-2.1337126600284546,建仓后期,66.66666666666666,位置分位11.4%（低位）,2026-09-18
sz300252,金信诺,12.71,30.9873949579832,0.7476091708010649,9.286328460877042,建仓后期,66.66666666666666,"位置分位31.0%（中低位）, 低位涨9.3%, MA20之上",2026-09-18
sz000678,襄阳轴承,8.96,23.03370786516855,1.2142145584782145,4.06504065040652,建仓后期,75.0,位置分位23.0%（低位）,2026-09-18
sz301179,泽宇智能,20.37,28.534889297418275,0.9371231970118674,1.7482517482517552,建仓后期,100.0,"位置分位28.5%（低位）, MA20之上",2026-09-18
sz301097,天益医疗,33.66,25.592862174219277,1.132294080471877,-2.660497397339508,建仓后期,66.66666666666666,位置分位25.6%（低位）,2026-09-18
sz001220,世盟股份,31.94,26.199713025455708,0.6572834863400067,2.044728434504794,建仓后期,58.333333333333336,"位置分位26.2%（低位）, MA20之上",2026-09-18
sz002588,史丹利,7.68,1.4251781472683993,1.0835729454436114,-1.6645326504481421,建仓初期,100.0,"位置分位1.4%（极低位）, MA20之下（低位）, MA60之下（低位）",2026-09-18
sz300578,会畅科技,15.35,24.502712477396017,0.9808018410852714,-2.3536895674300315,建仓后期,66.66666666666666,位置分位24.5%（低位）,2026-09-18
sz002284,亚太股份,9.56,18.196721311475425,0.949656849114501,2.4651661307609904,建仓后期,66.66666666666666,位置分位18.2%（低位）,2026-09-18
sz002413,雷科防务,8.23,15.366705471478467,0.7388273677954924,6.056701030927844,建仓后期,90.0,"位置分位15.4%（低位）, 低位涨6.1%, MA20之上",2026-09-18
sz300567,精测电子,219.15,47.522512330874704,1.4540822337417532,0.9489151964622978,建仓后期,70.0,"位置分位47.5%（中低位）, 当日涨7.02%, MA20之上, 价升量增",2026-09-18
sz301337,亚华电子,25.99,58.92116182572613,1.1012636514380467,-1.4783927217589106,洗盘,85.71428571428571,位置分位58.9%（中位）,2026-09-18
sz300655,晶瑞电材,13.42,21.97452229299363,1.2681281161100908,4.843749999999994,建仓后期,91.66666666666666,"位置分位22.0%（低位）, MA20之上, 连续3天放量, 价升量增",2026-09-18
sz002065,东华软件,6.66,7.569721115537862,1.0714013115283207,-3.61794500723589,建仓初期,100.0,"位置分位7.6%（极低位）, MA20之下（低位）, MA60之下（低位）",2026-09-18
sz300771,智莱科技,11.32,32.33048944768747,1.334393716935841,0.44365572315883506,建仓后期,57.14285714285714,"位置分位32.3%（中低位）, 价升量增",2026-09-18
sz002283,天润工业,8.26,24.371165644171768,1.064211747226255,-5.933265003985888,建仓后期,87.5,"位置分位24.4%（低位）, MA20之上",2026-09-18
sz300160,秀强股份,4.35,16.966580976863753,1.0815599037025925,0.2304147465437739,建仓后期,75.0,位置分位17.0%（低位）,2026-09-18
sz002567,唐人神,3.74,49.59349593495936,0.9270943294085803,3.030303030303039,建仓后期,50.0,位置分位49.6%（中低位）,2026-09-18
sz301085,亚康股份,76.6,70.75626317021772,0.9272666127106962,31.186847062853218,拉升,57.14285714285714,"20日大涨31.2%, MA20之上, MA60之上",2026-09-18
sz300650,太龙股份,12.24,39.59858323494687,0.8856292721559977,4.1170466144947255,建仓后期,57.14285714285714,"位置分位39.6%（中低位）, MA20之上",2026-09-18
sz002252,上海莱士,4.93,43.17789291882556,1.1789185237445234,2.2821576763485356,建仓后期,57.14285714285714,"位置分位43.2%（中低位）, MA20之上",2026-09-18
sz301361,众智科技,26.89,10.717529518619436,1.994706121894937,1.4334213504337947,建仓后期,93.75,"位置分位10.7%（低位）, 低位放量（量比1.99）, 当日涨3.50%, MA20之上, 价升量增",2026-09-18
sz301511,德福科技,110.5,51.66325685443051,0.9639846638057097,22.045504749282077,拉升,64.70588235294117,"20日大涨22.0%, 当日大涨3.35%, MA20之上, MA60之上",2026-09-18
sz301429,森泰股份,16.96,29.801675681408422,0.5866854772584768,-1.9086176980913725,建仓初期,60.0,"低位缩量（量比0.59）, MA20之下（低位）, 价跌量缩",2026-09-18
sz301125,腾亚精工,13.32,30.985915492957755,0.8168879668049792,9.18032786885247,建仓后期,62.5,"位置分位31.0%（中低位）, 低位涨9.2%",2026-09-18
sz301517,陕西华达,37.8,11.137162954279013,1.1572002466042202,-1.5112037519541568,建仓后期,66.66666666666666,位置分位11.1%（低位）,2026-09-18
sz002822,ST中装,3.01,54.310344827586185,0.9826103138828005,-5.642633228840131,洗盘,100.0,位置分位54.3%（中位）,2026-09-18
sz300844,山水比德,23.55,24.573002754820937,0.8181706333474593,0.21276595744681154,建仓后期,75.0,位置分位24.6%（低位）,2026-09-18
sz002786,银宝山新,7.89,36.93379790940766,2.0353857826046187,1.8064516129032218,建仓后期,46.666666666666664,"位置分位36.9%（中低位）, 当日涨5.06%, MA20之上, 价升量增",2026-09-18
sz300255,常山药业,23.06,7.24525377760557,1.3441311682689334,-5.992662046473715,建仓初期,91.66666666666666,"位置分位7.2%（极低位）, MA20之下（低位）, MA60之下（低位）",2026-09-18
sz300093,金刚光伏,22.24,52.39786856127885,1.3484643429265868,-14.230620902429623,洗盘,75.0,位置分位52.4%（中位）,2026-09-18
sz000670,盈方微,7.87,52.91902071563089,1.1481356248691013,10.689170182841066,拉升,60.0,"20日涨10.7%, 当日大涨3.01%, MA20之上, MA60之上",2026-09-18
sz000919,金陵药业,6.46,19.6029776674938,1.05536468337215,-2.710843373493972,建仓后期,75.0,位置分位19.6%（低位）,2026-09-18
sz002645,华宏科技,18.27,19.860170417303912,0.965370980442898,-6.066838046272492,建仓后期,66.66666666666666,位置分位19.9%（低位）,2026-09-18
sz300422,博世科,4.01,6.550218340611348,0.74415679093324,-2.433090024330913,建仓初期,100.0,"位置分位6.6%（极低位）, MA20之下（低位）, MA60之下（低位）, 连续3天缩量",2026-09-18
sz300050,世纪鼎利,7.2,69.63788300835657,1.0432768070508427,4.956268221574342,洗盘,66.66666666666666,位置分位69.6%（中位）,2026-09-18
sz300464,星徽股份,11.61,96.34317862165965,1.3672651025340998,71.99999999999999,拉升,54.166666666666664,"20日大涨72.0%, 当日大涨17.39%, MA20之上, MA60之上, 价升量增",2026-09-18
sz300332,天壕能源,4.92,25.252525252525253,0.994687350164148,-1.4028056112224505,建仓后期,75.0,位置分位25.3%（低位）,2026-09-18
sz300731,科创新源,48.89,48.25998195888525,1.5739325533436619,25.230532786885252,建仓后期,50.0,"位置分位48.3%（中低位）, 低位涨25.2%, MA20之上, 价升量增",2026-09-18
sz300045,华力创通,11.65,6.758448060075094,1.2013668701351656,-8.627450980392155,建仓初期,91.66666666666666,"位置分位6.8%（极低位）, MA20之下（低位）, MA60之下（低位）",2026-09-18
sz002746,仙坛股份,6.43,73.07692307692305,0.7418223895786126,3.709677419354831,出货,88.88888888888889,"位置分位73.1%（中高位）, 价跌量缩",2026-09-18
sz002554,惠博普,2.77,7.8740157480315025,0.8141111431845417,-3.8194444444444406,建仓初期,100.0,"位置分位7.9%（极低位）, MA20之下（低位）, MA60之下（低位）",2026-09-18
sz301160,翔楼新材,41.98,42.88012872083667,1.0547788978000148,-7.573756054601508,建仓后期,50.0,位置分位42.9%（中低位）,2026-09-18
sz300520,科大国创,22.72,10.21860701576003,1.4421755635240328,-5.804311774461037,建仓后期,75.0,"位置分位10.2%（低位）, 当日涨3.04%, 价升量增",2026-09-18
sz300126,锐奇股份,6.43,42.975206611570236,1.0582894628609032,-0.1552795031056005,建仓后期,50.0,位置分位43.0%（中低位）,2026-09-18
sz300491,通合科技,38.06,79.31623931623933,1.8683621600030642,28.62453531598514,拉升,54.166666666666664,"20日大涨28.6%, 当日大涨4.99%, MA20之上, MA60之上, 价升量增",2026-09-18
sz300458,全志科技,31.27,26.39483646744864,1.6234071190291839,-0.6039415130324262,建仓后期,93.75,"位置分位26.4%（低位）, 低位放量（量比1.62）, 当日涨4.48%, MA20之上, 价升量增",2026-09-18
sz000633,合金投资,5.14,26.81159420289853,0.8294847548071513,-3.2015065913370986,建仓后期,75.0,位置分位26.8%（低位）,2026-09-18
sz002835,同为股份,12.92,41.75868299538246,0.7501440355240785,3.775100401606431,建仓后期,57.14285714285714,"位置分位41.8%（中低位）, MA20之上",2026-09-18
sz301338,凯格精机,103.14,25.290087256238863,1.1882293602983944,1.6057531277706583,建仓后期,87.5,"位置分位25.3%（低位）, MA20之上",2026-09-18
sz002675,东诚药业,12.47,12.53731343283582,1.5226070698097225,-4.371165644171768,建仓后期,78.57142857142857,"位置分位12.5%（低位）, 低位放量（量比1.52）",2026-09-18
sz002780,三夫户外,14.1,46.62379421221864,1.726462072248979,7.963246554364464,建仓后期,45.0,"位置分位46.6%（中低位）, 低位涨8.0%, 当日涨5.70%, MA20之上, 价升量增",2026-09-18
sz002311,海大集团,41.98,13.778877887788738,0.8090710294925811,-8.019281332164775,建仓后期,66.66666666666666,位置分位13.8%（低位）,2026-09-18
sz002805,丰元股份,16.9,14.01634192331866,0.7641422575980151,-12.976313079299706,建仓后期,66.66666666666666,位置分位14.0%（低位）,2026-09-18
sz002723,小崧股份,7.66,28.712871287128717,0.9449267281713486,5.219780219780218,建仓后期,80.0,"位置分位28.7%（低位）, 低位涨5.2%",2026-09-18
sz002003,伟星股份,11.54,82.54716981132076,1.018913444721725,10.430622009569378,出货,60.0,位置分位82.5%（中高位）,2026-09-18
sz300258,精锻科技,8.88,2.799882110226956,0.8934354016857946,-9.9391480730223,建仓初期,100.0,"位置分位2.8%（极低位）, MA20之下（低位）, MA60之下（低位）",2026-09-18
sz300140,节能环境,5.36,23.012552301255255,0.9439286962108724,-0.3717472118959029,建仓后期,66.66666666666666,位置分位23.0%（低位）,2026-09-18
sz003000,劲仔食品,9.4,7.551240560949325,0.843296442385019,-7.571288102261549,建仓初期,100.0,"位置分位7.6%（极低位）, MA20之下（低位）, MA60之下（低位）",2026-09-18
sz301068,大地海洋,25.85,19.74416017797553,0.5250782603834758,-4.3301258327165,建仓初期,57.14285714285714,"低位缩量（量比0.53）, MA20之下（低位）, MA60之下（低位）",2026-09-18
sz301550,斯菱智驱,94.89,39.89259208612523,1.12073240086541,7.560643844933123,建仓后期,66.66666666666666,"位置分位39.9%（中低位）, 低位涨7.6%, MA20之上",2026-09-18
sz002459,晶澳科技,6.84,6.315789473684201,1.9099283481680016,-6.301369863013698,建仓初期,57.89473684210527,"位置分位6.3%（极低位）, MA20之下（低位）, MA60之下（低位）",2026-09-18
sz000975,山金国际,25.51,58.579881656804744,1.1618302721066416,-10.741777466759961,洗盘,85.71428571428571,位置分位58.6%（中位）,2026-09-18
sz300651,金陵体育,15.92,8.00497718788884,1.2593913929044944,-6.954997077732318,建仓初期,91.66666666666666,"位置分位8.0%（极低位）, MA20之下（低位）, MA60之下（低位）",2026-09-18
sz300568,星源材质,15.9,43.7375745526839,0.9803893953447196,9.806629834254142,建仓后期,72.72727272727273,"位置分位43.7%（中低位）, 低位涨9.8%, 当日涨4.06%, MA20之上",2026-09-18
sz301312,智立方,87.37,44.97981836528759,1.0568122557874133,24.76081679280309,建仓后期,70.0,"位置分位45.0%（中低位）, 低位涨24.8%, MA20之上",2026-09-18
sz002767,先锋电子,18.27,42.12384916130658,2.016251362538018,0.3846153846153862,建仓后期,46.666666666666664,"位置分位42.1%（中低位）, 当日涨3.63%, MA20之上, 价升量增",2026-09-18
sz000711,京蓝科技,4.89,43.82022471910112,0.9300917713732497,-19.96726677577742,建仓后期,45.45454545454545,"位置分位43.8%（中低位）, 当日涨3.16%",2026-09-18
sz002137,实益达,8.67,35.96059113300492,1.6402758712250254,14.078947368421058,拉升,44.44444444444444,"中位放量（量比1.64）, 连续3天放量",2026-09-18
sz002849,威星智能,20.32,100.0,2.3720060546701096,10.735694822888277,出货,54.166666666666664,"位置分位100.0%（极高位）, 高位放量（量比2.37）",2026-09-18
sz000009,中国宝安,7.0,32.448377581120944,1.14890972879444,-4.109589041095888,建仓后期,50.0,位置分位32.4%（中低位）,2026-09-18
sz300843,胜蓝股份,144.81,77.45065516669432,1.0358322736376844,3.8064516129032278,出货,66.66666666666666,位置分位77.5%（中高位）,2026-09-18
sz000153,丰原药业,5.99,43.33333333333334,1.0081699651190987,-1.3179571663920933,建仓后期,50.0,位置分位43.3%（中低位）,2026-09-18
sz002035,华帝股份,4.52,8.29383886255924,1.029232594515796,-3.6247334754797613,建仓初期,100.0,"位置分位8.3%（极低位）, MA20之下（低位）, MA60之下（低位）",2026-09-18
sz301181,标榜股份,23.4,26.298157453936337,1.1066689842980473,2.6315789473684115,建仓后期,75.0,位置分位26.3%（低位）,2026-09-18
sz002698,博实股份,11.41,15.955056179775296,0.9738621626106007,-10.298742138364783,建仓后期,66.66666666666666,位置分位16.0%（低位）,2026-09-18
sz000006,深振业Ａ,7.06,26.10229276895943,1.347997372419792,0.0,建仓后期,100.0,"位置分位26.1%（低位）, MA20之上, 价升量增",2026-09-18
sz000905,厦门港务,9.4,42.51655629139074,1.2522717723114618,11.0586011342155,建仓后期,75.0,"位置分位42.5%（中低位）, 低位涨11.1%, 当日涨3.75%, MA20之上, 价升量增",2026-09-18
sz002521,齐峰新材,6.4,11.72161172161173,1.2888963510185807,-3.1770045385779113,建仓后期,70.0,"位置分位11.7%（低位）, 价升量增",2026-09-18
sz300502,新易盛,445.0,43.746683749401456,1.2239170953118956,0.6787330316742082,建仓后期,70.0,"位置分位43.7%（中低位）, 当日涨4.87%, MA20之上, 价升量增",2026-09-18
sz300805,电声股份,8.3,33.252427184466036,0.9748789842705727,5.19645120405578,建仓后期,62.5,"位置分位33.3%（中低位）, 低位涨5.2%",2026-09-18
sz000050,深天马Ａ,6.61,11.51515151515152,1.095446692315609,1.0703363914373132,建仓后期,87.5,"位置分位11.5%（低位）, MA20之上",2026-09-18
sz002263,大东南,3.22,23.655913978494635,0.7082085782229944,8.053691275167793,建仓后期,81.81818181818183,"位置分位23.7%（低位）, 低位涨8.1%, MA20之上",2026-09-18
sz000513,丽珠集团,26.23,5.990220048899777,0.9518702128011559,-10.35543403964457,建仓初期,100.0,"位置分位6.0%（极低位）, MA20之下（低位）, MA60之下（低位）",2026-09-18
sz300903,科翔股份,111.19,93.3783311998138,0.9885725550978233,41.42711778173492,拉升,50.0,"20日大涨41.4%, MA20之上, MA60之上",2026-09-18
sz301348,蓝箭电子,22.38,36.224801466096515,1.2052932029299832,7.338129496402866,建仓后期,70.0,"位置分位36.2%（中低位）, 低位涨7.3%, MA20之上, 价升量增",2026-09-18
sz000403,派林生物,9.88,28.389830508474606,1.1548993118205475,-7.055503292568202,建仓后期,66.66666666666666,位置分位28.4%（低位）,2026-09-18
sz002014,永新股份,10.97,66.98564593301437,0.5836846578127343,3.588290840415494,洗盘,91.66666666666666,"位置分位67.0%（中位）, 中位缩量（量比0.58）",2026-09-18
sz300036,超图软件,10.12,2.476396842594001,1.0497559711484472,-8.166969147005448,建仓初期,100.0,"位置分位2.5%（极低位）, MA20之下（低位）, MA60之下（低位）",2026-09-18
sz301183,东田微,303.13,97.21714285714286,0.9533850159397989,25.048471597706367,拉升,50.0,"20日大涨25.0%, MA20之上, MA60之上",2026-09-18
sz300017,网宿科技,15.15,41.40526976160603,1.1269562642799082,-2.0051746442432115,建仓后期,50.0,位置分位41.4%（中低位）,2026-09-18
sz002403,爱仕达,9.68,33.33333333333333,0.8930959683192748,2.002107481559531,建仓后期,50.0,位置分位33.3%（中低位）,2026-09-18
sz002078,太阳纸业,14.09,62.311557788944725,1.202136107053428,3.072421360643745,洗盘,60.0,位置分位62.3%（中位）,2026-09-18
sz300473,德尔股份,30.45,54.57856399583766,0.731673307918327,38.9776357827476,拉升,57.14285714285714,"20日大涨39.0%, MA20之上, MA60之上",2026-09-18
sz002391,长青股份,5.16,21.017699115044245,1.2948067174850135,1.3752455795677856,建仓后期,66.66666666666666,位置分位21.0%（低位）,2026-09-18
sz002733,雄韬股份,18.24,9.449541284403665,1.1301300906093925,-1.2452625879805113,建仓初期,90.0,"位置分位9.4%（极低位）, MA60之下（低位）",2026-09-18
sz003039,顺控发展,12.71,39.47637553691964,0.6489162089636183,6.806722689075634,洗盘,68.75,"中位缩量（量比0.65）, 连续3天缩量",2026-09-18
sz000155,川能动力,11.8,15.090090090090092,1.0471159930334815,-3.1198686371100086,建仓后期,66.66666666666666,位置分位15.1%（低位）,2026-09-18
sz002429,兆驰股份,8.15,16.313213703099517,1.0643205186685623,-1.2121212121212077,建仓后期,87.5,"位置分位16.3%（低位）, MA20之上",2026-09-18
sz301379,天山电子,21.76,22.086207584034458,1.0867654564669058,-1.2704174228675027,建仓后期,87.5,"位置分位22.1%（低位）, MA20之上",2026-09-18
sz300751,迈为股份,203.33,35.36076662908682,1.1817053127379065,4.993287204378817,建仓后期,66.66666666666666,"位置分位35.4%（中低位）, 当日涨4.01%, MA20之上",2026-09-18
sz002852,道道全,8.14,38.795656465942756,0.8149379317508959,2.2484612485868642,建仓后期,50.0,位置分位38.8%（中低位）,2026-09-18
sz300663,科蓝软件,7.63,20.394736842105264,1.0156974142893582,-6.380368098159514,建仓后期,66.66666666666666,位置分位20.4%（低位）,2026-09-18
sz002571,德力股份,10.86,39.23444976076552,0.6557578196702806,-0.4582951420715005,洗盘,72.72727272727273,中位缩量（量比0.66）,2026-09-18
sz300180,华峰超纤,4.43,24.849699398797583,1.1770600143576289,-2.2075055187638086,建仓后期,75.0,位置分位24.8%（低位）,2026-09-18
sz002282,博深股份,6.0,35.33333333333335,0.8786701814408704,1.5228426395939063,建仓后期,50.0,位置分位35.3%（中低位）,2026-09-18
sz002605,姚记科技,16.66,10.890873448050531,1.0978374670565725,-3.5935420403911733,建仓后期,66.66666666666666,位置分位10.9%（低位）,2026-09-18
sz301017,漱玉平民,12.43,15.339233038348073,1.3125288433300237,-5.83333333333333,建仓后期,70.0,"位置分位15.3%（低位）, 价升量增",2026-09-18
sz002506,协鑫集成,2.49,7.33333333333334,1.244969020142697,-4.597701149425275,建仓初期,91.66666666666666,"位置分位7.3%（极低位）, MA20之下（低位）, MA60之下（低位）",2026-09-18
sz000065,北方国际,9.78,17.08852627521521,1.1349691017210384,7.828004410143318,建仓后期,80.0,"位置分位17.1%（低位）, 低位涨7.8%",2026-09-18
sz002086,东方海洋,2.01,58.66666666666664,0.9561168361686779,0.49999999999998934,洗盘,85.71428571428571,位置分位58.7%（中位）,2026-09-18
sz300972,万辰集团,169.54,7.174945449878066,1.2207852461868585,-15.676912364468324,建仓初期,93.33333333333333,"位置分位7.2%（极低位）, 低位跌-15.7%, MA20之下（低位）, MA60之下（低位）",2026-09-18
sz300291,百纳千成,5.32,33.78378378378378,0.9801914148966561,8.79345603271985,建仓后期,66.66666666666666,"位置分位33.8%（中低位）, 低位涨8.8%, MA20之上",2026-09-18
sz001283,豪鹏科技,47.4,36.03568200573742,1.5708184302800747,8.34285714285714,建仓后期,42.857142857142854,"位置分位36.0%（中低位）, 低位涨8.3%, 价升量增",2026-09-18
sz300675,建科院,12.56,30.71895424836602,0.9609122178576517,-2.256809338521394,建仓后期,50.0,位置分位30.7%（中低位）,2026-09-18
sz301373,凌玮科技,118.44,38.67823095118629,0.7813938771566179,20.414802765351766,建仓后期,70.0,"位置分位38.7%（中低位）, 低位涨20.4%, MA20之上",2026-09-18
sz002551,尚荣医疗,3.23,57.27272727272725,1.028155671511989,-2.1212121212121167,洗盘,85.71428571428571,位置分位57.3%（中位）,2026-09-18
sz002788,鹭燕医药,11.1,19.48998178506374,1.5563590803182838,1.6483516483516456,建仓后期,100.0,"位置分位19.5%（低位）, 低位放量（量比1.56）, 当日涨5.01%, MA20之上, 价升量增",2026-09-18
sz003042,中农联合,13.95,32.15469613259668,0.7731009026334563,-1.5525758645024745,建仓后期,50.0,位置分位32.2%（中低位）,2026-09-18
sz300340,科恒股份,8.43,29.449152542372875,1.0695050012823801,-4.313280363223618,建仓后期,66.66666666666666,位置分位29.4%（低位）,2026-09-18
sz300352,ST信源,2.74,11.95286195286196,0.4694402366683234,20.704845814977983,建仓初期,50.0,"低位缩量（量比0.47）, 连续3天缩量, 价跌量缩",2026-09-18
sz300613,富瀚微,79.8,87.18742659463153,1.3220427374592203,13.143343258188,拉升,50.0,"20日涨13.1%, 当日大涨6.53%, MA20之上, MA60之上, 价升量增",2026-09-18
sz300429,强力新材,11.64,32.13920163766633,1.1156361482792,9.915014164305957,建仓后期,66.66666666666666,"位置分位32.1%（中低位）, 低位涨9.9%, MA20之上",2026-09-18
sz002296,辉煌科技,9.29,23.31606217616577,0.7805770400188963,4.971751412429374,建仓后期,70.0,"位置分位23.3%（低位）, MA20之上",2026-09-18
sz300839,博汇股份,12.92,31.52364273204904,0.9658500173282505,3.608660785886121,建仓后期,57.14285714285714,"位置分位31.5%（中低位）, MA20之上",2026-09-18
sz002664,信质集团,14.86,8.504398826979466,1.0736125882239196,-2.5573770491803316,建仓初期,100.0,"位置分位8.5%（极低位）, MA20之下（低位）, MA60之下（低位）",2026-09-18
sz001221,悍高集团,35.03,1.0888252148997208,1.2631321170564467,-15.181598062953986,建仓初期,93.33333333333333,"位置分位1.1%（极低位）, 低位跌-15.2%, MA20之下（低位）, MA60之下（低位）",2026-09-18
sz301099,雅创电子,53.26,42.54729844895176,1.2852244980276444,6.947791164658637,建仓后期,75.0,"位置分位42.5%（中低位）, 低位涨6.9%, 当日涨3.96%, MA20之上, 价升量增",2026-09-18
sz002479,富春环保,5.82,79.04761904761907,0.8322758984464416,-2.6755852842809387,出货,85.71428571428571,位置分位79.0%（中高位）,2026-09-18
sz000816,智慧农业,2.85,53.278688524590166,0.8178353338986082,2.517985611510802,洗盘,85.71428571428571,位置分位53.3%（中位）,2026-09-18
sz300307,慈星股份,7.1,43.58108108108108,1.2466439865872114,-4.825737265415555,建仓后期,50.0,位置分位43.6%（中低位）,2026-09-18
sz000778,新兴铸管,3.61,6.130268199233721,1.0327034837962235,-2.168021680216804,建仓初期,100.0,"位置分位6.1%（极低位）, MA20之下（低位）, MA60之下（低位）",2026-09-18
sz002130,沃尔核材,17.14,19.280650181566667,0.9028345622245557,5.217925107427879,建仓后期,100.0,"位置分位19.3%（低位）, 低位涨5.2%, MA20之上",2026-09-18
sz301058,中粮科工,8.65,42.52873563218392,0.8778439378724271,4.721549636803881,建仓后期,50.0,位置分位42.5%（中低位）,2026-09-18
sz300917,特发服务,29.58,54.58547322083637,1.919428019594726,11.74914998111069,拉升,72.72727272727273,"中位放量（量比1.92）, 20日涨11.7%, 当日大涨4.27%, MA20之上, MA60之上, 价升量增",2026-09-18
sz002591,恒大高新,6.21,27.69230769230769,0.7661185511668644,-1.8957345971563997,建仓初期,53.84615384615385,"MA20之下（低位）, 连续3天缩量, 价跌量缩",2026-09-18
sz300405,科隆股份,5.56,41.562499999999986,0.7308122807412917,-3.1358885017421705,建仓后期,50.0,位置分位41.6%（中低位）,2026-09-18
sz300893,松原安全,13.7,6.077726416709459,0.547606111537075,-8.361204013377927,建仓初期,100.0,"位置分位6.1%（极低位）, 低位缩量（量比0.55）, MA20之下（低位）, MA60之下（低位）, 连续3天缩量",2026-09-18
sz000581,威孚高科,18.15,50.19920318725097,0.9326980263066901,4.973973395026023,洗盘,66.66666666666666,位置分位50.2%（中位）,2026-09-18
sz002656,摩登大道,2.79,29.914529914529925,0.8718026335704556,-4.452054794520544,建仓后期,66.66666666666666,位置分位29.9%（低位）,2026-09-18
sz301217,铜冠铜箔,113.29,46.48599819331526,0.9719381726716081,-1.3153310104529536,建仓后期,57.14285714285714,"位置分位46.5%（中低位）, MA20之上",2026-09-18
sz300718,长盛轴承,53.45,5.478963329171035,1.2469270691068015,-7.253166753427033,建仓初期,91.66666666666666,"位置分位5.5%（极低位）, MA20之下（低位）, MA60之下（低位）",2026-09-18
sz300037,新宙邦,73.13,47.992204496011595,0.8353677523006596,15.438042620363051,建仓后期,70.0,"位置分位48.0%（中低位）, 低位涨15.4%, MA20之上",2026-09-18
sz000070,特发信息,17.7,42.3342541436464,1.0300416636965917,17.52988047808764,建仓后期,70.0,"位置分位42.3%（中低位）, 低位涨17.5%, MA20之上",2026-09-18
sz002520,日发精机,6.23,41.81286549707603,0.9536916475474404,4.882154882154882,建仓后期,50.0,位置分位41.8%（中低位）,2026-09-18
sz300235,方直科技,12.07,44.6168768186227,1.643869468859395,11.552680221811459,建仓后期,52.94117647058824,"位置分位44.6%（中低位）, 低位涨11.6%, 当日涨4.05%, MA20之上, 价升量增",2026-09-18
sz002694,*ST顾地,2.36,44.654088050314456,1.034282133906194,11.848341232227488,建仓后期,62.5,"位置分位44.7%（中低位）, 低位涨11.8%",2026-09-18
sz300168,万达信息,4.72,20.218579234972683,1.1801318562484255,-5.220883534136559,建仓后期,66.66666666666666,位置分位20.2%（低位）,2026-09-18
sz002264,新 华 都,7.35,58.97193314411856,1.315316877023308,12.90322580645161,拉升,57.14285714285714,"20日涨12.9%, MA20之上, MA60之上, 价升量增",2026-09-18
sz002161,远 望 谷,7.25,69.57605985037405,0.7212341716642946,25.43252595155709,拉升,64.70588235294117,"20日大涨25.4%, 当日大涨10.02%, MA20之上, MA60之上",2026-09-18
sz300620,光库科技,297.41,51.327173456530886,1.453861377145622,-2.4981149395141293,洗盘,54.54545454545454,位置分位51.3%（中位）,2026-09-18
sz002404,嘉欣丝绸,5.82,18.80341880341882,1.599235476697588,-3.9603960396039493,建仓后期,85.71428571428571,"位置分位18.8%（低位）, 低位放量（量比1.60）, 价升量增",2026-09-18
sz000972,中基健康,3.9,48.29545454545456,0.5588780731474541,7.142857142857137,洗盘,64.70588235294117,"中位缩量（量比0.56）, 连续3天缩量",2026-09-18
sz300681,英搏尔,20.89,12.299016078713706,0.871951906716182,-2.3831775700934488,建仓后期,66.66666666666666,位置分位12.3%（低位）,2026-09-18
sz001360,南矿集团,20.56,76.99409158050221,1.5116173988258341,12.843029637760702,拉升,50.0,"20日涨12.8%, 当日大涨6.09%, MA20之上, MA60之上, 价升量增",2026-09-18
sz300509,新美星,8.79,29.065743944636658,0.8742047754781676,-0.4530011325028417,建仓后期,75.0,位置分位29.1%（低位）,2026-09-18
sz300051,琏升科技,8.47,16.921837228041905,1.279776055656756,1.68067226890757,建仓后期,100.0,"位置分位16.9%（低位）, 当日涨4.18%, MA20之上, 价升量增",2026-09-18
sz002367,康力电梯,5.71,30.27888446215139,1.2533734498767957,6.928838951310863,建仓后期,70.0,"位置分位30.3%（中低位）, 低位涨6.9%, MA20之上, 价升量增",2026-09-18
sz001222,源飞宠物,15.34,34.88063660477453,1.3100962310057713,5.793103448275861,建仓后期,70.0,"位置分位34.9%（中低位）, 低位涨5.8%, MA20之上, 价升量增",2026-09-18
sz300881,盛德鑫泰,29.54,3.3935018050541434,0.9541237666237666,-10.593220338983052,建仓初期,100.0,"位置分位3.4%（极低位）, MA20之下（低位）, MA60之下（低位）",2026-09-18
sz002989,中天精装,24.3,26.439024390243905,1.2996613125735357,-1.4997973246858571,建仓后期,90.9090909090909,"位置分位26.4%（低位）, 当日涨3.89%, MA20之上, 价升量增",2026-09-18
sz002001,新 和 成,26.32,4.26194574215228,0.8108884383598525,-5.391804457225017,建仓初期,100.0,"位置分位4.3%（极低位）, MA20之下（低位）, MA60之下（低位）",2026-09-18
sz002734,利民股份,18.62,87.81725888324875,0.9302440115725487,27.709190672153643,拉升,50.0,"20日大涨27.7%, MA20之上, MA60之上",2026-09-18
sz300531,优博讯,15.4,15.7977207977208,0.9141361530096758,-4.347826086956528,建仓后期,66.66666666666666,位置分位15.8%（低位）,2026-09-18
sz002962,五方光电,13.5,25.730994152046783,1.0461584365850098,5.468749999999995,建仓后期,90.0,"位置分位25.7%（低位）, 低位涨5.5%, MA20之上",2026-09-18
sz301218,华是科技,44.47,37.93833131801692,0.7457056501489712,5.204636858291922,建仓后期,62.5,"位置分位37.9%（中低位）, 低位涨5.2%",2026-09-18
sz301507,民生健康,11.94,15.424164524421572,0.9310172570390554,-7.298136645962742,建仓后期,66.66666666666666,位置分位15.4%（低位）,2026-09-18
sz301246,宏源药业,17.5,4.350132625994696,1.384740212213351,-17.100900047370914,建仓初期,93.33333333333333,"位置分位4.4%（极低位）, 低位跌-17.1%, MA20之下（低位）, MA60之下（低位）",2026-09-18
sz002891,中宠股份,27.57,13.935340022296547,0.9921001451462075,-5.5174777244688125,建仓后期,66.66666666666666,位置分位13.9%（低位）,2026-09-18
sz300659,中孚信息,10.36,31.663326653306612,0.7959177097191469,1.5686274509803935,建仓后期,50.0,位置分位31.7%（中低位）,2026-09-18
sz001326,联域股份,92.95,98.10960473553563,1.3872601778820153,51.18737800910866,出货,52.38095238095239,"位置分位98.1%（极高位）, 高位连续放量",2026-09-18
sz300015,爱尔眼科,8.04,9.221902017291049,1.02772629642608,-3.48139255702282,建仓初期,100.0,"位置分位9.2%（极低位）, MA20之下（低位）, MA60之下（低位）",2026-09-18
sz300227,光韵达,11.25,53.333333333333336,0.42998234787177414,-4.25531914893617,洗盘,91.66666666666666,"位置分位53.3%（中位）, 中位缩量（量比0.43）",2026-09-18
sz301061,匠心家居,42.42,39.23954372623575,1.0604234748273145,22.212618841832327,建仓后期,75.0,"位置分位39.2%（中低位）, 低位涨22.2%, 当日涨4.20%, MA20之上",2026-09-18
sz301355,南王科技,11.68,66.30901287553648,0.7960119049458684,15.758176412289393,洗盘,52.94117647058824,"位置分位66.3%（中位）, 连续3天缩量",2026-09-18
sz300634,彩讯股份,20.44,25.439672801636014,2.0940044030050387,4.928131416837787,建仓后期,100.0,"位置分位25.4%（低位）, 低位放量（量比2.09）, 当日涨5.63%, MA20之上, 价升量增",2026-09-18
sz301212,联盛化学,25.31,41.666666666666664,0.9979185251263752,1.7691998391636419,建仓后期,57.14285714285714,"位置分位41.7%（中低位）, MA20之上",2026-09-18
sz000757,浩物股份,4.18,53.672316384180775,0.8138739290369567,-3.016241299303942,洗盘,85.71428571428571,位置分位53.7%（中位）,2026-09-18
sz002017,东信和平,14.22,24.830142063001855,0.8562792487352742,-2.133516861665511,建仓后期,66.66666666666666,位置分位24.8%（低位）,2026-09-18
sz300555,ST路通,12.41,21.690140845070417,1.3612446065878556,0.8123476848090955,建仓后期,70.0,"位置分位21.7%（低位）, 价升量增",2026-09-18
sz301678,新恒汇,50.21,27.066161728670078,1.8464494467493517,12.907578142568028,建仓后期,100.0,"位置分位27.1%（低位）, 低位放量（量比1.85）, 低位涨12.9%, MA20之上, 连续3天放量, 价升量增",2026-09-18
sz300694,蠡湖股份,10.59,40.46858359957402,0.6846906194091369,0.5698005698005746,洗盘,72.72727272727273,中位缩量（量比0.68）,2026-09-18
sz301278,快可电子,28.53,23.539745278875714,1.708306745856444,2.5152712899748577,建仓后期,100.0,"位置分位23.5%（低位）, 低位放量（量比1.71）, 当日涨3.67%, MA20之上, 价升量增",2026-09-18
sz300902,国安达,17.35,72.01646090534982,0.6413563213021325,9.050911376492781,出货,57.14285714285714,"位置分位72.0%（中高位）, 高位缩量（量比0.64）",2026-09-18
sz002739,儒意电影,8.62,28.840970350404298,1.1543671880847242,2.497027348394757,建仓后期,87.5,"位置分位28.8%（低位）, MA20之上",2026-09-18
sz301198,喜悦智行,12.2,32.49534450651768,0.9621188924369013,-1.8503620273531813,建仓后期,50.0,位置分位32.5%（中低位）,2026-09-18
sz000906,浙商中拓,6.15,64.73684210526316,0.7024254821741671,16.037735849056613,拉升,57.14285714285714,"20日大涨16.0%, MA20之上, MA60之上",2026-09-18
sz300575,中旗股份,6.01,54.29864253393666,2.24912945915362,2.3850085178875586,洗盘,50.0,位置分位54.3%（中位）,2026-09-18
sz301053,远信工业,36.34,41.737524692948575,0.8367502530656177,-11.75327829043224,建仓后期,50.0,位置分位41.7%（中低位）,2026-09-18
sz002386,天原股份,5.87,23.0392156862745,0.8660271574023891,0.3418803418803498,建仓后期,66.66666666666666,位置分位23.0%（低位）,2026-09-18
sz301202,朗威股份,37.35,54.555873925501444,1.3088590083174463,-6.084988684938399,拉升,57.14285714285714,"当日大涨3.35%, MA20之上, MA60之上, 价升量增",2026-09-18
sz300995,奇德新材,25.5,23.719958202716818,0.9392918528704022,-2.3736600306278755,建仓后期,66.66666666666666,位置分位23.7%（低位）,2026-09-18
sz000717,中南股份,2.19,41.53846153846155,0.9086357777319672,-0.9049773755656116,建仓后期,50.0,位置分位41.5%（中低位）,2026-09-18
sz002889,东方嘉盛,11.9,46.87500000000002,1.048681956482831,-6.07734806629834,建仓后期,50.0,位置分位46.9%（中低位）,2026-09-18
sz300105,龙源技术,7.25,29.07662082514736,0.7869999104105164,-4.605263157894733,建仓后期,66.66666666666666,位置分位29.1%（低位）,2026-09-18
sz002299,圣农发展,15.97,26.25570776255709,0.7553147686274245,-0.187499999999996,建仓后期,66.66666666666666,位置分位26.3%（低位）,2026-09-18
sz002992,宝明科技,34.15,12.124711316397224,1.6757097180505764,-0.2628504672897296,建仓后期,92.85714285714286,"位置分位12.1%（低位）, 低位放量（量比1.68）, MA20之上, 价升量增",2026-09-18
sz000968,蓝焰控股,6.94,16.693418940609952,0.7160362665088024,-3.207810320781026,建仓后期,75.0,位置分位16.7%（低位）,2026-09-18
sz000860,顺鑫农业,10.19,18.918918918918905,1.020565470757158,-0.5853658536585414,建仓后期,66.66666666666666,位置分位18.9%（低位）,2026-09-18
sz300538,同益股份,14.48,42.25526641883519,1.0190075504301115,-5.851755526658,建仓后期,50.0,位置分位42.3%（中低位）,2026-09-18
sz000995,皇台酒业,10.84,28.712871287128706,1.0589186491751679,1.7840375586854413,建仓后期,75.0,位置分位28.7%（低位）,2026-09-18
sz000525,红太阳,4.53,26.838235294117663,0.846587202620006,6.338028169014096,建仓后期,80.0,"位置分位26.8%（低位）, 低位涨6.3%",2026-09-18
sz300594,ST朗进,15.01,15.779557230334431,2.127836521325888,2.5974025974025907,建仓后期,100.0,"位置分位15.8%（低位）, 低位放量（量比2.13）, 当日涨4.16%, MA20之上, 价升量增",2026-09-18
sz301033,迈普医学,53.58,43.34828101644243,1.052232007288187,-5.702217529039074,建仓后期,57.14285714285714,"位置分位43.3%（中低位）, MA20之上",2026-09-18
sz301236,软通动力,36.99,29.84218077474894,1.0720946427845806,-0.511027434104351,建仓后期,87.5,"位置分位29.8%（低位）, MA20之上",2026-09-18
sz000818,航锦科技,11.73,3.7558685446009425,1.0326563114508336,-2.4126455906821893,建仓初期,100.0,"位置分位3.8%（极低位）, MA20之下（低位）, MA60之下（低位）",2026-09-18
sz301608,博实结,50.26,32.1780541041074,1.0343979424330407,8.293292538406835,建仓后期,72.72727272727273,"位置分位32.2%（中低位）, 低位涨8.3%, 当日涨5.52%, MA20之上",2026-09-18
sz003009,中天火箭,48.1,15.049900199600813,0.9844432465306574,2.079796264855696,建仓后期,87.5,"位置分位15.0%（低位）, MA20之上",2026-09-18
sz002650,ST加加,6.68,42.89940828402366,1.3531922330454298,8.794788273615636,建仓后期,75.0,"位置分位42.9%（中低位）, 低位涨8.8%, 当日涨4.87%, MA20之上, 价升量增",2026-09-18
sz300451,创业慧康,3.36,15.957446808510625,1.0789479371528603,-2.6086956521739215,建仓后期,66.66666666666666,位置分位16.0%（低位）,2026-09-18
sz002426,胜利精密,2.61,19.907407407407398,1.0588189472458767,-0.3816793893129859,建仓后期,66.66666666666666,位置分位19.9%（低位）,2026-09-18
sz002644,佛慈制药,8.19,56.11510791366905,1.0476431909382824,-0.12195121951219254,洗盘,85.71428571428571,位置分位56.1%（中位）,2026-09-18
sz002056,横店东磁,20.3,18.85686665458282,1.6902837774971755,-5.712958662331632,建仓后期,82.35294117647058,"位置分位18.9%（低位）, 低位放量（量比1.69）, 当日涨3.89%, 价升量增",2026-09-18
sz300135,宝利国际,3.48,47.656249999999986,0.6314446223081337,2.9585798816568074,洗盘,78.57142857142857,"中位缩量（量比0.63）, 连续3天缩量",2026-09-18
sz301360,荣旗科技,63.65,49.06819144430326,1.2267228107667325,11.393069653482671,建仓后期,60.0,"位置分位49.1%（中低位）, 低位涨11.4%, 当日涨5.64%, MA20之上, 价升量增",2026-09-18
sz301263,泰恩康,19.28,23.39803243818135,0.8019851142294104,1.3137151865475565,建仓后期,66.66666666666666,位置分位23.4%（低位）,2026-09-18
sz003022,联泓新科,19.69,20.61674008810573,1.1402921233248682,-2.0885131775236108,建仓后期,87.5,"位置分位20.6%（低位）, MA20之上",2026-09-18
sz000926,福星股份,2.1,28.089887640449433,1.2052208897914103,-7.079646017699102,建仓后期,77.77777777777779,"位置分位28.1%（低位）, 价升量增",2026-09-18
sz002419,天虹股份,4.63,30.214991284137106,0.9455978143426049,1.091703056768555,建仓后期,50.0,位置分位30.2%（中低位）,2026-09-18
sz300368,汇金股份,9.24,37.235772357723576,1.1806150379859974,20.94240837696336,建仓后期,75.0,"位置分位37.2%（中低位）, 低位涨20.9%, 当日涨5.00%, MA20之上",2026-09-18
sz002320,海峡股份,6.68,19.344262295081958,0.6797438046409038,4.538341158059469,建仓初期,62.5,"低位缩量（量比0.68）, MA20之下（低位）, 连续3天缩量",2026-09-18
sz002840,华统股份,8.06,15.694444444444452,0.9015574497489504,-2.303030303030297,建仓后期,66.66666666666666,位置分位15.7%（低位）,2026-09-18
sz000650,仁和药业,5.18,42.47787610619465,0.8073896179487305,-3.538175046554942,建仓后期,50.0,位置分位42.5%（中低位）,2026-09-18
sz300414,中光防雷,11.36,41.31587153102586,0.8879451375691977,5.185185185185174,建仓后期,72.72727272727273,"位置分位41.3%（中低位）, 低位涨5.2%, 当日涨3.09%, MA20之上",2026-09-18
sz000157,中联重科,6.2,3.0534351145038197,0.6421920033248373,-10.919540229885055,建仓初期,100.0,"位置分位3.1%（极低位）, 低位缩量（量比0.64）, MA20之下（低位）, MA60之下（低位）",2026-09-18
sz002828,贝肯能源,10.74,34.17533432392274,0.8313579255349665,-11.092715231788079,建仓后期,50.0,位置分位34.2%（中低位）,2026-09-18
sz301165,锐捷网络,117.55,66.69289273537895,1.089964930664805,-7.4190753721351514,洗盘,66.66666666666666,位置分位66.7%（中位）,2026-09-18
sz300496,中科创达,55.39,15.24310118265442,1.2869258581439986,-2.6537785588752163,建仓后期,70.0,"位置分位15.2%（低位）, 价升量增",2026-09-18
sz002272,川润股份,16.73,31.508875739644974,0.9577877710523571,7.31237973059654,建仓后期,66.66666666666666,"位置分位31.5%（中低位）, 低位涨7.3%, MA20之上",2026-09-18
sz300305,裕兴股份,6.44,51.813471502590666,0.7370676825128704,5.573770491803291,洗盘,50.0,位置分位51.8%（中位）,2026-09-18
sz002555,三七互娱,17.59,10.382513661202166,1.129324846005833,-4.8726407441458,建仓后期,66.66666666666666,位置分位10.4%（低位）,2026-09-18
sz002146,荣盛发展,1.2,42.85714285714285,1.9696241241709336,5.263157894736848,建仓后期,52.94117647058824,"位置分位42.9%（中低位）, 低位涨5.3%, 当日涨4.35%, MA20之上, 价升量增",2026-09-18
sz000952,广济药业,6.4,46.97986577181209,1.0603792316092524,0.31347962382445865,建仓后期,50.0,位置分位47.0%（中低位）,2026-09-18
sz300123,ST亚光,4.55,39.39393939393939,1.3071265882435075,1.1111111111111072,建仓后期,50.0,位置分位39.4%（中低位）,2026-09-18
sz300329,海伦钢琴,11.99,40.202702702702716,0.7929425146996094,-0.8271298593879209,建仓后期,50.0,位置分位40.2%（中低位）,2026-09-18
sz301388,欣灵电气,24.35,32.11678832116789,0.919969190705863,2.2679546409071936,建仓后期,50.0,位置分位32.1%（中低位）,2026-09-18
sz300034,钢研高纳,15.91,17.020612117426605,0.8576060432926262,2.3809523809523876,建仓后期,66.66666666666666,位置分位17.0%（低位）,2026-09-18
sz002999,天禾股份,6.28,39.1304347826087,0.7226412145974876,4.841402337228715,建仓后期,50.0,位置分位39.1%（中低位）,2026-09-18
sz300749,顶固集创,25.1,57.477168949771716,1.1579625884732052,4.845446950710109,洗盘,66.66666666666666,位置分位57.5%（中位）,2026-09-18
sz301558,三态股份,6.67,27.86259541984731,1.1283546916281828,1.5220700152206947,建仓后期,100.0,"位置分位27.9%（低位）, MA20之上",2026-09-18
sz300631,久吾高科,21.31,26.63115845539281,0.9082206163918227,-1.5704387990762119,建仓后期,66.66666666666666,位置分位26.6%（低位）,2026-09-18
sz000863,三湘印象,4.68,47.5095785440613,0.9166188777463566,11.16389548693586,建仓后期,66.66666666666666,"位置分位47.5%（中低位）, 低位涨11.2%, MA20之上",2026-09-18
sz002285,世联行,2.89,65.13157894736842,2.0474473049418362,34.4186046511628,拉升,77.77777777777779,"中位放量（量比2.05）, 20日大涨34.4%, 当日大涨9.89%, MA20之上, MA60之上, 连续3天放量, 价升量增",2026-09-18
sz000768,中航西飞,22.35,48.913043478260896,0.8319553256957819,6.631679389312979,建仓后期,62.5,"位置分位48.9%（中低位）, 低位涨6.6%",2026-09-18
sz002657,中科金财,14.93,18.173598553345386,1.193279992528136,-0.7973421926910365,建仓后期,66.66666666666666,位置分位18.2%（低位）,2026-09-18
sz301586,佳力奇,29.11,7.502679528402995,0.7226032860105279,-6.788344540505927,建仓初期,100.0,"位置分位7.5%（极低位）, MA20之下（低位）, MA60之下（低位）",2026-09-18
sz301015,百洋医药,25.55,71.50000000000001,2.2988813229571985,-1.1987625676720757,出货,57.89473684210527,"位置分位71.5%（中高位）, 高位放量（量比2.30）",2026-09-18
sz002939,长城证券,7.85,6.1946902654867095,1.1275256219818806,-1.008827238335436,建仓初期,100.0,"位置分位6.2%（极低位）, MA20之下（低位）, MA60之下（低位）",2026-09-18
sz301631,壹连科技,62.32,22.767542439080156,1.1803320692835912,-6.748466257668709,建仓后期,87.5,"位置分位22.8%（低位）, MA20之上",2026-09-18
sz002439,启明星辰,13.88,33.536585365853675,1.099821906330007,4.204204204204208,建仓后期,57.14285714285714,"位置分位33.5%（中低位）, MA20之上",2026-09-18
sz300219,鸿利智汇,6.88,20.652173913043484,1.1901385974917464,-0.721500721500719,建仓后期,66.66666666666666,位置分位20.7%（低位）,2026-09-18
sz300066,三川智慧,4.65,8.873720136518791,1.0116083194265788,-6.813627254509015,建仓初期,100.0,"位置分位8.9%（极低位）, MA20之下（低位）, MA60之下（低位）",2026-09-18
sz301093,华兰股份,64.23,23.44905522410384,2.007624853814749,-21.661178192462486,建仓后期,70.0,"位置分位23.4%（低位）, 低位放量（量比2.01）, 当日涨8.15%, 价升量增",2026-09-18
sz300940,南极光,13.45,15.373021853805572,1.3223753414912858,-2.110625909752554,建仓后期,70.0,"位置分位15.4%（低位）, 价升量增",2026-09-18
sz300421,力星股份,17.23,22.662889518413607,1.1801037860663435,4.869141813755331,建仓后期,100.0,"位置分位22.7%（低位）, MA20之上",2026-09-18
sz002793,罗欣药业,4.62,44.87804878048781,1.3984373944869872,-7.599999999999999,建仓后期,57.14285714285714,"位置分位44.9%（中低位）, 价升量增",2026-09-18
sz002565,顺灏股份,8.82,7.020997375328086,0.7497319251858892,2.7972027972027997,建仓初期,90.0,"位置分位7.0%（极低位）, MA60之下（低位）",2026-09-18
sz002108,沧州明珠,4.38,18.9516129032258,0.6480468719826354,1.6241299303944383,建仓初期,62.5,"低位缩量（量比0.65）, MA20之下（低位）, 连续3天缩量",2026-09-18
sz301628,强达电路,115.0,61.53390232337601,1.0951128625368927,26.791620727673642,拉升,57.14285714285714,"20日大涨26.8%, MA20之上, MA60之上",2026-09-18
sz301187,欧圣电气,14.85,23.390580549994723,1.7770395237099095,1.3651877133105754,建仓后期,100.0,"位置分位23.4%（低位）, 低位放量（量比1.78）, 当日涨3.92%, MA20之上, 价升量增",2026-09-18
sz002408,齐翔腾达,5.4,33.460076045627396,0.6280029104246212,3.4482758620689773,洗盘,72.72727272727273,中位缩量（量比0.63）,2026-09-18
sz001914,招商积余,8.91,38.82783882783884,1.3590605201442123,2.7681660899654004,建仓后期,62.5,"位置分位38.8%（中低位）, MA20之上, 价升量增",2026-09-18
sz301172,君逸数码,18.59,26.08242902553985,0.8811355575639283,5.986316989737746,建仓后期,100.0,"位置分位26.1%（低位）, 低位涨6.0%, MA20之上",2026-09-18
sz002718,友邦吊顶,84.95,46.93847512511039,0.9665177369865963,-1.9732287099007544,建仓后期,57.14285714285714,"位置分位46.9%（中低位）, MA20之上",2026-09-18
sz001228,永泰运,32.92,83.05457325814778,0.78508932432882,14.623955431754885,拉升,50.0,"20日涨14.6%, MA20之上, MA60之上",2026-09-18
sz300911,亿田智能,31.95,59.82392957182873,1.2750795186586406,30.996309963099627,拉升,68.42105263157895,"20日大涨31.0%, 当日大涨11.13%, MA20之上, MA60之上, 价升量增",2026-09-18
sz301428,世纪恒通,26.41,16.705882352941178,0.931992253796945,-6.147832267235254,建仓后期,66.66666666666666,位置分位16.7%（低位）,2026-09-18
sz300797,钢研纳克,13.1,42.13638883755311,0.7833549780163039,-9.655172413793107,建仓后期,50.0,位置分位42.1%（中低位）,2026-09-18
sz002219,新里程,2.1,42.26804123711341,1.2904100388668667,-5.829596412556049,建仓后期,50.0,位置分位42.3%（中低位）,2026-09-18
sz301584,建发致新,20.0,7.964601769911493,1.7312080318143295,-9.297052154195013,建仓初期,64.70588235294117,"位置分位8.0%（极低位）, MA20之下（低位）, MA60之下（低位）",2026-09-18
sz300484,蓝海华腾,12.6,21.410579345088156,1.3281059825859003,-1.1764705882352968,建仓后期,70.0,"位置分位21.4%（低位）, 价升量增",2026-09-18
sz300569,天能重工,5.06,22.132796780684085,0.6277873728137476,7.203389830508472,建仓后期,56.25,"位置分位22.1%（低位）, 低位涨7.2%, MA20之上",2026-09-18
sz002177,御银股份,5.63,20.180722891566266,1.1097888186445597,-2.426343154246095,建仓后期,66.66666666666666,位置分位20.2%（低位）,2026-09-18
sz300286,安科瑞,19.31,9.142857142857135,1.4691176885528061,-3.0622489959839507,建仓初期,91.66666666666666,"位置分位9.1%（极低位）, MA20之下（低位）, MA60之下（低位）",2026-09-18
sz300543,朗科智能,7.48,29.714285714285722,1.0675988279442759,-2.7308192457737315,建仓后期,75.0,位置分位29.7%（低位）,2026-09-18
sz301026,浩通科技,19.51,35.06325331208289,0.8699815508755354,-9.17132216014897,建仓后期,50.0,位置分位35.1%（中低位）,2026-09-18
sz002518,科士达,39.31,28.01784220797325,1.3070093307340713,17.765128819652485,建仓后期,100.0,"位置分位28.0%（低位）, 低位涨17.8%, 当日涨3.97%, MA20之上, 价升量增",2026-09-18
sz301189,奥尼电子,67.85,71.80867850098618,1.265415480122201,28.260869565217384,拉升,68.42105263157895,"20日大涨28.3%, 当日大涨4.79%, MA20之上, MA60之上, 价升量增",2026-09-18
sz002959,小熊电器,31.7,9.837522213759842,1.0792720689819446,-4.200664853430052,建仓初期,100.0,"位置分位9.8%（极低位）, MA20之下（低位）, MA60之下（低位）",2026-09-18
sz000028,国药一致,19.82,20.520337119824124,1.3565486236613744,1.7976373908577374,建仓后期,70.0,"位置分位20.5%（低位）, 价升量增",2026-09-18
sz002253,川大智胜,9.8,41.36363636363637,1.2596438901483489,2.9411764705882475,建仓后期,50.0,位置分位41.4%（中低位）,2026-09-18
sz000921,海信家电,27.65,72.72211720226841,0.629036706736847,10.599999999999994,出货,62.5,"位置分位72.7%（中高位）, 高位缩量（量比0.63）, 价跌量缩",2026-09-18
sz002757,南兴股份,17.7,21.599999999999994,0.8061695729360848,11.320754716981126,建仓后期,100.0,"位置分位21.6%（低位）, 低位涨11.3%, MA20之上",2026-09-18
sz002033,丽江股份,8.46,14.067278287461802,0.8325944242976053,-5.263157894736829,建仓后期,66.66666666666666,位置分位14.1%（低位）,2026-09-18
sz002080,中材科技,60.22,33.904066473624574,1.4249275124459762,11.704693006863295,建仓后期,53.84615384615385,"位置分位33.9%（中低位）, 低位涨11.7%, MA20之上, 价升量增",2026-09-18
sz301042,安联锐视,30.95,9.427443237907207,0.9783433620642923,-5.841192576817762,建仓初期,100.0,"位置分位9.4%（极低位）, MA20之下（低位）, MA60之下（低位）",2026-09-18
sz300478,杭州高新,33.76,48.24632952691679,1.2709703098741043,11.899237653297966,建仓后期,70.0,"位置分位48.2%（中低位）, 低位涨11.9%, MA20之上, 价升量增",2026-09-18
sz002758,浙农股份,8.58,46.057347670250884,0.7746297544618963,8.607594936708857,洗盘,54.54545454545454,连续3天缩量,2026-09-18
sz002109,ST兴化,2.77,16.949152542372882,0.9931407393066062,0.7272727272727278,建仓后期,75.0,位置分位16.9%（低位）,2026-09-18
sz000889,中嘉博创,3.89,34.21052631578948,0.695850912245698,0.7772020725388666,洗盘,78.57142857142857,"中位缩量（量比0.70）, 连续3天缩量",2026-09-18
sz002745,木林森,12.23,69.9828473413379,0.7219016800774309,7.658450704225361,洗盘,50.0,位置分位70.0%（中位）,2026-09-18
sz300588,熙菱信息,21.8,40.886699507389174,1.3018741205065882,-2.8953229398663636,建仓后期,66.66666666666666,"位置分位40.9%（中低位）, 当日涨3.42%, 价升量增",2026-09-18
sz300847,中船汉光,13.78,27.350427350427335,0.7220257747735428,-0.14492753623189383,建仓初期,50.0,"MA20之下（低位）, MA60之下（低位）, 连续3天缩量",2026-09-18
sz000686,东北证券,7.73,24.074074074074094,1.0268013099497326,-1.0243277848911547,建仓后期,66.66666666666666,位置分位24.1%（低位）,2026-09-18
sz301458,钧崴电子,39.59,25.08335470633497,0.9006119429647171,4.459102902374683,建仓后期,87.5,"位置分位25.1%（低位）, MA20之上",2026-09-18
sz301122,采纳股份,49.69,97.76556776556777,1.2847155666304602,25.797468354430375,拉升,61.904761904761905,"20日大涨25.8%, 当日大涨5.48%, MA20之上, MA60之上, 价升量增",2026-09-18
sz300365,恒华科技,4.49,12.043795620437958,1.1622449277599536,-2.1786492374727593,建仓后期,66.66666666666666,位置分位12.0%（低位）,2026-09-18
sz300278,华昌达,3.52,9.85915492957746,1.6962162108407077,-6.133333333333333,建仓初期,64.70588235294117,"位置分位9.9%（极低位）, MA20之下（低位）, MA60之下（低位）",2026-09-18
sz300695,兆丰股份,53.76,29.76360011392765,1.2381506052937556,9.580105992662038,建仓后期,100.0,"位置分位29.8%（低位）, 低位涨9.6%, 当日涨3.76%, MA20之上, 连续3天放量, 价升量增",2026-09-18
sz300468,四方精创,21.99,21.222810111698994,1.0258877527868389,-0.9905447996398127,建仓后期,75.0,位置分位21.2%（低位）,2026-09-18
sz002883,*ST中设,9.14,46.694214876033094,1.3075226514067717,-0.10928961748633645,建仓后期,57.14285714285714,"位置分位46.7%（中低位）, 价升量增",2026-09-18
sz002110,三钢闽光,2.91,12.396694214876058,0.9607338598258047,-1.3559322033898318,建仓后期,66.66666666666666,位置分位12.4%（低位）,2026-09-18
sz300895,铜牛信息,56.46,36.002851711026615,1.405265810027715,7.56334539912364,建仓后期,70.0,"位置分位36.0%（中低位）, 低位涨7.6%, MA20之上, 价升量增",2026-09-18
sz002533,金杯电工,10.95,23.131672597864767,0.9219313135636501,-2.406417112299477,建仓后期,66.66666666666666,位置分位23.1%（低位）,2026-09-18
sz000008,神州高铁,2.4,16.08391608391608,0.8227370781021435,-2.4390243902439046,建仓后期,66.66666666666666,位置分位16.1%（低位）,2026-09-18
sz300403,汉宇集团,8.66,10.02331002331002,0.9577345251223017,-4.939626783754108,建仓后期,66.66666666666666,位置分位10.0%（低位）,2026-09-18
sz300772,运达股份,9.37,3.075571177504391,1.2290520168393675,-17.29920564872022,建仓初期,93.33333333333333,"位置分位3.1%（极低位）, 低位跌-17.3%, MA20之下（低位）, MA60之下（低位）",2026-09-18
sz300189,神农种业,6.53,60.08869179600889,0.9808725763831744,16.815742397137754,洗盘,50.0,位置分位60.1%（中位）,2026-09-18
sz300360,炬华科技,11.07,2.7985074626865734,1.1116481252098214,-5.465414175918023,建仓初期,100.0,"位置分位2.8%（极低位）, MA20之下（低位）, MA60之下（低位）",2026-09-18
sz000868,安凯客车,3.99,50.31446540880504,1.3954576396274156,14.326647564469914,洗盘,50.0,位置分位50.3%（中位）,2026-09-18
sz002946,新乳业,14.44,22.566371681415916,0.8389429359663133,-7.317073170731711,建仓后期,66.66666666666666,位置分位22.6%（低位）,2026-09-18
sz300599,雄塑科技,11.84,61.212028697908714,1.1773430470496038,-1.4154870940882591,洗盘,50.0,位置分位61.2%（中位）,2026-09-18
sz301327,华宝新能,40.5,3.194159251654115,0.9988460983701141,-7.365050320219576,建仓初期,100.0,"位置分位3.2%（极低位）, MA20之下（低位）, MA60之下（低位）",2026-09-18
sz300992,泰福泵业,30.85,52.645228215767645,1.3081163177396338,27.637567232105916,拉升,68.42105263157895,"20日大涨27.6%, MA20之上, MA60之上, 连续3天放量, 价升量增",2026-09-18
sz000688,国城矿业,25.6,5.961871750433284,1.3202362279358033,-23.076923076923077,建仓初期,100.0,"位置分位6.0%（极低位）, 低位跌-23.1%, MA20之下（低位）, MA60之下（低位）",2026-09-18
sz002625,光启技术,27.6,7.892429114294076,1.2691853963381208,-1.8143009605122662,建仓初期,78.57142857142857,"位置分位7.9%（极低位）, MA20之下（低位）, MA60之下（低位）",2026-09-18
sz000955,欣龙控股,4.17,38.67403314917126,1.161489228016741,0.0,建仓后期,50.0,位置分位38.7%（中低位）,2026-09-18
sz001331,胜通能源,44.86,40.969387755102034,1.1921661012057572,0.3130590339892678,建仓后期,57.14285714285714,"位置分位41.0%（中低位）, MA20之上",2026-09-18
sz002096,易普力,9.16,22.205128205128194,1.122728184946426,-0.6507592190889424,建仓后期,66.66666666666666,位置分位22.2%（低位）,2026-09-18
sz001337,四川黄金,50.4,64.48501550120565,1.217902448014252,-2.0788809014960177,洗盘,50.0,位置分位64.5%（中位）,2026-09-18
sz300537,广信材料,21.72,29.689737470167053,0.8618502446466112,10.590631364562109,建仓后期,100.0,"位置分位29.7%（低位）, 低位涨10.6%, MA20之上",2026-09-18
sz002642,荣联科技,6.99,28.767123287671232,1.0194243175542785,-0.8510638297872285,建仓后期,66.66666666666666,位置分位28.8%（低位）,2026-09-18
sz002742,冀衡医药,4.08,29.411764705882348,0.9074628901001496,0.4926108374384351,建仓后期,75.0,位置分位29.4%（低位）,2026-09-18
sz002318,久立特材,18.26,8.106378439877698,1.289145035720012,-5.290456431535267,建仓初期,91.66666666666666,"位置分位8.1%（极低位）, MA20之下（低位）, MA60之下（低位）",2026-09-18
sz000625,长安汽车,7.12,15.694822888283388,0.6896662136351555,0.7072135785007047,建仓初期,53.333333333333336,"低位缩量（量比0.69）, MA60之下（低位）, 价跌量缩",2026-09-18
sz002034,旺能环境,14.38,9.335899903753615,0.6957110532089962,5.270863836017574,建仓初期,81.25,"位置分位9.3%（极低位）, 低位缩量（量比0.70）",2026-09-18
sz301024,霍普股份,32.18,28.46949696753479,0.9142481626522183,2.288620470438649,建仓后期,75.0,位置分位28.5%（低位）,2026-09-18
sz002935,天奥电子,15.96,22.843601895734597,0.8746069671553133,0.12547051442911764,建仓后期,87.5,"位置分位22.8%（低位）, MA20之上",2026-09-18
sz300350,华鹏飞,4.33,32.044198895027634,1.3606394884742177,-0.2304147465437739,建仓后期,50.0,位置分位32.0%（中低位）,2026-09-18
sz300983,尤安设计,38.65,44.094173982442136,0.8976510067114094,-3.2298447671507238,建仓后期,66.66666666666666,"位置分位44.1%（中低位）, 当日涨4.01%, MA20之上",2026-09-18
sz300177,中海达,6.09,17.25888324873096,1.0969258714246297,-1.2965964343598066,建仓后期,66.66666666666666,位置分位17.3%（低位）,2026-09-18
sz300987,川网传媒,15.25,58.14905814905815,1.5401362924323507,15.181268882175225,拉升,71.42857142857143,"中位放量（量比1.54）, 20日大涨15.2%, MA20之上, MA60之上, 价升量增",2026-09-18
sz300635,中达安,11.72,37.40157480314963,0.8213821918581672,-4.248366013071892,建仓后期,50.0,位置分位37.4%（中低位）,2026-09-18
sz002321,华英农业,2.09,57.83132530120481,2.016777923756332,2.955665024630545,洗盘,50.0,位置分位57.8%（中位）,2026-09-18
sz001203,大中矿业,23.49,2.702532838916471,0.8383457068496107,-17.17207334273625,建仓初期,100.0,"位置分位2.7%（极低位）, 低位跌-17.2%, MA20之下（低位）, MA60之下（低位）",2026-09-18
sz300321,同大股份,35.8,20.673635307781645,1.171161366620958,6.231454005934701,建仓后期,91.66666666666666,"位置分位20.7%（低位）, 低位涨6.2%, 当日涨4.25%, MA20之上",2026-09-18
sz001313,粤海饲料,7.15,15.105740181268878,0.701448018803793,-8.801020408163259,建仓初期,50.0,"MA20之下（低位）, MA60之下（低位）, 连续3天缩量",2026-09-18
sz300063,天龙集团,8.68,22.388059701492534,1.103667548226509,-2.142051860202926,建仓后期,66.66666666666666,位置分位22.4%（低位）,2026-09-18
sz002475,立讯精密,54.1,18.469508584961524,1.3225130991950935,-1.0064043915827945,建仓后期,75.0,"位置分位18.5%（低位）, 当日涨3.78%, 价升量增",2026-09-18
sz001227,兰州银行,2.11,41.37931034482757,0.6472718971201444,0.0,洗盘,72.72727272727273,中位缩量（量比0.65）,2026-09-18
sz002098,浔兴股份,7.91,52.85714285714286,0.9007453099459638,11.88118811881188,洗盘,50.0,位置分位52.9%（中位）,2026-09-18
sz002217,ST合力泰,1.62,10.460251046025105,1.3372135466658839,11.724137931034493,建仓后期,100.0,"位置分位10.5%（低位）, 低位涨11.7%, MA20之上, 价升量增",2026-09-18
sz002315,焦点科技,24.08,21.727972626176214,1.2848707555505687,-5.084745762711875,建仓后期,66.66666666666666,位置分位21.7%（低位）,2026-09-18
sz000727,冠捷科技,2.24,12.121212121212135,1.0016087681256876,1.3574660633484277,建仓后期,66.66666666666666,位置分位12.1%（低位）,2026-09-18
sz000726,鲁 泰Ａ,6.2,52.12121212121213,0.9345840703523892,5.802047781569963,洗盘,50.0,位置分位52.1%（中位）,2026-09-18
sz301102,兆讯传媒,9.2,28.321678321678284,1.023252380600871,-1.498929336188443,建仓后期,66.66666666666666,位置分位28.3%（低位）,2026-09-18
sz002452,长高电气,12.11,57.3170731707317,1.0975065350313133,7.932263814616744,洗盘,50.0,位置分位57.3%（中位）,2026-09-18
sz002778,中晟高科,15.15,23.950056753688997,0.9780971996261553,-3.870558375634514,建仓后期,66.66666666666666,位置分位24.0%（低位）,2026-09-18
sz000408,藏格矿业,72.16,25.235026535253972,1.186905260364114,-6.520021245449718,建仓后期,66.66666666666666,位置分位25.2%（低位）,2026-09-18
sz300249,依米康,13.47,24.370594159113796,1.42362086142168,5.152224824355973,建仓后期,100.0,"位置分位24.4%（低位）, 低位涨5.2%, MA20之上, 价升量增",2026-09-18
sz301001,凯淳股份,24.86,44.620517097581306,1.2077960600931759,4.938792739552546,建仓后期,62.5,"位置分位44.6%（中低位）, MA20之上, 价升量增",2026-09-18
sz000958,电投产融,5.13,7.361963190184056,0.9364633169561067,-2.285714285714288,建仓初期,100.0,"位置分位7.4%（极低位）, MA20之下（低位）, MA60之下（低位）",2026-09-18
sz300975,商络电子,27.01,28.284074451536778,1.0179369888803906,5.507812500000001,建仓后期,90.0,"位置分位28.3%（低位）, 低位涨5.5%, MA20之上",2026-09-18
sz300622,博士眼镜,15.16,30.686665749277566,1.7592362927356129,4.049416609471516,建仓后期,38.46153846153847,"位置分位30.7%（中低位）, MA20之上, 价升量增",2026-09-18
sz300778,新城市,10.38,29.17316692667708,0.91716727013386,0.1930501930502061,建仓后期,75.0,位置分位29.2%（低位）,2026-09-18
sz002048,宁波华翔,18.32,9.546017634627988,1.1624958576435265,-5.225038799793058,建仓初期,100.0,"位置分位9.5%（极低位）, MA20之下（低位）, MA60之下（低位）",2026-09-18
sz002202,金风科技,18.2,14.450726978998368,0.6170095500171685,-5.158936946326222,建仓初期,62.5,"低位缩量（量比0.62）, MA20之下（低位）, MA60之下（低位）, 价跌量缩",2026-09-18
sz300563,神宇股份,27.02,51.65275232471323,0.7300916785451841,16.165090283748913,拉升,64.70588235294117,"20日大涨16.2%, 当日大涨3.29%, MA20之上, MA60之上",2026-09-18
sz301213,观想科技,40.22,26.91920040315806,0.9553676710404174,-7.794589637780831,建仓后期,66.66666666666666,位置分位26.9%（低位）,2026-09-18
sz301629,矽电股份,285.91,30.577198282715862,1.2959438563102177,12.117171875612735,建仓后期,70.0,"位置分位30.6%（中低位）, 低位涨12.1%, MA20之上, 价升量增",2026-09-18
sz002756,永兴材料,40.93,2.86074379338628,1.184000740951461,-14.174879429649817,建仓初期,100.0,"位置分位2.9%（极低位）, MA20之下（低位）, MA60之下（低位）",2026-09-18
sz002366,融发核电,5.7,27.070063694267528,0.7862073097019023,0.5291005291005335,建仓初期,50.0,"MA20之下（低位）, MA60之下（低位）, 连续3天缩量",2026-09-18
sz301618,长联科技,30.94,7.129629629629641,1.3075063294026412,-6.807228915662655,建仓初期,91.66666666666666,"位置分位7.1%（极低位）, MA20之下（低位）, MA60之下（低位）",2026-09-18
sz301487,盟固利,16.24,16.419734229418044,0.8807009468598432,0.24691358024690832,建仓后期,87.5,"位置分位16.4%（低位）, MA20之上",2026-09-18
sz002365,永安药业,13.83,54.85636114911081,0.813598439491676,-16.636528028933093,洗盘,60.0,位置分位54.9%（中位）,2026-09-18
sz300289,利德曼,5.78,31.891891891891888,1.1223081117242393,-2.693602693602696,建仓后期,50.0,位置分位31.9%（中低位）,2026-09-18
sz002703,浙江世宝,15.41,36.912156166814555,1.0754891982887675,13.392200147167035,建仓后期,62.5,"位置分位36.9%（中低位）, 低位涨13.4%",2026-09-18
sz000528,柳 工,7.65,11.057360055286809,0.7452321322582046,-4.968944099378886,建仓后期,54.54545454545454,位置分位11.1%（低位）,2026-09-18
sz002812,恩捷股份,48.58,6.811145510835913,0.822138757904741,-14.501935938049987,建仓初期,100.0,"位置分位6.8%（极低位）, MA20之下（低位）, MA60之下（低位）",2026-09-18
sz300561,汇金科技,15.72,38.84514435695539,1.0549214829205116,2.879581151832469,建仓后期,50.0,位置分位38.8%（中低位）,2026-09-18
sz000601,韶能股份,6.27,13.768115942028972,0.8579958366426114,1.1290322580645062,建仓后期,87.5,"位置分位13.8%（低位）, MA20之上",2026-09-18
sz300648,星云股份,42.5,52.60039499670837,1.5601459043692016,4.551045510455108,拉升,62.5,"中位放量（量比1.56）, MA20之上, MA60之上, 价升量增",2026-09-18
sz002444,巨星科技,27.97,15.956392467789879,1.3438598524741852,-4.896293777626662,建仓后期,80.0,"位置分位16.0%（低位）, 当日涨3.44%, 连续3天放量, 价升量增",2026-09-18
sz301155,海力风电,42.09,14.889889889889899,0.6881795270893007,0.14275517487509462,建仓初期,50.0,"低位缩量（量比0.69）, 价跌量缩",2026-09-18
sz000815,美利云,15.55,31.184668989547042,0.9109703614250328,-5.6432038834951435,建仓后期,50.0,位置分位31.2%（中低位）,2026-09-18
sz300137,先河环保,11.5,19.05550952775477,1.552646061240289,-2.127659574468085,建仓后期,93.75,"位置分位19.1%（低位）, 低位放量（量比1.55）, 当日涨9.00%, MA20之上, 价升量增",2026-09-18
sz000936,华西股份,5.55,22.774869109947645,2.3664399858165193,1.0928961748633808,建仓后期,87.5,"位置分位22.8%（低位）, 低位放量（量比2.37）, 当日涨3.35%, 价升量增",2026-09-18
sz301220,亚香股份,31.35,34.82479784366578,0.7448687408262952,13.299602457535235,建仓后期,66.66666666666666,"位置分位34.8%（中低位）, 低位涨13.3%, MA20之上",2026-09-18
sz300466,赛摩智能,7.07,19.488817891373813,1.1452810180275717,-2.6170798898071554,建仓后期,66.66666666666666,位置分位19.5%（低位）,2026-09-18
sz002083,孚日股份,9.75,21.451048951048953,1.2792317772901334,-7.407407407407401,建仓后期,75.0,"位置分位21.5%（低位）, 连续3天放量",2026-09-18
sz301277,新天地,9.86,35.427135678391956,1.3153277627914117,-6.893295561850807,建仓后期,57.14285714285714,"位置分位35.4%（中低位）, 价升量增",2026-09-18
sz002975,博杰股份,104.86,49.33122173672461,0.9735921094495705,4.286424664346098,建仓后期,57.14285714285714,"位置分位49.3%（中低位）, MA20之上",2026-09-18
sz300078,思创智联,2.68,4.761904761904765,0.9909325276859235,-13.268608414239472,建仓初期,100.0,"位置分位4.8%（极低位）, MA20之下（低位）, MA60之下（低位）",2026-09-18
sz300931,通用电梯,16.85,87.80760626398211,1.2526769076733384,9.915198956294855,出货,57.89473684210527,"位置分位87.8%（极高位）, 高位连续放量",2026-09-18
sz002474,榕基软件,6.34,31.152647975077873,0.7682088302540444,4.105090311986864,建仓后期,50.0,位置分位31.2%（中低位）,2026-09-18
sz002149,西部材料,33.96,11.038316458209255,1.401271835018759,-9.0032154340836,建仓后期,70.0,"位置分位11.0%（低位）, 价升量增",2026-09-18
sz301668,昊创瑞通,32.78,17.478152309612994,1.8338105888008693,-3.161004431314624,建仓后期,82.35294117647058,"位置分位17.5%（低位）, 低位放量（量比1.83）, 当日涨4.06%, 价升量增",2026-09-18
sz003010,若羽臣,29.54,67.0191134607564,0.8049809749284013,1.3726835964310178,洗盘,85.71428571428571,位置分位67.0%（中位）,2026-09-18
sz300081,ST恒信,3.46,37.50000000000001,0.9132034026260522,8.124999999999993,建仓后期,66.66666666666666,"位置分位37.5%（中低位）, 低位涨8.1%, MA20之上",2026-09-18
sz001286,陕西能源,9.66,9.708737864077676,0.676084880003184,1.5772870662460605,建仓初期,94.44444444444444,"位置分位9.7%（极低位）, 低位缩量（量比0.68）, MA60之下（低位）, 连续3天缩量",2026-09-18
sz002789,*ST建艺,13.98,79.04884318766068,0.9989840553125441,37.59842519685039,拉升,57.14285714285714,"20日大涨37.6%, MA20之上, MA60之上",2026-09-18
sz001332,锡装股份,28.9,13.26388888888889,2.4071614846464002,-5.955092743247647,建仓后期,93.75,"位置分位13.3%（低位）, 低位放量（量比2.41）, 当日涨10.01%, MA20之上, 价升量增",2026-09-18
sz000989,九芝堂,8.68,43.83561643835615,1.2063919891254329,-3.9823008849557464,建仓后期,57.14285714285714,"位置分位43.8%（中低位）, 价升量增",2026-09-18
sz002205,国统股份,10.35,28.571428571428566,0.891351994124299,-2.9080675422138884,建仓后期,66.66666666666666,位置分位28.6%（低位）,2026-09-18
sz300985,致远新能,38.35,48.73467258022437,1.1389243763085986,-3.0341340075853247,建仓后期,57.14285714285714,"位置分位48.7%（中低位）, MA20之上",2026-09-18
sz001288,运机集团,29.88,88.33819241982508,0.7140364031232225,16.992952231793264,出货,55.55555555555556,"位置分位88.3%（极高位）, 价跌量缩",2026-09-18
sz301393,昊帆生物,60.44,47.93037882112035,1.1393281046848132,-7.626471037750281,建仓后期,57.14285714285714,"位置分位47.9%（中低位）, MA20之上",2026-09-18
sz301317,鑫磊股份,51.12,27.05154306678223,0.9626240164214848,18.44300278035218,建仓后期,100.0,"位置分位27.1%（低位）, 低位涨18.4%, MA20之上",2026-09-18
sz002860,星帅尔,16.72,61.26501593527826,0.7778833707460143,-3.9080459770114926,洗盘,66.66666666666666,位置分位61.3%（中位）,2026-09-18
sz002390,信邦制药,2.94,47.50593824228027,0.9930145163953704,-3.2894736842105288,建仓后期,50.0,位置分位47.5%（中低位）,2026-09-18
sz000898,鞍钢股份,2.04,36.065573770491795,0.9499301589390231,2.0000000000000018,建仓后期,50.0,位置分位36.1%（中低位）,2026-09-18
sz300554,三超新材,22.97,38.644785600847,2.1217840724136945,11.504854368932026,建仓后期,52.94117647058824,"位置分位38.6%（中低位）, 低位涨11.5%, 当日涨6.54%, MA20之上, 价升量增",2026-09-18
sz000876,新 希 望,7.16,42.138364779874216,1.0911480220169938,3.7681159420289823,建仓后期,50.0,位置分位42.1%（中低位）,2026-09-18
sz000993,闽东电力,19.6,98.4200743494424,1.045112809691747,101.85375901132852,拉升,57.89473684210527,"20日大涨101.9%, 当日大涨9.07%, MA20之上, MA60之上",2026-09-18
sz301262,海看股份,20.05,32.390381895332396,1.1044641305246001,7.9698438341410895,建仓后期,66.66666666666666,"位置分位32.4%（中低位）, 低位涨8.0%, MA20之上",2026-09-18
sz002967,广电计量,17.12,17.999162829635846,0.8044355655143555,-0.6384213580963403,建仓后期,66.66666666666666,位置分位18.0%（低位）,2026-09-18
sz300268,佳沃食品,11.63,41.945773524720906,0.8893019473447279,-3.083333333333327,建仓后期,50.0,位置分位41.9%（中低位）,2026-09-18
sz301636,泽润新能,38.09,10.609857978279042,1.329237036019955,-4.822588705647175,建仓后期,70.0,"位置分位10.6%（低位）, 价升量增",2026-09-18
sz000782,恒申新材,8.12,76.0925449871465,1.7926284752264892,5.317769130998693,拉升,50.0,"20日涨5.3%, 当日大涨3.57%, MA20之上, MA60之上, 价升量增",2026-09-18
sz301180,万祥科技,11.48,16.071428571428577,1.2009020432646678,-2.131287297527707,建仓后期,70.0,"位置分位16.1%（低位）, 价升量增",2026-09-18
sz002584,西陇科学,9.75,63.76811594202898,1.784246152070779,21.118012422360238,拉升,75.0,"中位放量（量比1.78）, 20日大涨21.1%, MA20之上, MA60之上, 连续3天放量, 价升量增",2026-09-18
sz301381,赛维时代,24.01,93.47037484885128,1.2372143688757637,6.42730496453902,出货,57.14285714285714,位置分位93.5%（极高位）,2026-09-18
sz300848,美瑞新材,11.08,4.6454767726161466,1.1353847969185904,-12.202852614896983,建仓初期,100.0,"位置分位4.6%（极低位）, MA20之下（低位）, MA60之下（低位）",2026-09-18
sz002542,*ST中岩,1.68,23.809523809523807,0.8061215064263282,-11.578947368421051,建仓后期,75.0,位置分位23.8%（低位）,2026-09-18
sz301362,民爆光电,119.19,26.777938651495504,0.9204294771917374,-0.9803107086483399,建仓后期,90.0,"位置分位26.8%（低位）, 当日涨3.33%, MA20之上",2026-09-18
sz002050,三花智控,35.31,9.045942694175846,1.2434240043010183,-3.8136747480250572,建仓初期,91.66666666666666,"位置分位9.0%（极低位）, MA20之下（低位）, MA60之下（低位）",2026-09-18
sz300802,矩子科技,28.55,97.08242159008024,1.6437742803498967,20.974576271186436,拉升,50.0,"20日大涨21.0%, 当日大涨7.13%, MA20之上, MA60之上, 价升量增",2026-09-18
sz300766,每日互动,21.9,12.319456244689885,0.9492405380217823,1.2950971322849103,建仓后期,66.66666666666666,位置分位12.3%（低位）,2026-09-18
sz300461,田中精机,33.25,15.907365223993928,1.2799869389087866,6.1283115225024,建仓后期,100.0,"位置分位15.9%（低位）, 低位涨6.1%, MA20之上",2026-09-18
sz300534,陇神戎发,12.79,42.3836389280677,1.2812480446228245,-30.299727520435976,建仓后期,40.0,"位置分位42.4%（中低位）, 价升量增",2026-09-18
sz300442,润泽科技,63.29,11.94096936100082,1.257432359812074,-1.038246239484632,建仓后期,88.88888888888889,"位置分位11.9%（低位）, MA20之上, 价升量增",2026-09-18
sz301103,何氏眼科,15.81,23.132615221613996,1.3556725922796002,-5.555555555555544,建仓后期,70.0,"位置分位23.1%（低位）, 价升量增",2026-09-18
sz002514,*ST宝馨,2.58,33.23943661971831,0.6003847604102033,48.275862068965516,洗盘,53.333333333333336,中位缩量（量比0.60）,2026-09-18
sz000848,承德露露,8.15,45.08928571428572,0.8213698061163089,-1.5700483091787323,建仓后期,50.0,位置分位45.1%（中低位）,2026-09-18
sz003027,同兴科技,16.06,16.673916195447287,0.863862338354097,-2.784503631961264,建仓后期,66.66666666666666,位置分位16.7%（低位）,2026-09-18
sz002563,森马服饰,5.43,42.58064516129031,0.9626889379099037,-2.338129496402876,建仓后期,50.0,位置分位42.6%（中低位）,2026-09-18
sz300662,科锐国际,21.26,53.628117913832206,1.0442994536919261,6.834170854271372,洗盘,50.0,位置分位53.6%（中位）,2026-09-18
sz300099,尤洛卡,6.21,16.877637130801684,0.7615837643536487,4.36974789915966,建仓后期,70.0,"位置分位16.9%（低位）, MA20之上",2026-09-18
sz301548,崇德科技,54.32,5.728063540090777,1.4456426425866156,-11.948258254850792,建仓初期,78.57142857142857,"位置分位5.7%（极低位）, MA20之下（低位）, MA60之下（低位）",2026-09-18
sz000702,正虹科技,5.62,39.56834532374102,0.7486307583750547,2.5547445255474392,洗盘,66.66666666666666,连续3天缩量,2026-09-18
sz002044,美年健康,4.42,6.879805746661267,1.289016626940294,-5.756929637526661,建仓初期,91.66666666666666,"位置分位6.9%（极低位）, MA20之下（低位）, MA60之下（低位）",2026-09-18
sz002818,富森美,11.48,63.54679802955666,1.0619473856565878,5.514705882352938,洗盘,50.0,位置分位63.5%（中位）,2026-09-18
sz002127,南极电商,3.01,57.47126436781609,1.3407201601264376,7.11743772241992,洗盘,50.0,位置分位57.5%（中位）,2026-09-18
sz002683,广东宏大,28.11,17.719911082883453,1.0825769800877685,-5.008110300081101,建仓后期,66.66666666666666,位置分位17.7%（低位）,2026-09-18
sz300010,ST豆神,5.09,71.64835164835165,0.6707774627320706,134.5622119815668,拉升,57.89473684210527,"20日大涨134.6%, 当日大涨3.04%, MA20之上, MA60之上",2026-09-18
sz002748,世龙实业,12.32,77.62669962917184,1.3131034006321134,4.851063829787237,出货,54.54545454545454,位置分位77.6%（中高位）,2026-09-18
sz300230,永利股份,4.3,31.21951219512194,0.7541904699161435,0.7025761124121839,建仓后期,50.0,位置分位31.2%（中低位）,2026-09-18
sz300070,碧水源,3.36,19.891500904159106,1.3547042485375018,-2.0408163265306203,建仓后期,66.66666666666666,位置分位19.9%（低位）,2026-09-18
sz002172,澳洋健康,5.28,88.8501742160279,1.1386571714108806,30.6930693069307,拉升,57.89473684210527,"20日大涨30.7%, 当日大涨4.97%, MA20之上, MA60之上",2026-09-18
sz301510,固高科技,27.34,19.123085050184898,1.2281476782734118,4.510703363914372,建仓后期,90.9090909090909,"位置分位19.1%（低位）, 当日涨3.21%, MA20之上, 价升量增",2026-09-18
sz000521,长虹美菱,4.43,6.310679611650478,0.9587895467324642,-7.900207900207899,建仓初期,100.0,"位置分位6.3%（极低位）, MA20之下（低位）, MA60之下（低位）",2026-09-18
sz002543,万和电气,7.15,36.65444851716096,0.6124212754697009,-2.188782489740072,洗盘,78.57142857142857,"中位缩量（量比0.61）, 连续3天缩量",2026-09-18
sz002943,宇晶股份,30.32,9.347357855335519,0.9938294524302056,-10.718492343934042,建仓初期,100.0,"位置分位9.3%（极低位）, MA20之下（低位）, MA60之下（低位）",2026-09-18
sz300793,佳禾智能,11.7,35.8181818181818,1.60780615206036,6.363636363636357,建仓后期,52.94117647058824,"位置分位35.8%（中低位）, 低位涨6.4%, 当日涨3.82%, MA20之上, 价升量增",2026-09-18
sz300384,三联虹普,11.57,14.933837429111547,1.220329448595502,-9.254901960784313,建仓后期,66.66666666666666,位置分位14.9%（低位）,2026-09-18
sz002300,太阳电缆,8.67,50.74135090609555,1.2942005173445228,29.017857142857146,拉升,68.42105263157895,"20日大涨29.0%, 当日大涨10.03%, MA20之上, MA60之上, 价升量增",2026-09-18
sz002319,乐通股份,10.14,28.488372093023273,1.0357479022464042,-10.186005314437544,建仓后期,66.66666666666666,位置分位28.5%（低位）,2026-09-18
sz301207,华兰疫苗,18.38,34.11193339500462,1.2312956293672075,2.9691876750700144,建仓后期,62.5,"位置分位34.1%（中低位）, MA20之上, 价升量增",2026-09-18
sz000420,吉林化纤,3.54,4.115226337448563,1.3674736464482964,-3.542234332425066,建仓初期,91.66666666666666,"位置分位4.1%（极低位）, MA20之下（低位）, MA60之下（低位）",2026-09-18
sz002176,江特电机,8.53,13.347022587268986,1.0174183270096717,-5.641592920353981,建仓后期,66.66666666666666,位置分位13.3%（低位）,2026-09-18
sz002394,联发股份,10.46,44.82758620689656,0.7785164319248826,10.221285563751325,洗盘,54.54545454545454,连续3天缩量,2026-09-18
sz002392,北京利尔,7.79,27.35751295336788,1.2129313476207773,3.452855245683928,建仓后期,77.77777777777779,"位置分位27.4%（低位）, 价升量增",2026-09-18
sz300788,中信出版,36.66,79.22288181327576,1.0562738807716565,53.389121338912126,拉升,64.70588235294117,"20日大涨53.4%, 当日大涨9.24%, MA20之上, MA60之上",2026-09-18
sz300889,爱克股份,23.92,67.46794871794873,1.36914313662992,12.776991984912781,拉升,64.70588235294117,"20日涨12.8%, 当日大涨4.87%, MA20之上, MA60之上, 价升量增",2026-09-18
sz301287,康力源,40.87,69.36090225563909,0.9554626123325609,0.6154603643525357,洗盘,85.71428571428571,位置分位69.4%（中位）,2026-09-18
sz002988,豪美新材,31.47,64.92427943331704,0.8852965937054785,30.52675238490253,拉升,57.14285714285714,"20日大涨30.5%, MA20之上, MA60之上",2026-09-18
sz300203,聚光科技,12.76,32.64150943396228,2.215464005946595,-3.4065102195306665,建仓后期,38.46153846153847,"位置分位32.6%（中低位）, MA20之上, 价升量增",2026-09-18
sz300988,津荣天宇,15.7,33.31970564186426,1.1518030711734657,7.094133697135055,建仓后期,66.66666666666666,"位置分位33.3%（中低位）, 低位涨7.1%, MA20之上",2026-09-18
sz300850,新强联,28.85,28.38035527690701,0.7017047937179983,14.121835443037975,建仓后期,81.81818181818183,"位置分位28.4%（低位）, 低位涨14.1%, MA20之上",2026-09-18
sz300389,艾比森,12.73,16.274089935760166,1.2163675670044019,2.910266774454335,建仓后期,100.0,"位置分位16.3%（低位）, MA20之上, 价升量增",2026-09-18
sz003015,日久光电,12.48,40.17919641607169,1.1530203521939955,1.3809910641754666,建仓后期,57.14285714285714,"位置分位40.2%（中低位）, MA20之上",2026-09-18
sz300284,苏交科,5.1,10.37924151696606,1.1721001572895398,-1.5444015444015458,建仓后期,66.66666666666666,位置分位10.4%（低位）,2026-09-18
sz002259,升达林业,4.11,31.089743589743602,0.8153204985816713,6.75324675324676,建仓后期,62.5,"位置分位31.1%（中低位）, 低位涨6.8%",2026-09-18
sz301227,森鹰窗业,33.44,88.88888888888889,1.0135452246238885,9.999999999999998,拉升,52.94117647058824,"20日涨10.0%, 当日大涨5.99%, MA20之上, MA60之上",2026-09-18
sz002957,科瑞技术,42.44,36.05251829530778,1.1564000795688127,0.07073803348267187,建仓后期,57.14285714285714,"位置分位36.1%（中低位）, MA20之上",2026-09-18
sz001300,三柏硕,11.89,27.79426310583581,0.9922237322191373,5.407801418439727,建仓后期,80.0,"位置分位27.8%（低位）, 低位涨5.4%",2026-09-18
sz300947,德必集团,14.42,37.276478679504805,1.0010744548362678,1.7642907551164433,建仓后期,50.0,位置分位37.3%（中低位）,2026-09-18
sz002577,雷柏科技,21.9,97.25274725274721,1.7484386972530566,16.057233704292514,出货,55.172413793103445,"位置分位97.3%（极高位）, 高位放量（量比1.75）, 高位连续放量",2026-09-18
sz002497,雅化集团,16.61,4.604567232903991,0.8367656179253719,-14.733059548254626,建仓初期,100.0,"位置分位4.6%（极低位）, MA20之下（低位）, MA60之下（低位）",2026-09-18
sz002673,西部证券,6.75,50.0,1.3057255633104141,4.489164086687307,洗盘,85.71428571428571,位置分位50.0%（中位）,2026-09-18
sz300423,昇辉科技,5.54,17.941952506596298,1.0628018521348046,-4.647160068846809,建仓后期,66.66666666666666,位置分位17.9%（低位）,2026-09-18
sz301316,慧博云通,38.93,28.46668791839337,2.0882257622217235,-0.6380806533945891,建仓后期,100.0,"位置分位28.5%（低位）, 低位放量（量比2.09）, 当日涨6.66%, MA20之上, 价升量增",2026-09-18
sz300244,迪安诊断,19.01,50.29673590504454,1.5090242336161153,-7.941888619854708,拉升,68.42105263157895,"中位放量（量比1.51）, 当日大涨3.15%, MA20之上, MA60之上, 价升量增",2026-09-18
sz002568,百润股份,17.92,58.18452380952384,0.9477504735510609,-1.2672176308539773,洗盘,75.0,位置分位58.2%（中位）,2026-09-18
sz002141,贤丰控股,6.5,79.81859410430839,0.6360421402168507,0.7751937984496096,出货,90.9090909090909,"位置分位79.8%（中高位）, 高位缩量（量比0.64）, 价跌量缩",2026-09-18
sz301005,超捷股份,63.58,7.4849463206461575,1.1326828332823466,-12.916038898780997,建仓初期,100.0,"位置分位7.5%（极低位）, MA20之下（低位）, MA60之下（低位）",2026-09-18
sz300410,正业科技,8.79,37.43523316062175,0.6947226482297274,11.26582278481011,洗盘,57.14285714285714,中位缩量（量比0.69）,2026-09-18
sz300109,新开源,12.9,17.38099940746595,1.0425144258030086,-21.341463414634138,建仓初期,50.0,"低位跌-21.3%, MA20之下（低位）, MA60之下（低位）",2026-09-18
sz300653,正海生物,15.14,27.130594727161274,1.6418325197146075,0.46449900464499194,建仓后期,100.0,"位置分位27.1%（低位）, 低位放量（量比1.64）, MA20之上, 价升量增",2026-09-18
sz002402,和而泰,18.99,8.565576314319404,1.3137163788637916,0.2110817941952462,建仓初期,69.23076923076923,"位置分位8.6%（极低位）, MA60之下（低位）",2026-09-18
sz300518,新迅达,24.4,33.617021276595736,1.3175346955497516,5.03659061558329,建仓后期,66.66666666666666,"位置分位33.6%（中低位）, 低位涨5.0%, 价升量增",2026-09-18
sz002864,盘龙药业,20.56,24.051948051948045,1.1342755739025372,-4.416550441655057,建仓后期,66.66666666666666,位置分位24.1%（低位）,2026-09-18
sz002230,科大讯飞,38.48,2.590266875981148,0.9797983963614726,-1.8116866547588693,建仓初期,100.0,"位置分位2.6%（极低位）, MA20之下（低位）, MA60之下（低位）",2026-09-18
sz301595,太力科技,45.48,49.839572192513366,1.5819927023462246,17.82383419689118,建仓后期,50.0,"位置分位49.8%（中低位）, 低位涨17.8%, MA20之上, 价升量增",2026-09-18
sz002019,亿帆医药,9.37,6.818181818181794,1.119964737488078,-7.502467917078001,建仓初期,100.0,"位置分位6.8%（极低位）, MA20之下（低位）, MA60之下（低位）",2026-09-18
sz300746,汉嘉数智,14.27,79.26829268292681,1.0275878518047383,5.703703703703701,拉升,60.0,"20日涨5.7%, 当日大涨5.16%, MA20之上, MA60之上",2026-09-18
sz002261,拓维信息,26.0,9.324659231722425,2.365566440826024,2.0608439646712404,建仓初期,50.0,"位置分位9.3%（极低位）, MA60之下（低位）",2026-09-18
sz000600,建投能源,7.3,2.4013722126929617,0.9187676126237528,-8.176100628930822,建仓初期,100.0,"位置分位2.4%（极低位）, MA20之下（低位）, MA60之下（低位）",2026-09-18
sz002314,南山控股,2.24,34.37500000000002,1.1991148663115554,5.164319248826307,建仓后期,66.66666666666666,"位置分位34.4%（中低位）, 低位涨5.2%, MA20之上",2026-09-18
sz000825,太钢不锈,3.39,7.741027445460967,1.2091442223085205,-0.5865102639296192,建仓初期,100.0,"位置分位7.7%（极低位）, MA20之下（低位）, MA60之下（低位）",2026-09-18
sz000541,佛山照明,4.91,24.57627118644069,0.8764217191804997,-0.6072874493927175,建仓后期,66.66666666666666,位置分位24.6%（低位）,2026-09-18
sz301185,鸥玛软件,16.64,52.55905511811023,1.0477079255246506,2.0858895705521463,洗盘,85.71428571428571,位置分位52.6%（中位）,2026-09-18
sz300326,ST凯利,6.21,52.112676056338024,1.0046417799365428,2.985074626865667,洗盘,66.66666666666666,位置分位52.1%（中位）,2026-09-18
sz300730,科创信息,11.17,11.977715877437321,1.0929685310042636,-1.5859030837004382,建仓后期,66.66666666666666,位置分位12.0%（低位）,2026-09-18
sz300897,山科智能,15.83,39.29564411492123,1.1761951355884819,0.1265022137887386,建仓后期,50.0,位置分位39.3%（中低位）,2026-09-18
sz300827,上能电气,25.66,14.441753119144462,2.2714626093298103,-0.8883738895326396,建仓后期,100.0,"位置分位14.4%（低位）, 低位放量（量比2.27）, 当日涨7.10%, MA20之上, 价升量增",2026-09-18
sz002876,三利谱,31.69,69.2982456140351,0.48243190880341985,5.915775401069516,洗盘,64.70588235294117,"位置分位69.3%（中位）, 中位缩量（量比0.48）",2026-09-18
sz000799,酒鬼酒,37.26,14.795008912655943,1.0591205399787955,-3.2710280373831906,建仓后期,66.66666666666666,位置分位14.8%（低位）,2026-09-18
sz300607,拓斯达,33.6,30.182105055551904,0.955529421108971,-5.5383750351419705,建仓后期,50.0,位置分位30.2%（中低位）,2026-09-18
sz300905,宝丽迪,38.48,16.471477143936525,0.7534532389849338,6.298342541436447,建仓后期,75.0,"位置分位16.5%（低位）, 低位涨6.3%, MA20之上",2026-09-18
sz002544,普天科技,16.16,11.998254799301922,1.2653503724320947,0.37267080745340814,建仓后期,88.88888888888889,"位置分位12.0%（低位）, MA20之上, 价升量增",2026-09-18
sz300519,新光药业,13.92,48.18548387096776,1.0251566927105693,-2.5892232330300855,建仓后期,50.0,位置分位48.2%（中低位）,2026-09-18
sz300228,富瑞特装,6.72,4.312668463611864,1.027927066776487,-7.5653370013755135,建仓初期,100.0,"位置分位4.3%（极低位）, MA20之下（低位）, MA60之下（低位）",2026-09-18
sz301252,同星科技,36.88,54.40754407544076,0.8200266389050491,8.406819517930627,洗盘,50.0,位置分位54.4%（中位）,2026-09-18
sz002167,东方锆业,16.25,30.491803278688522,0.9484897562886025,-2.9271206690561438,建仓后期,57.14285714285714,"位置分位30.5%（中低位）, MA20之上",2026-09-18
sz300775,三角防务,21.06,10.333489901362139,0.8805078194683951,1.0071942446043034,建仓后期,66.66666666666666,位置分位10.3%（低位）,2026-09-18
sz300586,美联新材,9.62,26.94835680751173,0.8955526333670406,5.830583058305824,建仓后期,90.0,"位置分位26.9%（低位）, 低位涨5.8%, MA20之上",2026-09-18
sz300416,苏试试验,14.31,15.196078431372554,1.2669347473107369,-2.6530612244897878,建仓后期,88.88888888888889,"位置分位15.2%（低位）, MA20之上, 价升量增",2026-09-18
sz301065,本立科技,19.11,32.6058716549753,0.8185902836281944,-0.36496350364963653,建仓后期,50.0,位置分位32.6%（中低位）,2026-09-18
sz300685,艾德生物,18.21,33.141394753678846,2.4169495535699617,-4.107424960505517,建仓后期,46.666666666666664,"位置分位33.1%（中低位）, 当日涨5.20%, MA20之上, 价升量增",2026-09-18
sz000913,钱江摩托,10.69,11.51315789473683,1.2306755630879223,-4.893238434163708,建仓后期,66.66666666666666,位置分位11.5%（低位）,2026-09-18
sz002374,中锐股份,3.1,40.789473684210535,1.0724557977996243,0.32362459546926314,建仓后期,57.14285714285714,"位置分位40.8%（中低位）, MA20之上",2026-09-18
sz002171,楚江新材,10.74,27.28426395939087,0.6855584521861692,11.295336787564764,建仓后期,64.28571428571429,"位置分位27.3%（低位）, 低位涨11.3%, MA20之上",2026-09-18
sz300976,达瑞电子,63.09,43.29526262102641,0.8725427241283693,8.775862068965523,建仓后期,66.66666666666666,"位置分位43.3%（中低位）, 低位涨8.8%, MA20之上",2026-09-18
sz002451,摩恩电气,7.56,34.6067415730337,0.70562057551906,5.292479108635096,洗盘,54.54545454545454,连续3天缩量,2026-09-18
sz002266,浙富控股,4.98,53.82078064870809,1.057684465928791,3.1055900621118084,洗盘,66.66666666666666,位置分位53.8%（中位）,2026-09-18
sz002084,海鸥住工,5.56,55.97345132743363,0.9884553269103847,54.87465181058495,洗盘,50.0,位置分位56.0%（中位）,2026-09-18
sz300106,西部牧业,10.79,35.47557840616965,0.8510296404967396,9.321175278622087,建仓后期,62.5,"位置分位35.5%（中低位）, 低位涨9.3%",2026-09-18
sz301211,亨迪药业,11.84,47.24540901502504,1.4340281495628537,-5.052125100240583,建仓后期,57.14285714285714,"位置分位47.2%（中低位）, 价升量增",2026-09-18
sz300792,壹网壹创,24.19,18.005540166204987,1.1169971469596938,3.908934707903781,建仓后期,66.66666666666666,位置分位18.0%（低位）,2026-09-18
sz300998,宁波方正,31.36,71.6083916083916,1.1328480436760693,18.787878787878793,拉升,64.70588235294117,"20日大涨18.8%, 当日大涨3.09%, MA20之上, MA60之上",2026-09-18
sz002061,浙江交科,3.34,12.698412698412703,0.860485215564704,-2.6239067055393672,建仓后期,66.66666666666666,位置分位12.7%（低位）,2026-09-18
sz300402,宝色股份,14.63,31.17977528089888,0.9457638636656551,-2.5316455696202467,建仓后期,50.0,位置分位31.2%（中低位）,2026-09-18
sz000869,张 裕Ａ,16.21,22.627737226277404,0.9245958256168977,1.3125000000000053,建仓后期,87.5,"位置分位22.6%（低位）, MA20之上",2026-09-18
sz002961,瑞达期货,21.21,36.593406593406606,1.1528039757298278,13.8486312399356,建仓后期,66.66666666666666,"位置分位36.6%（中低位）, 低位涨13.8%, MA20之上",2026-09-18
sz301089,拓新药业,22.37,24.165341812400655,1.6810978778931538,-7.561983471074374,建仓后期,80.0,"位置分位24.2%（低位）, 低位放量（量比1.68）, 价升量增",2026-09-18
sz002169,智光电气,13.65,38.94422310756972,1.204637791401785,8.591885441527447,建仓后期,60.0,"位置分位38.9%（中低位）, 低位涨8.6%, 当日涨3.33%, MA20之上, 价升量增",2026-09-18
sz002278,神开股份,7.98,19.130434782608702,0.7317941214063141,-2.0858895705521463,建仓后期,54.54545454545454,位置分位19.1%（低位）,2026-09-18
sz301121,紫建电子,35.22,55.80448065173117,0.9666768884800163,1.1197243755383308,洗盘,85.71428571428571,位置分位55.8%（中位）,2026-09-18
sz300542,新晨科技,12.13,24.42333785617369,0.8022530132082243,0.41390728476821775,建仓后期,75.0,位置分位24.4%（低位）,2026-09-18
sz000739,普洛药业,23.48,85.81780538302277,1.2134678504750702,13.32046332046333,拉升,50.0,"20日涨13.3%, MA20之上, MA60之上, 价升量增",2026-09-18
sz301667,纳百川,58.68,10.718431574874245,1.6402352397000035,-7.1518987341772196,建仓后期,82.35294117647058,"位置分位10.7%（低位）, 低位放量（量比1.64）, 当日涨3.60%, 价升量增",2026-09-18
sz000592,平潭发展,8.63,46.582278481012665,1.0905153790812985,41.94078947368422,建仓后期,75.0,"位置分位46.6%（中低位）, 低位涨41.9%, 当日涨3.11%, MA20之上",2026-09-18
sz002441,众业达,8.11,33.22033898305083,1.3343078358021845,6.710526315789471,建仓后期,70.0,"位置分位33.2%（中低位）, 低位涨6.7%, MA20之上, 价升量增",2026-09-18
sz000948,南天信息,13.37,40.89935760171304,0.828061060121051,-3.9511494252873613,建仓后期,50.0,位置分位40.9%（中低位）,2026-09-18
sz300006,莱美药业,5.25,37.109375,1.2816960986945674,-0.37950664136621587,建仓后期,57.14285714285714,"位置分位37.1%（中低位）, 价升量增",2026-09-18
sz301100,风光股份,15.11,23.065476190476172,0.8940902674449659,-6.265508684863533,建仓后期,66.66666666666666,位置分位23.1%（低位）,2026-09-18
sz300094,国联水产,2.92,45.90163934426229,0.7733205657970191,3.5460992907801447,建仓后期,50.0,位置分位45.9%（中低位）,2026-09-18
sz301535,浙江华远,13.59,20.28047464940668,0.720751864152699,-7.551020408163262,建仓后期,54.54545454545454,位置分位20.3%（低位）,2026-09-18
sz300100,双林股份,20.71,8.26010544815466,1.1554799164279883,-0.3368623676612141,建仓初期,100.0,"位置分位8.3%（极低位）, MA20之下（低位）, MA60之下（低位）",2026-09-18
sz000766,通化金马,15.58,5.003909304143867,0.9931527647040962,-1.7034700315457385,建仓初期,100.0,"位置分位5.0%（极低位）, MA20之下（低位）, MA60之下（低位）",2026-09-18
sz002920,德赛西威,84.73,20.510123586642123,0.8918578440351539,-1.955565841240451,建仓后期,66.66666666666666,位置分位20.5%（低位）,2026-09-18
sz002896,中大力德,61.46,8.022844710361715,1.246415779033365,-10.434275721364038,建仓初期,91.66666666666666,"位置分位8.0%（极低位）, MA20之下（低位）, MA60之下（低位）",2026-09-18
sz002179,中航光电,35.52,23.744292237442945,1.3924740902894168,3.1958163858222006,建仓后期,88.88888888888889,"位置分位23.7%（低位）, MA20之上, 价升量增",2026-09-18
sz300016,北陆药业,8.3,33.51648351648353,1.5592985300706164,-20.49808429118773,拉升,33.33333333333333,中位放量（量比1.56）,2026-09-18
sz002727,一心堂,10.84,40.4640633842671,0.8703735471973238,-6.632213608957792,建仓后期,50.0,位置分位40.5%（中低位）,2026-09-18
sz301233,盛帮股份,31.48,20.167327168648182,0.8529828233700671,-4.807983066223163,建仓后期,66.66666666666666,位置分位20.2%（低位）,2026-09-18
sz002557,洽洽食品,17.99,7.7539755552635,1.04424813267941,-3.018867924528314,建仓初期,100.0,"位置分位7.8%（极低位）, MA20之下（低位）, MA60之下（低位）",2026-09-18
sz301301,川宁生物,8.08,11.088996303667889,1.0854621478126643,-10.421286031042124,建仓后期,66.66666666666666,位置分位11.1%（低位）,2026-09-18
sz301006,迈拓股份,13.04,28.286189683860226,0.6324394674764784,-5.163636363636369,建仓初期,62.5,"低位缩量（量比0.63）, MA20之下（低位）, 连续3天缩量",2026-09-18
sz000796,凯撒旅业,3.71,14.28571428571428,0.7782166771800263,-3.63636363636364,建仓后期,66.66666666666666,位置分位14.3%（低位）,2026-09-18
sz300829,金丹科技,21.43,94.7544642857143,1.1307876872101992,42.48670212765958,拉升,50.0,"20日大涨42.5%, MA20之上, MA60之上",2026-09-18
sz001395,亚联机械,29.0,52.77067348678602,1.0382693188379826,-0.10334137099552579,洗盘,85.71428571428571,位置分位52.8%（中位）,2026-09-18
sz002581,*ST未名,5.19,45.07337526205452,0.9768021654478108,-10.362694300518129,建仓后期,50.0,位置分位45.1%（中低位）,2026-09-18
sz300374,中铁装配,10.7,18.333333333333325,0.8579566533826398,0.375234521575977,建仓后期,75.0,位置分位18.3%（低位）,2026-09-18
sz002353,杰瑞股份,125.9,42.52001637703576,1.1232988885157331,-17.361881444821496,建仓后期,45.45454545454545,"位置分位42.5%（中低位）, 当日涨3.71%",2026-09-18
sz002630,*ST华西,1.66,15.277777777777763,0.9222862503610063,1.840490797546014,建仓后期,66.66666666666666,位置分位15.3%（低位）,2026-09-18
sz002585,双星新材,11.55,57.39910313901346,0.7344074608474346,15.154536390827534,拉升,57.14285714285714,"20日大涨15.2%, MA20之上, MA60之上",2026-09-18
sz002004,华邦健康,4.38,36.46973012399707,1.1172998130095677,-2.6666666666666687,建仓后期,50.0,位置分位36.5%（中低位）,2026-09-18
sz301315,威士顿,38.94,31.111111111111097,1.4204555325839574,-4.065040650406518,建仓后期,66.66666666666666,"位置分位31.1%（中低位）, 当日涨3.78%, 价升量增",2026-09-18
sz001396,誉帆科技,32.53,12.947304846746189,1.3273069371727748,-2.663076002393778,建仓后期,76.92307692307693,"位置分位12.9%（低位）, 连续3天放量, 价升量增",2026-09-18
sz301132,满坤科技,60.29,88.67505551443377,0.834985864082981,64.54694323144105,拉升,50.0,"20日大涨64.5%, MA20之上, MA60之上",2026-09-18
sz002878,元隆雅图,12.6,19.387755102040817,0.8582832618025751,1.367658889782783,建仓后期,75.0,位置分位19.4%（低位）,2026-09-18
sz301079,邵阳液压,27.49,15.494835054981667,0.994713294290171,-1.469534050179212,建仓后期,66.66666666666666,位置分位15.5%（低位）,2026-09-18
sz000025,特 力Ａ,14.73,41.516966067864274,1.1239702864410208,-3.9765319426336343,建仓后期,50.0,位置分位41.5%（中低位）,2026-09-18
sz002719,ST麦趣,6.41,35.94080338266386,0.7648504090531835,2.724358974358973,洗盘,66.66666666666666,连续3天缩量,2026-09-18
sz001229,魅视科技,39.99,61.15913331556302,1.3984099256701723,-11.81918412348401,拉升,57.14285714285714,"当日大涨10.01%, MA20之上, MA60之上, 价升量增",2026-09-18
sz300896,爱美客,89.47,18.779069767441854,1.2428748451053284,-2.0730265750186128,建仓后期,70.0,"位置分位18.8%（低位）, 价升量增",2026-09-18
sz301380,挖金客,33.46,60.56910569105691,1.1927786911377687,10.978441127694866,拉升,60.0,"20日涨11.0%, 当日大涨3.30%, MA20之上, MA60之上",2026-09-18
sz000786,北新建材,15.93,4.8291571753986275,0.8568581594115934,-6.183745583038873,建仓初期,100.0,"位置分位4.8%（极低位）, MA20之下（低位）, MA60之下（低位）",2026-09-18
sz300720,海川智能,61.64,24.76670870113493,1.1365555447411961,-19.519519519519523,建仓初期,50.0,"低位跌-19.5%, MA20之下（低位）, MA60之下（低位）",2026-09-18
sz300956,英力股份,11.2,21.77055103884372,1.0094676316050362,0.35842293906809275,建仓后期,75.0,位置分位21.8%（低位）,2026-09-18
sz300481,濮阳惠成,14.15,21.50139017608897,0.9710467524419875,0.9272467902995777,建仓后期,87.5,"位置分位21.5%（低位）, MA20之上",2026-09-18
sz300963,中洲特材,11.12,14.194464158977993,1.1572139913426445,-0.714285714285715,建仓后期,66.66666666666666,位置分位14.2%（低位）,2026-09-18
sz002678,珠江钢琴,4.34,22.54545454545454,1.4126580774052244,-11.428571428571438,建仓后期,66.66666666666666,位置分位22.5%（低位）,2026-09-18
sz301468,博盈特焊,32.12,26.180836707152487,1.1536116556904008,-4.631828978622335,建仓后期,66.66666666666666,位置分位26.2%（低位）,2026-09-18
sz300970,华绿生物,17.47,15.469701827508816,1.085046713685184,-8.915537017726804,建仓后期,66.66666666666666,位置分位15.5%（低位）,2026-09-18
sz301336,趣睡科技,44.61,81.71206225680933,1.7411620157492043,5.735956387769618,拉升,50.0,"20日涨5.7%, 当日大涨6.57%, MA20之上, MA60之上, 价升量增",2026-09-18
sz300298,三诺生物,15.63,57.65306122448983,1.0631779359907754,-2.6168224299065415,洗盘,100.0,位置分位57.7%（中位）,2026-09-18
sz300418,昆仑万维,43.79,38.133692238672054,1.1261095669540115,-0.06846188954815413,建仓后期,57.14285714285714,"位置分位38.1%（中低位）, MA20之上",2026-09-18
sz000639,ST西王,1.62,26.72811059907835,0.829809792028826,-18.181818181818176,建仓后期,54.54545454545454,位置分位26.7%（低位）,2026-09-18
sz301303,真兰仪表,13.91,28.267045454545453,1.4292463914484705,-0.7137758743754435,建仓后期,87.5,"位置分位28.3%（低位）, MA20之上",2026-09-18
sz300711,广哈通信,19.07,46.35124298315959,0.9923703607914134,8.413871517907905,建仓后期,72.72727272727273,"位置分位46.4%（中低位）, 低位涨8.4%, 当日涨6.36%, MA20之上",2026-09-18
sz002602,世纪华通,14.69,45.82623509369675,1.5655550870987236,6.2952243125904435,建仓后期,42.857142857142854,"位置分位45.8%（中低位）, 低位涨6.3%, 价升量增",2026-09-18
sz000415,渤海租赁,4.42,62.01550387596898,1.0740396831645262,-3.913043478260864,洗盘,100.0,位置分位62.0%（中位）,2026-09-18
sz002595,豪迈科技,39.55,3.283154622611846,0.8750739592009014,-18.318876497315166,建仓初期,100.0,"位置分位3.3%（极低位）, 低位跌-18.3%, MA20之下（低位）, MA60之下（低位）",2026-09-18
sz000790,华神科技,4.03,50.40000000000001,1.8157154191356952,-1.225490196078427,拉升,57.14285714285714,"中位放量（量比1.82）, MA60之上, 价升量增",2026-09-18
sz000767,晋控电力,3.45,5.97014925373135,0.8351814751419901,0.2906976744186114,建仓初期,100.0,"位置分位6.0%（极低位）, MA20之下（低位）, MA60之下（低位）",2026-09-18
sz000547,航天发展,14.93,15.219842164599772,1.258500524675406,7.56484149855907,建仓后期,92.3076923076923,"位置分位15.2%（低位）, 低位涨7.6%, 当日涨3.04%, MA20之上, 价升量增",2026-09-18
sz300709,精研科技,38.48,20.051546391752574,0.968789013732834,-5.5937193326791,建仓后期,66.66666666666666,位置分位20.1%（低位）,2026-09-18
sz300395,菲利华,93.38,28.145142038672706,1.2710543667206138,6.125696101829754,建仓后期,100.0,"位置分位28.1%（低位）, 低位涨6.1%, MA20之上",2026-09-18
sz300012,华测检测,14.53,34.80885311871225,0.9218049509453577,-3.647214854111411,建仓后期,50.0,位置分位34.8%（中低位）,2026-09-18
sz000791,甘肃能源,7.41,13.151364764267996,1.1938891293413034,2.916666666666666,建仓后期,90.0,"位置分位13.2%（低位）, 当日涨3.64%, MA20之上",2026-09-18
sz300370,安控科技,2.09,24.691358024691343,1.2030973621883685,-4.566210045662104,建仓后期,66.66666666666666,位置分位24.7%（低位）,2026-09-18
sz301489,思泉新材,128.39,36.25622890210576,1.3158470060967655,22.043726235741428,建仓后期,76.92307692307693,"位置分位36.3%（中低位）, 低位涨22.0%, 当日涨4.02%, MA20之上, 价升量增",2026-09-18
sz300143,盈康生命,7.27,22.556390977443595,1.4460025327922648,-5.4616384915474745,建仓后期,70.0,"位置分位22.6%（低位）, 价升量增",2026-09-18
sz301499,维科精密,25.04,19.732620320855606,1.0944003198778647,1.6233766233766176,建仓后期,87.5,"位置分位19.7%（低位）, MA20之上",2026-09-18
sz002803,吉宏股份,20.49,40.5148514851485,1.7398034267733795,10.577441985968685,建仓后期,52.94117647058824,"位置分位40.5%（中低位）, 低位涨10.6%, 当日涨4.33%, MA20之上, 价升量增",2026-09-18
sz301225,恒勃股份,59.77,30.459561977012378,1.0356431231766476,1.82282793867121,建仓后期,57.14285714285714,"位置分位30.5%（中低位）, MA20之上",2026-09-18
sz301318,维海德,20.72,26.9563239308462,0.8484323962142997,0.33898305084745906,建仓后期,75.0,位置分位27.0%（低位）,2026-09-18
sz300349,金卡智能,10.03,9.46745562130176,1.1659192825112108,-2.621359223300984,建仓初期,100.0,"位置分位9.5%（极低位）, MA20之下（低位）, MA60之下（低位）",2026-09-18
sz002496,辉丰股份,2.14,38.23529411764707,0.8459398689247775,2.3923444976076684,建仓后期,50.0,位置分位38.2%（中低位）,2026-09-18
sz002871,伟隆股份,17.61,37.56345177664973,0.9264045184202644,5.765765765765772,建仓后期,62.5,"位置分位37.6%（中低位）, 低位涨5.8%",2026-09-18
sz300616,尚品宅配,10.03,13.530252501191043,1.02370238016456,-5.018939393939405,建仓后期,66.66666666666666,位置分位13.5%（低位）,2026-09-18
sz301613,新铝时代,34.72,5.206349206349208,1.2624442462087422,-6.136793728034612,建仓初期,91.66666666666666,"位置分位5.2%（极低位）, MA20之下（低位）, MA60之下（低位）",2026-09-18
sz301259,艾布鲁,19.85,12.148586558679247,0.6604781355465752,-14.806866952789695,建仓初期,57.14285714285714,"低位缩量（量比0.66）, MA20之下（低位）, MA60之下（低位）",2026-09-18
sz002472,双环传动,36.23,13.734466971877007,0.750328489137231,0.41574279379157036,建仓后期,70.0,"位置分位13.7%（低位）, MA20之上",2026-09-18
sz300251,光线传媒,11.08,7.418856259659975,0.901571958648144,0.9107468123861534,建仓初期,100.0,"位置分位7.4%（极低位）, MA20之下（低位）, MA60之下（低位）",2026-09-18
sz002409,雅克科技,138.83,36.726053977773866,1.2802711148804367,0.23826714801444948,建仓后期,70.0,"位置分位36.7%（中低位）, 当日涨3.07%, MA20之上, 价升量增",2026-09-18
sz300039,上海凯宝,5.07,43.38842975206613,1.2412675077634554,-8.483754512635375,建仓后期,57.14285714285714,"位置分位43.4%（中低位）, 价升量增",2026-09-18
sz300738,奥飞数据,19.58,9.872495446265935,1.3024862042258083,-6.000960153624581,建仓初期,91.66666666666666,"位置分位9.9%（极低位）, MA20之下（低位）, MA60之下（低位）",2026-09-18
sz301153,中科江南,17.03,16.442297811119115,1.0264482255288556,0.47197640117995193,建仓后期,66.66666666666666,位置分位16.4%（低位）,2026-09-18
sz300383,光环新网,11.3,6.5554231227652044,1.0868491291984657,-8.502024291497968,建仓初期,100.0,"位置分位6.6%（极低位）, MA20之下（低位）, MA60之下（低位）",2026-09-18
sz300977,深圳瑞捷,17.95,51.974288337924705,1.3507017100800922,9.584859584859586,洗盘,50.0,位置分位52.0%（中位）,2026-09-18
sz002916,深南电路,384.5,63.738812189730766,1.225930325717601,7.327285415212841,拉升,57.14285714285714,"20日涨7.3%, MA20之上, MA60之上, 价升量增",2026-09-18
sz000788,北大医药,5.3,20.062695924764885,1.1998789414946942,-5.861456483126112,建仓后期,66.66666666666666,位置分位20.1%（低位）,2026-09-18
sz002837,英维克,63.28,36.60761086067722,1.2406658967863557,16.925351071692543,建仓后期,72.72727272727273,"位置分位36.6%（中低位）, 低位涨16.9%, MA20之上, 价升量增",2026-09-18
sz000701,厦门信达,5.17,44.859813084112155,0.9532310389312965,1.5717092337917498,建仓后期,57.14285714285714,"位置分位44.9%（中低位）, MA20之上",2026-09-18
sz300579,数字认证,22.8,37.748344370860934,0.7401223158129784,5.263157894736844,建仓后期,62.5,"位置分位37.7%（中低位）, 低位涨5.3%",2026-09-18
sz002693,双成药业,9.22,33.95061728395063,2.6810107079386096,-2.019128586609984,建仓后期,46.666666666666664,"位置分位34.0%（中低位）, 当日涨3.48%, MA20之上, 价升量增",2026-09-18
sz300499,高澜股份,37.72,58.609832889319456,0.9073138440374189,33.47487615003538,拉升,57.14285714285714,"20日大涨33.5%, MA20之上, MA60之上",2026-09-18
sz300553,集智股份,68.68,69.87999213063154,1.246665295879202,69.16256157635469,拉升,68.42105263157895,"20日大涨69.2%, 当日大涨4.09%, MA20之上, MA60之上, 价升量增",2026-09-18
sz002648,卫星化学,26.61,62.50720793449428,0.918089323447664,-1.4444444444444466,洗盘,85.71428571428571,位置分位62.5%（中位）,2026-09-18
sz000631,顺发恒能,2.91,10.526315789473681,0.9221065997492917,-0.6825938566552906,建仓后期,66.66666666666666,位置分位10.5%（低位）,2026-09-18
sz300859,西域旅游,24.84,11.120263591433286,0.9543419113479198,-6.051437216338885,建仓后期,72.72727272727273,"位置分位11.1%（低位）, 当日涨3.24%",2026-09-18
sz000410,沈阳机床,5.57,48.638132295719856,2.751278110947564,9.645669291338587,建仓后期,52.94117647058824,"位置分位48.6%（中低位）, 低位涨9.6%, 当日涨10.08%, MA20之上, 价升量增",2026-09-18
sz300993,玉马科技,9.6,17.762975298362445,1.0584388333216759,-3.420523138832997,建仓后期,66.66666666666666,位置分位17.8%（低位）,2026-09-18
sz002641,公元股份,3.78,11.249999999999979,0.8950508365311673,-4.545454545454549,建仓后期,66.66666666666666,位置分位11.2%（低位）,2026-09-18
sz300743,天地数码,14.06,16.83843808970823,0.7975189086025305,-4.548540393754243,建仓后期,66.66666666666666,位置分位16.8%（低位）,2026-09-18
sz002298,中电鑫龙,9.0,46.81978798586573,1.1403914468667122,12.923462986198247,建仓后期,72.72727272727273,"位置分位46.8%（中低位）, 低位涨12.9%, 当日涨10.02%, MA20之上",2026-09-18
sz300811,铂科新材,84.69,53.72595171545792,0.9570078732972493,9.560155239327297,拉升,60.0,"20日涨9.6%, 当日大涨3.41%, MA20之上, MA60之上",2026-09-18
sz301501,恒鑫生活,27.31,18.51579720793534,0.6430163732800369,-2.8113879003558813,建仓初期,64.70588235294117,"低位缩量（量比0.64）, MA20之下（低位）, MA60之下（低位）, 连续3天缩量",2026-09-18
sz002274,华昌化工,5.95,53.75494071146246,0.7077662891843098,3.8394415357766096,洗盘,90.0,"位置分位53.8%（中位）, 连续3天缩量",2026-09-18
sz000910,大亚圣象,5.69,33.82352941176473,1.9111747645559456,6.954887218045114,建仓后期,52.94117647058824,"位置分位33.8%（中低位）, 低位涨7.0%, 当日涨10.06%, MA20之上, 价升量增",2026-09-18
sz002242,九阳股份,9.43,37.07627118644067,0.6955686951232981,6.674208144796379,洗盘,57.14285714285714,中位缩量（量比0.70）,2026-09-18
sz300369,绿盟科技,8.33,85.25469168900803,0.9812543149884909,20.3757225433526,拉升,57.89473684210527,"20日大涨20.4%, 当日大涨5.44%, MA20之上, MA60之上",2026-09-18
sz002395,双象股份,12.43,14.128256513026052,0.8867658248840733,1.0569105691056828,建仓后期,75.0,位置分位14.1%（低位）,2026-09-18
sz002829,星网宇达,20.24,36.239316239316224,1.0769254377215463,3.265306122448964,建仓后期,50.0,位置分位36.2%（中低位）,2026-09-18
sz002393,力生制药,13.59,4.274809160305335,1.0183404160143146,-5.755894590846047,建仓初期,100.0,"位置分位4.3%（极低位）, MA20之下（低位）, MA60之下（低位）",2026-09-18
sz300061,旗天科技,6.9,20.97026604068859,0.9444328348868386,9.350237717908094,建仓后期,100.0,"位置分位21.0%（低位）, 低位涨9.4%, MA20之上",2026-09-18
sz300115,长盈精密,24.48,11.587485515643104,1.0006434507566362,-6.062931696085949,建仓后期,87.5,"位置分位11.6%（低位）, MA20之上",2026-09-18
sz000518,四环生物,3.82,60.22099447513811,0.9378461486963507,0.5263157894736847,洗盘,85.71428571428571,位置分位60.2%（中位）,2026-09-18
sz002870,香山股份,49.48,79.17650144243376,0.672836714994436,21.423312883435575,出货,55.55555555555556,"位置分位79.2%（中高位）, 高位缩量（量比0.67）, 价跌量缩",2026-09-18
sz300643,万通智控,17.95,49.494949494949495,0.9140438352872676,-0.7190265486725609,建仓后期,57.14285714285714,"位置分位49.5%（中低位）, MA20之上",2026-09-18
sz300173,ST福能,3.29,26.219512195121958,0.5941277888909922,-0.30303030303029654,建仓初期,62.5,"低位缩量（量比0.59）, MA20之下（低位）, 连续3天缩量",2026-09-18
sz300986,志特新材,11.25,18.665773834435427,1.383923236626225,-5.462184873949583,建仓后期,75.0,"位置分位18.7%（低位）, 当日涨3.21%, 价升量增",2026-09-18
sz002612,朗姿股份,17.1,94.88304093567254,2.1279940362363465,14.457831325301218,出货,54.166666666666664,"位置分位94.9%（极高位）, 高位放量（量比2.13）",2026-09-18
sz001390,古麒绒材,16.95,10.625978090766798,1.7832195020800663,-2.58620689655172,建仓后期,80.0,"位置分位10.6%（低位）, 低位放量（量比1.78）, 价升量增",2026-09-18
sz301257,普蕊斯,39.68,17.587258556421546,1.4931931534206757,-18.219291014014846,建仓后期,60.0,"位置分位17.6%（低位）, 当日涨3.20%, 价升量增",2026-09-18
sz301617,博苑新材,54.3,48.000536768652715,0.7294987334792273,9.919028340080969,建仓后期,66.66666666666666,"位置分位48.0%（中低位）, 低位涨9.9%, MA20之上",2026-09-18
sz300452,山河药辅,12.77,38.805268109125116,1.327249762710851,0.0,建仓后期,57.14285714285714,"位置分位38.8%（中低位）, 价升量增",2026-09-18
sz000030,富奥股份,3.95,7.6923076923077,1.0060096081154908,-7.27699530516431,建仓初期,100.0,"位置分位7.7%（极低位）, MA20之下（低位）, MA60之下（低位）",2026-09-18
sz002838,道恩股份,25.24,14.331946370781312,0.9118003940077601,0.03963535473641701,建仓后期,87.5,"位置分位14.3%（低位）, MA20之上",2026-09-18
sz300967,晓鸣股份,16.67,40.801001251564486,0.9949787377171275,1.337386018237097,建仓后期,50.0,位置分位40.8%（中低位）,2026-09-18
sz301028,鼎熔岩,13.45,25.745257452574517,1.5168991859075514,1.5094339622641455,建仓后期,100.0,"位置分位25.7%（低位）, 低位放量（量比1.52）, 当日涨4.26%, MA20之上, 价升量增",2026-09-18
sz002587,奥拓电子,5.28,15.131578947368421,1.006692991520842,-1.675977653631282,建仓后期,66.66666666666666,位置分位15.1%（低位）,2026-09-18
sz002101,广东鸿图,8.68,25.91954022988506,0.8757930082552491,1.520467836257298,建仓后期,66.66666666666666,位置分位25.9%（低位）,2026-09-18
sz301421,波长光电,81.4,31.117290192113252,1.2116025901159202,5.989583333333345,建仓后期,70.0,"位置分位31.1%（中低位）, 低位涨6.0%, MA20之上, 价升量增",2026-09-18
sz300310,宜通世纪,4.29,15.141955835962143,1.3897331464550893,-1.15207373271889,建仓后期,66.66666666666666,位置分位15.1%（低位）,2026-09-18
sz002331,皖通科技,6.67,14.13502109704641,0.8796107771693217,-2.7696793002915507,建仓后期,66.66666666666666,位置分位14.1%（低位）,2026-09-18
sz301598,博科测试,50.69,28.193499622071055,1.2094293715282558,7.008655267046655,建仓后期,81.81818181818183,"位置分位28.2%（低位）, 低位涨7.0%, 价升量增",2026-09-18
sz002659,凯文教育,4.44,45.16129032258067,1.1998027937551357,0.680272108843543,建仓后期,50.0,位置分位45.2%（中低位）,2026-09-18
sz002674,兴业科技,19.62,34.466911764705884,1.045872387488171,-30.646871686108163,建仓后期,33.33333333333333,位置分位34.5%（中低位）,2026-09-18
sz301376,致欧科技,22.45,82.6133909287257,0.7469090287350795,10.211094747177214,出货,57.14285714285714,"位置分位82.6%（中高位）, 价跌量缩",2026-09-18
sz300710,万隆光电,30.16,28.55426511814177,0.9184300732451891,-5.216844751728473,建仓后期,75.0,位置分位28.6%（低位）,2026-09-18
sz301162,国能日新,36.06,12.612612612612626,1.003242874210616,-0.13846579894765204,建仓后期,66.66666666666666,位置分位12.6%（低位）,2026-09-18
sz002324,普利特,9.18,11.313639220615965,0.868599484254816,2.341137123745809,建仓后期,66.66666666666666,位置分位11.3%（低位）,2026-09-18
sz300313,天山生物,13.08,55.47169811320754,1.0634039658555177,2.187499999999995,洗盘,85.71428571428571,位置分位55.5%（中位）,2026-09-18
sz002559,亚威股份,9.25,13.172804532577898,1.3554663148276245,-2.219873150105717,建仓后期,88.88888888888889,"位置分位13.2%（低位）, MA20之上, 价升量增",2026-09-18
sz301151,冠龙节能,22.18,86.51685393258427,1.2743366202749222,38.193146417445476,拉升,61.904761904761905,"20日大涨38.2%, 当日大涨6.18%, MA20之上, MA60之上, 价升量增",2026-09-18
sz301049,超越科技,19.79,34.37751004016064,0.8006774138226719,-2.512315270935968,建仓后期,50.0,位置分位34.4%（中低位）,2026-09-18
sz300318,博晖创新,4.89,36.24454148471616,1.560978965653647,-1.8072289156626655,拉升,45.45454545454545,中位放量（量比1.56）,2026-09-18
sz300779,惠城环保,54.31,18.39077591155257,1.378478022927588,-20.366568914956012,建仓后期,53.84615384615385,"位置分位18.4%（低位）, 价升量增",2026-09-18
sz000401,金隅冀东,3.51,13.461538461538455,0.7991989995630062,-0.28409090909091567,建仓后期,66.66666666666666,位置分位13.5%（低位）,2026-09-18
sz000828,东莞控股,10.1,70.37037037037034,0.9366862215009336,6.427818756585873,出货,60.0,位置分位70.4%（中高位）,2026-09-18
sz300551,古鳌科技,11.21,43.20557491289199,0.8767369634081431,12.890231621349457,建仓后期,62.5,"位置分位43.2%（中低位）, 低位涨12.9%",2026-09-18
sz002357,富临运业,11.87,56.186317321688485,1.0073223007328083,8.401826484018263,洗盘,50.0,位置分位56.2%（中位）,2026-09-18
sz000655,金岭矿业,7.12,34.54172366621066,0.9102375572373061,2.446043165467625,建仓后期,50.0,位置分位34.5%（中低位）,2026-09-18
sz002129,TCL中环,8.77,15.43778801843318,1.1211233636855154,-7.684210526315793,建仓后期,66.66666666666666,位置分位15.4%（低位）,2026-09-18
sz301387,光大同创,57.3,18.126505260489285,1.0513213123179714,-1.2409513960703307,建仓后期,87.5,"位置分位18.1%（低位）, MA20之上",2026-09-18
sz300595,欧普康视,10.04,4.935459377372813,1.096062509575609,-8.727272727272736,建仓初期,100.0,"位置分位4.9%（极低位）, MA20之下（低位）, MA60之下（低位）",2026-09-18
sz301150,中一科技,41.4,29.038196042337784,1.485770176382625,4.942965779467669,建仓后期,100.0,"位置分位29.0%（低位）, 当日涨4.41%, MA20之上, 价升量增",2026-09-18
sz000719,中原传媒,12.24,52.66106442577032,1.0660430169601232,1.5767634854771742,洗盘,66.66666666666666,位置分位52.7%（中位）,2026-09-18
sz002716,湖南白银,9.85,47.647951441578144,1.2380058252576047,-5.470249520153554,建仓后期,66.66666666666666,"位置分位47.6%（中低位）, 当日涨3.25%, 价升量增",2026-09-18
sz002460,赣锋锂业,46.2,4.428511176718688,0.9536492551379604,-14.634146341463406,建仓初期,100.0,"位置分位4.4%（极低位）, MA20之下（低位）, MA60之下（低位）",2026-09-18
sz300946,恒而达,36.42,15.104835258878909,1.2044397502177258,-6.012903225806447,建仓后期,70.0,"位置分位15.1%（低位）, 价升量增",2026-09-18
sz002360,ST同德,5.33,38.28996282527881,2.5401930126511365,-7.62564991334488,拉升,45.45454545454545,中位放量（量比2.54）,2026-09-18
sz000400,许继电气,20.37,10.9421162052741,1.2814883230666072,-5.999077065066915,建仓后期,70.0,"位置分位10.9%（低位）, 价升量增",2026-09-18
sz301222,浙江恒威,25.59,28.36324220161388,0.9660961871750433,4.109031733116361,建仓后期,87.5,"位置分位28.4%（低位）, MA20之上",2026-09-18
sz002639,雪人集团,14.1,32.642019837691606,1.308456285271346,21.65660051768766,建仓后期,72.72727272727273,"位置分位32.6%（中低位）, 低位涨21.7%, MA20之上, 价升量增",2026-09-18
sz002772,众兴菌业,10.97,18.02443991853362,0.9435483024453004,5.177372962607871,建仓后期,72.72727272727273,"位置分位18.0%（低位）, 低位涨5.2%",2026-09-18
sz000669,ST金鸿,4.16,44.76190476190476,0.41404557997383495,-6.51685393258427,洗盘,78.57142857142857,"中位缩量（量比0.41）, 连续3天缩量",2026-09-18
sz300293,蓝英装备,14.96,24.05660377358492,1.7429068081936254,-4.286628278950736,建仓后期,82.35294117647058,"位置分位24.1%（低位）, 低位放量（量比1.74）, 当日涨4.76%, 价升量增",2026-09-18
sz300007,汉威科技,30.33,8.745874587458735,0.9215335670498166,-3.2844387755102082,建仓初期,100.0,"位置分位8.7%（极低位）, MA20之下（低位）, MA60之下（低位）",2026-09-18
sz002653,海思科,63.54,52.30725462304409,0.9991754345459942,-3.762268266085063,洗盘,100.0,位置分位52.3%（中位）,2026-09-18
sz002589,瑞康医药,3.27,56.81528662420382,1.4643117601677957,2.8301886792452784,拉升,57.14285714285714,"当日大涨10.10%, MA20之上, MA60之上, 价升量增",2026-09-18
sz300472,ST新元,6.77,34.061135371179034,0.7418669628141057,2.2658610271903243,建仓后期,50.0,位置分位34.1%（中低位）,2026-09-18
sz003030,祖名股份,26.18,88.11650960714724,1.1551765324160337,20.756457564575644,拉升,50.0,"20日大涨20.8%, MA20之上, MA60之上",2026-09-18
sz002562,兄弟科技,4.79,31.578947368421062,1.129584882984015,-2.24489795918368,建仓后期,50.0,位置分位31.6%（中低位）,2026-09-18
sz301111,粤万年青,22.25,42.19948849104859,0.7968259914644806,2.393005062126091,建仓后期,57.14285714285714,"位置分位42.2%（中低位）, MA20之上",2026-09-18
sz002330,得利斯,4.03,40.816326530612244,0.9355799700930524,0.24875621890548946,建仓后期,50.0,位置分位40.8%（中低位）,2026-09-18
sz300098,高新兴,4.33,9.633027522935778,1.1687429583420212,-2.4774774774774846,建仓初期,100.0,"位置分位9.6%（极低位）, MA20之下（低位）, MA60之下（低位）",2026-09-18
sz002007,华兰生物,12.93,41.72413793103447,0.9579036348267117,-1.8223234624145803,建仓后期,50.0,位置分位41.7%（中低位）,2026-09-18
sz000571,新大洲A,6.55,63.503649635036496,1.1623123090622338,9.34891485809682,洗盘,50.0,位置分位63.5%（中位）,2026-09-18
sz300267,尔康制药,3.22,18.884120171673832,1.020179459321673,0.0,建仓后期,66.66666666666666,位置分位18.9%（低位）,2026-09-18
sz000733,振华科技,41.0,15.643564356435654,0.8705343483138774,2.885821831869507,建仓后期,87.5,"位置分位15.6%（低位）, MA20之上",2026-09-18
sz300639,凯普生物,5.9,41.071428571428584,1.407422210205833,-4.530744336569569,建仓后期,57.14285714285714,"位置分位41.1%（中低位）, 价升量增",2026-09-18
sz002031,巨轮智能,5.25,20.045045045045036,1.6763322386078072,2.1400778210116793,建仓后期,92.85714285714286,"位置分位20.0%（低位）, 低位放量（量比1.68）, MA20之上, 价升量增",2026-09-18
sz300763,锦浪科技,57.42,5.577354260089692,1.2908109663956249,-9.088030398986694,建仓初期,78.57142857142857,"位置分位5.6%（极低位）, MA20之下（低位）, MA60之下（低位）",2026-09-18
sz300904,威力传动,43.8,35.56280587275693,0.9418101134452278,6.3881467087685095,建仓后期,66.66666666666666,"位置分位35.6%（中低位）, 低位涨6.4%, MA20之上",2026-09-18
sz000532,华金资本,12.96,76.3341067285383,1.6065888075421504,18.032786885245905,拉升,54.166666666666664,"20日大涨18.0%, 当日大涨10.02%, MA20之上, MA60之上, 价升量增",2026-09-18
sz301173,毓恬冠佳,32.18,29.11527514231499,0.9437781877818778,0.4369538077403263,建仓后期,75.0,位置分位29.1%（低位）,2026-09-18
sz002224,三 力 士,3.72,33.232628398791555,0.6704631292489783,0.0,洗盘,78.57142857142857,"中位缩量（量比0.67）, 连续3天缩量",2026-09-18
sz002560,通达股份,7.37,29.102564102564106,0.8800378425335046,22.425249169435226,建仓后期,100.0,"位置分位29.1%（低位）, 低位涨22.4%, MA20之上",2026-09-18
sz002069,獐子岛,3.65,65.81196581196582,0.8269981313308924,5.491329479768785,洗盘,60.0,位置分位65.8%（中位）,2026-09-18
sz300722,新余国科,21.85,23.981552651806314,0.5349069612134199,4.645593869731813,建仓初期,62.5,"低位缩量（量比0.53）, MA20之下（低位）, 连续3天缩量",2026-09-18
sz002104,恒宝股份,11.13,28.065361107646257,1.0117430455411103,3.6312849162011225,建仓后期,75.0,位置分位28.1%（低位）,2026-09-18
sz002022,科华生物,5.61,63.68715083798886,1.0939187387143174,-0.17793594306049443,洗盘,85.71428571428571,位置分位63.7%（中位）,2026-09-18
sz002766,索菱股份,4.03,32.444444444444464,1.009588709582217,-3.3573141486810476,建仓后期,50.0,位置分位32.4%（中低位）,2026-09-18
sz301578,辰奕智能,23.08,50.3883688508265,0.7141150040629033,1.450549450549443,洗盘,85.71428571428571,位置分位50.4%（中位）,2026-09-18
sz002196,方正电机,10.14,12.700228832951959,1.5408373091021401,-2.6871401151631416,建仓后期,80.0,"位置分位12.7%（低位）, 低位放量（量比1.54）, 价升量增",2026-09-18
sz001234,泰慕士,24.17,33.557369179068665,1.225802976069338,7.7094474153297705,建仓后期,70.0,"位置分位33.6%（中低位）, 低位涨7.7%, MA20之上, 价升量增",2026-09-18
sz000932,华菱钢铁,3.6,19.895287958115183,1.0854717578369752,0.27855153203343264,建仓后期,66.66666666666666,位置分位19.9%（低位）,2026-09-18
sz300540,蜀道装备,27.62,26.571250777846927,1.5072408281504766,-5.926430517711166,建仓后期,93.75,"位置分位26.6%（低位）, 低位放量（量比1.51）, 当日涨3.18%, MA20之上, 价升量增",2026-09-18
sz002090,金智科技,9.17,29.172510518934065,1.6723000807835604,-0.8648648648648656,建仓后期,85.71428571428571,"位置分位29.2%（低位）, 低位放量（量比1.67）, 价升量增",2026-09-18
sz300091,*ST金灵,2.39,14.285714285714285,1.1553133327365748,-7.003891050583647,建仓后期,66.66666666666666,位置分位14.3%（低位）,2026-09-18
sz002861,瀛通通讯,14.56,5.773195876288666,0.8606361949680081,-8.427672955974842,建仓初期,100.0,"位置分位5.8%（极低位）, MA20之下（低位）, MA60之下（低位）",2026-09-18
sz002379,宏桥控股,17.63,25.031133250311328,1.1168685472725794,-3.2912781130005566,建仓后期,66.66666666666666,位置分位25.0%（低位）,2026-09-18
sz300488,恒锋工具,36.92,45.702479338842984,1.2682292835210482,17.842323651452293,建仓后期,53.84615384615385,"位置分位45.7%（中低位）, 低位涨17.8%, MA20之上",2026-09-18
sz002302,西部建设,4.66,22.10526315789474,1.018113296190948,0.6479481641468736,建仓后期,75.0,位置分位22.1%（低位）,2026-09-18
sz300556,丝路视觉,15.63,21.512247071352515,1.2306884655767212,-3.0397022332506216,建仓后期,66.66666666666666,位置分位21.5%（低位）,2026-09-18
sz003040,楚天龙,16.38,48.60088365243004,1.2189553069511838,28.06880375293198,建仓后期,75.0,"位置分位48.6%（中低位）, 低位涨28.1%, 当日涨4.07%, 价升量增",2026-09-18
sz000007,全新好,11.33,32.98755186721991,0.918303477272882,-9.214743589743591,建仓后期,50.0,位置分位33.0%（中低位）,2026-09-18
sz002243,力合科创,7.07,25.07462686567164,0.8418468540155869,-3.678474114441411,建仓后期,66.66666666666666,位置分位25.1%（低位）,2026-09-18
sz002540,亚太科技,4.97,19.148936170212767,0.884069640914037,-3.307392996108948,建仓后期,66.66666666666666,位置分位19.1%（低位）,2026-09-18
sz301163,宏德股份,21.69,20.761470875366097,0.8522727272727273,-8.248730964467002,建仓后期,66.66666666666666,位置分位20.8%（低位）,2026-09-18
sz300132,诺斯贝尔,6.14,16.888888888888882,1.0864023892314532,-2.2292993630573337,建仓后期,66.66666666666666,位置分位16.9%（低位）,2026-09-18
sz002339,积成电子,8.04,38.669438669438655,1.668376193026099,13.881019830028324,建仓后期,42.857142857142854,"位置分位38.7%（中低位）, 低位涨13.9%, MA20之上",2026-09-18
sz000797,中国武夷,2.69,56.86274509803923,1.9096075635376595,12.083333333333336,拉升,72.72727272727273,"中位放量（量比1.91）, 20日涨12.1%, 当日大涨5.91%, MA20之上, MA60之上, 价升量增",2026-09-18
sz000663,永安林业,5.95,54.21245421245422,0.8574550702368221,5.496453900709229,洗盘,60.0,位置分位54.2%（中位）,2026-09-18
sz000723,美锦能源,3.59,21.164021164021158,0.8591111713592601,1.4124293785310684,建仓后期,66.66666666666666,位置分位21.2%（低位）,2026-09-18
sz000637,茂化实华,4.11,51.8987341772152,0.7771449616583582,1.7326732673267398,洗盘,85.71428571428571,位置分位51.9%（中位）,2026-09-18
sz300198,*ST纳川,2.27,42.553191489361694,0.9418210118646623,-3.813559322033892,建仓后期,50.0,位置分位42.6%（中低位）,2026-09-18
sz300364,中文在线,24.4,40.46511627906976,1.1079555652627096,5.6734517106972655,建仓后期,62.5,"位置分位40.5%（中低位）, 低位涨5.7%",2026-09-18
sz300560,中富通,18.02,59.322033898305094,1.0447195905711189,0.5019520356943662,洗盘,85.71428571428571,位置分位59.3%（中位）,2026-09-18
sz300712,永福股份,20.87,19.154289424559693,1.21334629989812,1.1633543383422298,建仓后期,90.9090909090909,"位置分位19.2%（低位）, 当日涨3.88%, MA20之上, 价升量增",2026-09-18
sz300969,恒帅股份,81.05,28.5814806748312,1.2253780256424998,10.197144799456153,建仓后期,90.0,"位置分位28.6%（低位）, 低位涨10.2%, MA20之上",2026-09-18
sz000950,重药控股,5.21,16.216216216216214,0.9828856214444307,-4.92700729927008,建仓后期,66.66666666666666,位置分位16.2%（低位）,2026-09-18
sz301366,一博科技,74.42,97.63515732772778,1.2600770846630023,31.9971621142249,拉升,61.904761904761905,"20日大涨32.0%, 当日大涨12.04%, MA20之上, MA60之上, 价升量增",2026-09-18
sz002821,凯莱英,185.2,85.50369753660804,0.9887627312654043,10.172516359309931,出货,57.14285714285714,位置分位85.5%（极高位）,2026-09-18
sz000762,西藏矿业,21.86,11.528028933092227,0.9955780508047948,-5.775862068965517,建仓后期,66.66666666666666,位置分位11.5%（低位）,2026-09-18
sz002151,北斗星通,28.81,14.224598930481283,1.3123795179490119,2.8928571428571384,建仓后期,88.88888888888889,"位置分位14.2%（低位）, MA20之上, 价升量增",2026-09-18
sz301110,青木科技,35.64,19.078721210037816,1.163029658475735,2.1203438395415533,建仓后期,87.5,"位置分位19.1%（低位）, MA20之上",2026-09-18
sz300492,华图山鼎,21.61,4.486316733961418,0.8578392535908357,-8.895446880269812,建仓初期,100.0,"位置分位4.5%（极低位）, MA20之下（低位）, MA60之下（低位）",2026-09-18
sz300271,华宇软件,5.59,43.37899543378996,1.0796291311584225,4.48598130841122,建仓后期,50.0,位置分位43.4%（中低位）,2026-09-18
sz001333,光华股份,19.11,23.857404021937832,0.8970338042754642,-11.198884758364313,建仓后期,66.66666666666666,位置分位23.9%（低位）,2026-09-18
sz002919,名臣健康,16.79,13.404605263157887,0.9630862602038313,-2.947976878612726,建仓后期,66.66666666666666,位置分位13.4%（低位）,2026-09-18
sz002661,克明食品,7.5,28.57142857142857,0.6061862748528665,-4.942965779467677,建仓初期,62.5,"低位缩量（量比0.61）, MA20之下（低位）, MA60之下（低位）, 价跌量缩",2026-09-18
sz301256,华融化学,9.83,21.036585365853668,0.9320255754717426,-2.5768087215064397,建仓后期,66.66666666666666,位置分位21.0%（低位）,2026-09-18
sz000738,航发控制,19.16,39.78325966063026,0.8699075983555301,7.278835386338191,建仓后期,62.5,"位置分位39.8%（中低位）, 低位涨7.3%",2026-09-18
sz300024,机器人,13.22,7.375886524822714,1.2133160971172654,-11.155913978494624,建仓初期,91.66666666666666,"位置分位7.4%（极低位）, MA20之下（低位）, MA60之下（低位）",2026-09-18
sz000750,国海证券,3.65,44.827586206896505,1.2628792827029274,-0.8152173913043546,建仓后期,57.14285714285714,"位置分位44.8%（中低位）, 价升量增",2026-09-18
sz002490,山东墨龙,7.31,23.390557939914157,1.0085656291939635,-10.416666666666673,建仓后期,66.66666666666666,位置分位23.4%（低位）,2026-09-18
sz300320,海达股份,8.37,30.107526881720393,1.2631834072681336,-1.4134275618374674,建仓后期,57.14285714285714,"位置分位30.1%（中低位）, MA20之上",2026-09-18
sz300296,利亚德,4.89,3.8961038961038996,0.8947135249318446,-3.929273084479375,建仓初期,100.0,"位置分位3.9%（极低位）, MA20之下（低位）, MA60之下（低位）",2026-09-18
sz000020,深华发Ａ,12.96,51.69606512890096,0.9349779583244722,10.391822827938677,洗盘,50.0,位置分位51.7%（中位）,2026-09-18
sz002690,美亚光电,15.39,43.38747099767985,1.808218721532206,0.45691906005222116,拉升,45.45454545454545,中位放量（量比1.81）,2026-09-18
sz002480,新筑股份,5.23,16.080402010050264,0.9056829196817024,-3.683241252302013,建仓后期,66.66666666666666,位置分位16.1%（低位）,2026-09-18
sz301577,美信科技,61.16,30.50359712230215,1.4121220683808986,8.037449213919798,建仓后期,75.0,"位置分位30.5%（中低位）, 低位涨8.0%, 当日涨3.31%, MA20之上, 价升量增",2026-09-18
sz300791,仙乐健康,17.3,30.01105670510188,1.0988387741761834,4.594921402660227,建仓后期,50.0,位置分位30.0%（中低位）,2026-09-18
sz300559,佳发教育,12.71,50.34722222222223,0.9624409218286001,22.80193236714977,拉升,57.14285714285714,"20日大涨22.8%, MA20之上, MA60之上",2026-09-18
sz301050,雷电微力,27.66,4.4201135442011354,0.8040105740976735,-11.003861003861,建仓初期,100.0,"位置分位4.4%（极低位）, MA20之下（低位）, MA60之下（低位）",2026-09-18
sz301166,优宁维,29.3,52.019230769230774,1.507571184223765,-4.373368146214099,拉升,62.5,"中位放量（量比1.51）, MA20之上, MA60之上, 价升量增",2026-09-18
sz301010,晶雪节能,18.38,48.00741427247451,1.614972522724916,5.208929593589011,建仓后期,52.94117647058824,"位置分位48.0%（中低位）, 低位涨5.2%, 当日涨5.81%, MA20之上, 价升量增",2026-09-18
sz002667,*ST威领,19.84,46.36665437108078,0.8802393264646295,3.279541905257673,建仓后期,57.14285714285714,"位置分位46.4%（中低位）, MA20之上",2026-09-18
sz300570,太辰光,229.35,69.5973705834018,1.4286901513025234,6.943019677329099,拉升,70.0,"20日涨6.9%, 当日大涨6.19%, MA20之上, MA60之上, 连续3天放量, 价升量增",2026-09-18
sz000831,中国稀土,53.39,39.34027308368259,0.691174074746431,-5.219243742233264,洗盘,72.72727272727273,中位缩量（量比0.69）,2026-09-18
sz300879,大叶股份,17.39,23.299663299663305,2.937085459308159,4.570054119061946,建仓后期,100.0,"位置分位23.3%（低位）, 低位放量（量比2.94）, 当日涨10.27%, MA20之上, 价升量增",2026-09-18
sz301567,贝隆精密,35.17,33.81733021077285,0.826647960796712,-1.7597765363128366,建仓后期,50.0,位置分位33.8%（中低位）,2026-09-18
sz301575,艾芬达,25.25,33.37088144184736,1.0026752577536242,-1.290070367474583,建仓后期,62.5,"位置分位33.4%（中低位）, 当日涨9.26%",2026-09-18
sz002890,弘宇股份,14.82,51.58120970217992,1.6892817200374317,1.995870612525815,拉升,64.70588235294117,"中位放量（量比1.69）, 当日大涨3.20%, MA60之上, 价升量增",2026-09-18
sz002060,广东建工,3.05,7.070707070707052,1.1664655543407112,-5.279503105590074,建仓初期,100.0,"位置分位7.1%（极低位）, MA20之下（低位）, MA60之下（低位）",2026-09-18
sz002152,广电运通,9.28,4.870129870129824,0.7724274879965723,-3.232533889468201,建仓初期,100.0,"位置分位4.9%（极低位）, MA20之下（低位）, MA60之下（低位）",2026-09-18
sz003033,征和工业,84.87,90.06934125804857,1.0659595416489187,23.000000000000007,拉升,50.0,"20日大涨23.0%, MA20之上, MA60之上",2026-09-18
sz301302,华如科技,21.01,14.104116222760299,1.2823359322558991,-3.000923361034158,建仓后期,70.0,"位置分位14.1%（低位）, 价升量增",2026-09-18
sz002106,莱宝高科,12.52,37.6470588235294,1.3625991018202424,22.504892367906056,建仓后期,76.92307692307693,"位置分位37.6%（中低位）, 低位涨22.5%, 当日涨3.13%, MA20之上, 价升量增",2026-09-18
sz000759,中百集团,6.6,36.480686695278955,0.9751378201860428,12.820512820512823,建仓后期,70.0,"位置分位36.5%（中低位）, 低位涨12.8%, 当日涨3.12%",2026-09-18
sz300390,天华新能,54.2,5.286214953271035,1.2915840089200679,-17.213991140980596,建仓初期,93.33333333333333,"位置分位5.3%（极低位）, 低位跌-17.2%, MA20之下（低位）, MA60之下（低位）",2026-09-18
sz002247,聚力文化,2.38,44.85981308411214,0.8996122709469856,0.42194092827003316,建仓后期,50.0,位置分位44.9%（中低位）,2026-09-18
sz002476,新叶股份,4.86,37.94642857142859,0.9519089825089051,-2.9940119760478936,建仓后期,50.0,位置分位37.9%（中低位）,2026-09-18
sz300413,芒果超媒,18.08,44.06604747162021,1.0562321243733939,20.292747837658013,建仓后期,70.0,"位置分位44.1%（中低位）, 低位涨20.3%, MA20之上",2026-09-18
sz002841,视源股份,47.25,66.56781898687899,1.218972191059236,-2.877697841726616,洗盘,54.54545454545454,位置分位66.6%（中位）,2026-09-18
sz300674,宇信科技,16.35,33.32835151696311,1.1057265879424925,3.3501896333754813,建仓后期,50.0,位置分位33.3%（中低位）,2026-09-18
sz300952,恒辉安防,15.98,9.935553168635877,1.054787998644949,-2.9161603888213876,建仓初期,100.0,"位置分位9.9%（极低位）, MA20之下（低位）, MA60之下（低位）",2026-09-18
sz300936,中英科技,80.54,35.24163568773234,0.7998421234397356,-7.276076444853779,建仓后期,57.14285714285714,"位置分位35.2%（中低位）, MA20之上",2026-09-18
sz002553,南方精工,15.67,15.590551181102363,0.9662179420872975,2.418300653594766,建仓后期,66.66666666666666,位置分位15.6%（低位）,2026-09-18
sz002079,苏州固锝,9.18,16.965517241379306,1.3910563402067513,-4.175365344467644,建仓后期,88.88888888888889,"位置分位17.0%（低位）, MA20之上, 价升量增",2026-09-18
sz300211,*ST亿通,7.02,43.44660194174756,0.8241440149969675,-6.149732620320867,建仓后期,50.0,位置分位43.4%（中低位）,2026-09-18
sz002371,北方华创,686.51,48.56106275767292,1.2842815804675773,-3.908010581862458,建仓后期,70.0,"位置分位48.6%（中低位）, 当日涨3.16%, MA20之上, 价升量增",2026-09-18
sz002333,罗普斯金,5.29,35.37735849056604,1.0497344793539198,1.5355086372360858,建仓后期,50.0,位置分位35.4%（中低位）,2026-09-18
sz000922,佳电股份,12.16,41.24748490945675,1.5513825873417257,0.9128630705394143,建仓后期,38.46153846153847,"位置分位41.2%（中低位）, MA20之上, 价升量增",2026-09-18
sz002816,*ST和科,22.74,22.813345356176715,0.8396484094222989,-8.747993579454267,建仓后期,66.66666666666666,位置分位22.8%（低位）,2026-09-18
sz002251,步步高,3.51,11.979166666666663,1.026867687837925,-0.847457627118651,建仓后期,66.66666666666666,位置分位12.0%（低位）,2026-09-18
sz300908,仲景食品,16.8,39.77178423236518,1.019910121722568,-0.6093592853339524,建仓后期,50.0,位置分位39.8%（中低位）,2026-09-18
sz002769,普路通,6.7,16.203703703703702,0.7452212559476877,-4.148783977110158,建仓后期,66.66666666666666,位置分位16.2%（低位）,2026-09-18
sz300469,信息发展,49.42,43.724085940444795,1.2505207855211034,-13.283032110896647,建仓后期,50.0,位置分位43.7%（中低位）,2026-09-18
sz300441,鲍斯股份,7.01,78.91156462585032,1.0460136447388078,2.785923753665682,出货,66.66666666666666,位置分位78.9%（中高位）,2026-09-18
sz002617,露笑科技,6.98,26.60377358490567,1.1724769274571825,13.311688311688316,建仓后期,100.0,"位置分位26.6%（低位）, 低位涨13.3%, MA20之上",2026-09-18
sz301156,美农生物,11.41,25.312595303446177,1.0082104585082514,-2.8109028960817724,建仓后期,75.0,位置分位25.3%（低位）,2026-09-18
sz301611,珂玛科技,98.94,19.50286806883365,1.271531362136451,0.6817950544418456,建仓后期,90.9090909090909,"位置分位19.5%（低位）, 当日涨5.26%, MA20之上, 价升量增",2026-09-18
sz301377,鼎泰高科,408.89,47.259487179487174,0.9167968842019301,-1.8271308523409395,建仓后期,57.14285714285714,"位置分位47.3%（中低位）, MA20之上",2026-09-18
sz301587,中瑞股份,21.26,30.11235955056182,1.2182532040995357,0.42512990080302243,建仓后期,62.5,"位置分位30.1%（中低位）, MA20之上, 价升量增",2026-09-18
sz002937,兴瑞科技,27.36,15.926846590909097,1.1944022219215802,-7.878787878787878,建仓后期,66.66666666666666,位置分位15.9%（低位）,2026-09-18
sz002199,东晶电子,12.4,54.65994962216625,1.0925040905225076,-0.5613472333600664,洗盘,66.66666666666666,位置分位54.7%（中位）,2026-09-18
sz002495,佳隆股份,2.37,49.35064935064938,0.9454671870630644,-0.4201680672268818,建仓后期,50.0,位置分位49.4%（中低位）,2026-09-18
sz301203,国泰环保,33.43,14.969538729329857,1.0274501157535,-2.0222743259085516,建仓后期,66.66666666666666,位置分位15.0%（低位）,2026-09-18
sz300462,ST华铭,11.25,40.19047619047618,0.9145373750198381,0.44642857142857784,建仓后期,50.0,位置分位40.2%（中低位）,2026-09-18
sz002267,陕天然气,7.12,44.025157232704416,0.6560841012465756,2.15208034433286,洗盘,78.57142857142857,"中位缩量（量比0.66）, 连续3天缩量",2026-09-18
sz300270,中威电子,10.5,31.914893617021285,1.1621242235709517,-9.638554216867464,建仓后期,50.0,位置分位31.9%（中低位）,2026-09-18
sz000886,海南高速,4.68,38.624338624338606,0.9585591822673708,3.0837004405286272,建仓后期,50.0,位置分位38.6%（中低位）,2026-09-18
sz002203,海亮股份,18.46,36.01978691019787,0.9345524553083906,-2.016985138004241,建仓后期,50.0,位置分位36.0%（中低位）,2026-09-18
sz300485,赛升药业,8.41,12.549019607843148,1.27733436608967,-15.136226034308779,建仓后期,53.84615384615385,"位置分位12.5%（低位）, 价升量增",2026-09-18
sz301383,天键股份,22.47,23.341375150784064,1.4210534799007124,0.17833259028087003,建仓后期,77.77777777777779,"位置分位23.3%（低位）, 价升量增",2026-09-18
sz301662,宏工科技,68.72,16.457207237415663,0.6303043952396756,1.3868397757450541,建仓后期,53.84615384615385,"位置分位16.5%（低位）, MA20之上",2026-09-18
sz300328,宜安科技,12.34,21.763470958712382,0.8821221290114105,-20.846696600384863,建仓初期,50.0,"低位跌-20.8%, MA20之下（低位）, MA60之下（低位）",2026-09-18
sz002845,同兴达,14.0,44.08945686900958,0.8633751977565695,6.221547799696512,建仓后期,66.66666666666666,"位置分位44.1%（中低位）, 低位涨6.2%, MA20之上",2026-09-18
sz002292,奥飞娱乐,8.88,94.83394833948344,1.727090772023722,12.690355329949249,出货,61.904761904761905,"位置分位94.8%（极高位）, 高位放量（量比1.73）",2026-09-18
sz000607,华媒控股,4.12,85.82089552238808,1.4912756332543924,13.498622589531687,出货,57.89473684210527,"位置分位85.8%（极高位）, 高位连续放量",2026-09-18
sz300604,长川科技,279.73,58.91284975940118,1.3571374799492724,0.11094409848972954,拉升,53.84615384615385,"当日大涨4.71%, MA20之上, 价升量增",2026-09-18
sz300510,金冠股份,3.45,28.915662650602414,1.3659902110659718,1.4705882352941255,建仓后期,100.0,"位置分位28.9%（低位）, MA20之上, 价升量增",2026-09-18
sz300225,金力泰,8.23,63.53383458646618,1.0316485694588073,11.66892808683854,洗盘,50.0,位置分位63.5%（中位）,2026-09-18
sz002387,维信诺,7.03,33.72781065088759,1.7562243005328806,-5.128205128205127,拉升,41.66666666666667,中位放量（量比1.76）,2026-09-18
sz301363,美好医疗,15.59,5.797101449275362,1.3374786003423944,-7.5326215895610895,建仓初期,91.66666666666666,"位置分位5.8%（极低位）, MA20之下（低位）, MA60之下（低位）",2026-09-18
sz301022,海泰科,22.19,16.81279009798866,1.1450806546107877,-4.022491349480967,建仓后期,66.66666666666666,位置分位16.8%（低位）,2026-09-18
sz301191,菲菱科思,88.18,16.577104706073943,0.9864921764970648,-5.131791285637435,建仓后期,90.0,"位置分位16.6%（低位）, 当日涨3.01%, MA20之上",2026-09-18
sz002700,万憬能源,6.36,31.023784901758017,0.7195379953113386,-0.6250000000000006,建仓后期,50.0,位置分位31.0%（中低位）,2026-09-18
sz000729,燕京啤酒,10.76,26.97768762677485,1.3884423512376531,-5.696757230499565,建仓后期,76.92307692307693,"位置分位27.0%（低位）, 连续3天放量, 价升量增",2026-09-18
sz000519,中兵红箭,15.39,23.98769861609431,0.7132503249038826,8.456659619450326,建仓后期,69.23076923076923,"位置分位24.0%（低位）, 低位涨8.5%, MA20之上",2026-09-18
sz000809,和展能源,3.57,41.293532338308445,1.3357932396645873,3.7790697674418574,建仓后期,45.45454545454545,"位置分位41.3%（中低位）, MA20之上, 价升量增",2026-09-18
sz301108,洁雅股份,46.26,98.05068226120858,2.190948891794108,22.803291744093432,拉升,50.0,"20日大涨22.8%, 当日大涨11.02%, MA20之上, MA60之上, 价升量增",2026-09-18
sz002178,延华智能,4.62,25.101214574898794,1.2445695598045228,4.054054054054047,建仓后期,75.0,位置分位25.1%（低位）,2026-09-18
sz000710,贝瑞基因,9.05,37.83231083844582,2.660635607912118,-12.221144519883605,建仓后期,46.666666666666664,"位置分位37.8%（中低位）, 当日涨5.97%, MA20之上, 价升量增",2026-09-18
sz000880,潍柴重机,26.68,41.516694963214476,1.9694703829941713,12.85956006768189,建仓后期,52.94117647058824,"位置分位41.5%（中低位）, 低位涨12.9%, 当日涨6.89%, MA20之上, 价升量增",2026-09-18
sz300233,金城医药,13.23,34.5766974015088,1.3294746696944086,-3.921568627450974,建仓后期,62.5,"位置分位34.6%（中低位）, MA20之上, 价升量增",2026-09-18
sz002488,金固股份,7.65,6.20805369127517,0.9211186227296688,-7.272727272727268,建仓初期,100.0,"位置分位6.2%（极低位）, MA20之下（低位）, MA60之下（低位）",2026-09-18
sz002346,柘中股份,18.83,28.60090796533222,0.7592485380510638,-18.37884698742957,建仓初期,50.0,"低位跌-18.4%, MA20之下（低位）, MA60之下（低位）",2026-09-18
sz301210,金杨精密,30.9,82.03178991015893,1.091923698971106,28.428927680798004,拉升,57.14285714285714,"20日大涨28.4%, MA20之上, MA60之上",2026-09-18
sz000973,佛塑科技,11.98,9.684803662616655,1.135037832766348,-16.978516978516975,建仓初期,100.0,"位置分位9.7%（极低位）, 低位跌-17.0%, MA20之下（低位）, MA60之下（低位）",2026-09-18
sz300165,天瑞仪器,5.09,21.330724070450096,0.8343606450214758,-0.39138943248533187,建仓后期,66.66666666666666,位置分位21.3%（低位）,2026-09-18
sz301200,大族数控,271.17,49.24805884756845,1.54015401540154,-3.843835324988467,建仓后期,46.666666666666664,"位置分位49.2%（中低位）, 当日涨4.75%, MA20之上, 价升量增",2026-09-18
sz300139,晓程科技,48.48,51.35393437400445,1.0915787986668628,-9.687034277198217,洗盘,85.71428571428571,位置分位51.4%（中位）,2026-09-18
sz300920,润阳科技,34.91,51.36436597110753,0.8441875213425045,3.4063981042653992,洗盘,66.66666666666666,位置分位51.4%（中位）,2026-09-18
sz002206,海 利 得,4.96,3.7850113550340523,0.6176361268724023,-4.798464491362764,建仓初期,100.0,"位置分位3.8%（极低位）, 低位缩量（量比0.62）, MA20之下（低位）, MA60之下（低位）, 连续3天缩量",2026-09-18
sz002620,*ST瑞和,5.79,26.83615819209039,1.2677282157108527,11.56069364161849,建仓后期,100.0,"位置分位26.8%（低位）, 低位涨11.6%, MA20之上, 价升量增",2026-09-18
sz300088,长信科技,7.23,22.424242424242433,0.9693102406525524,-1.09439124487003,建仓后期,87.5,"位置分位22.4%（低位）, MA20之上",2026-09-18
sz300385,ST雪浪,13.14,29.00158478605388,1.3090417780194847,5.967741935483872,建仓后期,100.0,"位置分位29.0%（低位）, 低位涨6.0%, 当日涨4.29%, MA20之上, 价升量增",2026-09-18
sz002058,紫竹高科,16.85,19.57270847691249,0.7204444793877925,3.18432333129212,建仓后期,87.5,"位置分位19.6%（低位）, MA20之上",2026-09-18
sz300966,共同药业,24.01,29.864253393665187,1.197412920319669,-4.608661104489472,建仓后期,87.5,"位置分位29.9%（低位）, MA20之上",2026-09-18
sz301295,美硕科技,36.78,34.112312521799794,0.8223623215279066,-4.393033532622817,建仓后期,50.0,位置分位34.1%（中低位）,2026-09-18
sz301560,众捷股份,23.7,13.522427440633239,1.177766086307521,4.681978798586567,建仓后期,87.5,"位置分位13.5%（低位）, MA20之上",2026-09-18
sz002237,恒邦股份,13.88,28.458976687859526,1.0543503938972816,-10.161812297734619,建仓后期,66.66666666666666,位置分位28.5%（低位）,2026-09-18
sz001367,海森药业,20.56,34.04178674351583,1.2265196772802858,-5.688073394495421,建仓后期,62.5,"位置分位34.0%（中低位）, MA20之上, 价升量增",2026-09-18
sz002382,蓝帆医疗,5.85,21.7391304347826,1.2441241565716412,-0.6791171477079803,建仓后期,75.0,位置分位21.7%（低位）,2026-09-18
sz002749,国光股份,8.36,26.682478505781187,1.053407573888504,0.23980815347721313,建仓后期,66.66666666666666,位置分位26.7%（低位）,2026-09-18
sz002508,老板电器,16.39,34.01162790697675,0.7552100142929595,1.297898640296668,建仓后期,57.14285714285714,"位置分位34.0%（中低位）, MA20之上",2026-09-18
sz301069,凯盛新材,16.16,17.3155737704918,0.7438483417909935,-0.3084515731030272,建仓后期,66.66666666666666,位置分位17.3%（低位）,2026-09-18
sz300044,*ST赛为,6.02,43.22429906542056,1.089678276843719,16.89320388349513,建仓后期,70.0,"位置分位43.2%（中低位）, 低位涨16.9%, MA20之上",2026-09-18
sz301101,明月镜片,29.79,30.550563633393224,1.6107991484132769,1.154499151103565,建仓后期,38.46153846153847,"位置分位30.6%（中低位）, MA20之上, 价升量增",2026-09-18
sz002636,金安国纪,80.86,54.95989650711513,0.7258631500149467,26.859115155318474,拉升,57.14285714285714,"20日大涨26.9%, MA20之上, MA60之上",2026-09-18
sz301018,申菱环境,105.02,60.43829133980253,1.3824482264718987,17.20982142857143,拉升,62.5,"20日大涨17.2%, MA20之上, MA60之上, 价升量增",2026-09-18
sz300056,中创环保,7.81,30.41543026706231,0.9599565516447195,-8.117647058823534,建仓后期,50.0,位置分位30.4%（中低位）,2026-09-18
sz301439,泓淋电力,14.38,15.092879256965949,0.8227539744357589,-3.3602150537634405,建仓后期,66.66666666666666,位置分位15.1%（低位）,2026-09-18
sz002494,华斯股份,4.56,24.06639004149376,1.0262882748319642,-5.5900621118012515,建仓后期,66.66666666666666,位置分位24.1%（低位）,2026-09-18
sz301356,天振股份,18.94,30.258538142355583,1.154822819612036,-5.205205205205201,建仓后期,50.0,位置分位30.3%（中低位）,2026-09-18
sz300883,龙利得,6.34,47.46835443037975,0.7840247986220797,-3.206106870229007,建仓后期,50.0,位置分位47.5%（中低位）,2026-09-18
sz301556,托普云农,62.0,25.475699915161794,1.0064777589756304,6.896551724137931,建仓后期,80.0,"位置分位25.5%（低位）, 低位涨6.9%",2026-09-18
sz002575,群兴玩具,5.15,21.359223300970886,0.9257298610569352,3.83064516129033,建仓后期,75.0,位置分位21.4%（低位）,2026-09-18
sz300487,蓝晓科技,68.78,55.64636159445783,0.8007029435253388,2.8255344595604734,洗盘,66.66666666666666,位置分位55.6%（中位）,2026-09-18
sz000716,黑芝麻,5.07,48.49785407725324,0.9113277577901854,5.62500000000001,建仓后期,62.5,"位置分位48.5%（中低位）, 低位涨5.6%",2026-09-18
sz301235,华康洁净,47.2,30.49588436057018,1.107951034258042,8.881199538638988,建仓后期,72.72727272727273,"位置分位30.5%（中低位）, 低位涨8.9%, 当日涨6.43%, MA20之上",2026-09-18
sz002030,达安基因,5.37,19.06354515050168,1.687157688739786,-4.10714285714285,建仓后期,80.0,"位置分位19.1%（低位）, 低位放量（量比1.69）, 价升量增",2026-09-18
sz300388,节能国祯,6.72,23.056898475269623,0.622879402544717,-1.8978102189781008,建仓初期,64.70588235294117,"低位缩量（量比0.62）, MA20之下（低位）, MA60之下（低位）, 连续3天缩量",2026-09-18
sz000059,华锦股份,5.4,66.79687500000001,0.7940079615695665,14.649681528662429,洗盘,69.23076923076923,"位置分位66.8%（中位）, 连续3天缩量",2026-09-18
sz003003,天元股份,10.52,29.678982434887928,0.6897412544441031,-4.968383017163512,建仓初期,62.5,"低位缩量（量比0.69）, MA20之下（低位）, MA60之下（低位）, 价跌量缩",2026-09-18
sz002681,奋达科技,4.6,31.313131313131297,0.9369331282578051,3.8374717832957095,建仓后期,50.0,位置分位31.3%（中低位）,2026-09-18
sz301557,常友科技,85.69,72.03174603174602,1.2660003506926178,-1.2788018433179718,出货,54.54545454545454,位置分位72.0%（中高位）,2026-09-18
sz300529,健帆生物,15.01,5.627009646302239,1.1896167848127956,-4.758883248730965,建仓初期,100.0,"位置分位5.6%（极低位）, MA20之下（低位）, MA60之下（低位）",2026-09-18
sz001267,汇绿生态,38.03,25.67653202525407,1.4155338793463013,1.5487316421895814,建仓后期,90.9090909090909,"位置分位25.7%（低位）, 当日涨4.05%, MA20之上, 价升量增",2026-09-18
sz002830,名雕股份,14.56,51.941747572815544,0.9049814625250535,6.355003652300957,洗盘,60.0,位置分位51.9%（中位）,2026-09-18
sz000504,南华生物,10.01,90.33232628398791,2.1817688989365385,18.74258600237248,拉升,50.0,"20日大涨18.7%, 当日大涨10.00%, MA20之上, MA60之上, 价升量增",2026-09-18
sz000822,山东海化,4.26,14.47811447811447,0.8133101029829546,-1.6166281755196372,建仓后期,66.66666666666666,位置分位14.5%（低位）,2026-09-18
sz300182,捷成股份,5.02,29.76095617529879,1.0674920756196669,3.9337474120082714,建仓后期,75.0,位置分位29.8%（低位）,2026-09-18
sz300532,今天国际,7.01,41.597337770382694,0.8816090308417823,1.1544011544011554,建仓后期,50.0,位置分位41.6%（中低位）,2026-09-18
sz000728,国元证券,7.47,62.32876712328769,1.073023251856003,6.107954545454541,洗盘,60.0,位置分位62.3%（中位）,2026-09-18
sz002150,正泰电源,21.24,9.333333333333327,1.1198721941669818,-7.248908296943232,建仓初期,75.0,"位置分位9.3%（极低位）, MA60之下（低位）",2026-09-18
sz301632,广东建科,13.21,5.787037037037036,1.2873416445445076,-4.758471521268914,建仓初期,91.66666666666666,"位置分位5.8%（极低位）, MA20之下（低位）, MA60之下（低位）",2026-09-18
sz300229,拓尔思,13.02,14.916467780429596,0.9840960166591068,-3.340757238307358,建仓后期,66.66666666666666,位置分位14.9%（低位）,2026-09-18
sz002438,江苏神通,13.46,29.832572298325733,1.2377180244876742,-2.8158844765342876,建仓后期,70.0,"位置分位29.8%（低位）, 价升量增",2026-09-18
sz000837,秦川机床,9.68,22.83464566929134,1.5535763829892484,-3.6815920398010045,建仓后期,80.0,"位置分位22.8%（低位）, 低位放量（量比1.55）, 价升量增",2026-09-18
sz001316,润贝航科,28.11,25.21801672210734,0.9390167941802113,9.933515838873678,建仓后期,100.0,"位置分位25.2%（低位）, 低位涨9.9%, MA20之上",2026-09-18
sz000402,金 融 街,2.52,14.912280701754376,1.917172664658798,2.4390243902439046,建仓后期,85.71428571428571,"位置分位14.9%（低位）, 低位放量（量比1.92）, 价升量增",2026-09-18
sz300343,联创股份,5.5,11.009174311926612,1.1263579968300286,-4.01396160558465,建仓后期,66.66666666666666,位置分位11.0%（低位）,2026-09-18
sz000938,紫光股份,33.95,46.173063820122664,1.2961034757228205,-6.83315038419318,建仓后期,50.0,"位置分位46.2%（中低位）, 当日涨3.51%, 价升量增",2026-09-18
sz300239,东宝生物,4.91,31.960227272727277,1.2655763682751981,-6.83111954459202,建仓后期,57.14285714285714,"位置分位32.0%（中低位）, 价升量增",2026-09-18
sz301339,通行宝,11.05,31.491712707182344,0.9158358582011656,0.913242009132433,建仓后期,50.0,位置分位31.5%（中低位）,2026-09-18
sz000715,中兴商业,5.39,44.191343963553514,0.766650432744097,4.660194174757268,建仓后期,50.0,位置分位44.2%（中低位）,2026-09-18
sz000801,四川九洲,12.15,38.55721393034828,0.9782059247283813,9.459459459459465,建仓后期,62.5,"位置分位38.6%（中低位）, 低位涨9.5%",2026-09-18
sz002806,华锋股份,15.02,34.731084776663614,1.1399413302874342,5.182072829131655,建仓后期,66.66666666666666,"位置分位34.7%（中低位）, 低位涨5.2%, MA20之上",2026-09-18
sz300918,南山智尚,10.8,25.732559869106066,1.3041288559982707,5.160662122687451,建仓后期,100.0,"位置分位25.7%（低位）, 低位涨5.2%, MA20之上, 价升量增",2026-09-18
sz002423,中粮资本,9.2,46.254826254826206,0.9647098667504979,2.5641025641025488,建仓后期,50.0,位置分位46.3%（中低位）,2026-09-18
sz002361,神剑股份,10.49,15.239294710327457,1.311680685481384,0.2868068833651946,建仓后期,90.9090909090909,"位置分位15.2%（低位）, 当日涨4.38%, MA20之上, 价升量增",2026-09-18
sz000911,*ST广糖,5.22,45.87628865979381,0.6754594335592738,6.313645621181255,洗盘,61.53846153846154,中位缩量（量比0.68）,2026-09-18
sz001388,信通电子,20.34,35.58394160583941,0.7322914040836904,-4.596622889305818,洗盘,66.66666666666666,连续3天缩量,2026-09-18
sz002250,联化科技,14.13,30.01949317738794,1.1620173480416918,-10.285714285714281,建仓后期,50.0,位置分位30.0%（中低位）,2026-09-18
sz002637,赞宇科技,11.28,45.67404426559355,0.8475295380680972,-2.168256721595837,建仓后期,50.0,位置分位45.7%（中低位）,2026-09-18
sz301314,科瑞思,44.8,48.682785997834706,1.0564976494291471,3.130755064456721,建仓后期,57.14285714285714,"位置分位48.7%（中低位）, MA20之上",2026-09-18
sz002156,通富微电,61.38,47.45499200108154,1.8675751255775817,-3.913587977457733,建仓后期,46.666666666666664,"位置分位47.5%（中低位）, 当日涨5.26%, MA20之上, 价升量增",2026-09-18
sz301276,嘉曼服饰,17.08,14.602034709754625,1.030583711988815,-15.487382483918863,建仓初期,50.0,"低位跌-15.5%, MA20之下（低位）, MA60之下（低位）",2026-09-18
sz301048,金鹰重工,8.97,14.76280834914612,0.869597703409493,-5.179704016913321,建仓后期,75.0,位置分位14.8%（低位）,2026-09-18
sz300065,海兰信,15.64,8.266129032258068,1.018253376282454,3.439153439153448,建仓初期,90.0,"位置分位8.3%（极低位）, MA60之下（低位）",2026-09-18
sz000048,京基智农,18.47,43.29749103942652,1.7642803817943322,-17.28616211374832,拉升,35.714285714285715,中位放量（量比1.76）,2026-09-18
sz001309,德明利,413.09,12.24303405572755,1.2603081639872646,-0.48901522451340085,建仓后期,90.9090909090909,"位置分位12.2%（低位）, 当日涨4.07%, MA20之上, 价升量增",2026-09-18
sz300927,江天化学,26.94,48.931116389548706,0.8743461503725997,-0.25916327286190405,建仓后期,50.0,位置分位48.9%（中低位）,2026-09-18
sz300150,世纪瑞尔,4.02,22.164948453608226,1.0945130032692252,-5.85480093676815,建仓后期,66.66666666666666,位置分位22.2%（低位）,2026-09-18
sz301500,飞南资源,26.84,56.74836037279945,0.6778113132687185,15.939524838012966,洗盘,63.63636363636363,"位置分位56.7%（中位）, 中位缩量（量比0.68）, 连续3天缩量",2026-09-18
sz000505,京粮控股,6.71,49.86072423398329,1.0510772601619316,-0.44510385756676923,建仓后期,50.0,位置分位49.9%（中低位）,2026-09-18
sz300079,数码视讯,4.79,39.40886699507389,0.997505838163444,9.36073059360731,建仓后期,62.5,"位置分位39.4%（中低位）, 低位涨9.4%",2026-09-18
sz300457,赢合科技,22.17,40.15673981191224,1.6193722646098878,11.127819548872193,建仓后期,52.94117647058824,"位置分位40.2%（中低位）, 低位涨11.1%, 当日涨5.57%, MA20之上, 价升量增",2026-09-18
sz002839,张家港行,4.3,54.4303797468354,0.7563701983324701,-0.692840646651276,洗盘,100.0,位置分位54.4%（中位）,2026-09-18
sz300826,测绘股份,15.48,91.91919191919192,1.1768059258831636,4.949152542372884,出货,57.14285714285714,位置分位91.9%（极高位）,2026-09-18
sz300837,浙矿股份,22.5,20.42599672310212,1.1432065346440614,-2.6816608996539837,建仓后期,66.66666666666666,位置分位20.4%（低位）,2026-09-18
sz300589,江龙船艇,13.83,47.745358090185675,1.0781970479599003,5.331302361005326,建仓后期,72.72727272727273,"位置分位47.7%（中低位）, 低位涨5.3%, 当日涨3.21%, MA20之上",2026-09-18
sz002006,精工科技,13.32,10.939907550077052,1.0258485022758985,1.292775665399239,建仓后期,66.66666666666666,位置分位10.9%（低位）,2026-09-18
sz300997,欢乐家,15.41,26.716604244694135,1.4731035000398744,-5.979255643685176,建仓后期,75.0,"位置分位26.7%（低位）, 当日涨4.05%, 价升量增",2026-09-18
sz300002,神州泰岳,7.95,33.53293413173653,1.3657464016529917,0.0,建仓后期,50.0,位置分位33.5%（中低位）,2026-09-18
sz301027,华蓝集团,19.9,31.16883116883116,0.7294792041264339,-0.350525788683026,建仓后期,50.0,位置分位31.2%（中低位）,2026-09-18
sz300443,金雷股份,20.31,16.68965517241378,0.9789914905436456,2.991886409736308,建仓后期,100.0,"位置分位16.7%（低位）, MA20之上",2026-09-18
sz300124,汇川技术,52.45,7.440476190476192,1.0948670418493722,-11.146874470608163,建仓初期,100.0,"位置分位7.4%（极低位）, MA20之下（低位）, MA60之下（低位）",2026-09-18
sz300256,星星科技,2.67,25.87412587412588,1.2412206918978157,-2.1978021978021998,建仓后期,75.0,位置分位25.9%（低位）,2026-09-18
sz002410,广联达,8.4,14.3171806167401,1.0391808240519953,-6.770255271920083,建仓后期,66.66666666666666,位置分位14.3%（低位）,2026-09-18
sz301399,英特科技,21.49,67.59776536312849,1.7862124742160952,23.933102652825827,拉升,75.0,"中位放量（量比1.79）, 20日大涨23.9%, 当日大涨7.72%, MA20之上, MA60之上, 价升量增",2026-09-18
sz300021,大禹节水,3.87,29.807692307692324,0.7983054798594867,0.5194805194805199,建仓初期,57.14285714285714,"MA20之下（低位）, MA60之下（低位）, 连续3天缩量, 价跌量缩",2026-09-18
sz300585,奥联电子,16.04,41.15853658536584,1.1861444382856223,2.492012779552708,建仓后期,50.0,位置分位41.2%（中低位）,2026-09-18
sz000559,万向钱潮,11.02,11.212814645308928,2.2418347852057203,0.5474452554744409,建仓后期,92.85714285714286,"位置分位11.2%（低位）, 低位放量（量比2.24）, MA20之上, 价升量增",2026-09-18
sz002973,侨银股份,13.56,86.83274021352312,1.1051308923420053,26.37465051258155,拉升,50.0,"20日大涨26.4%, MA20之上, MA60之上",2026-09-18
sz002389,航天彩虹,18.68,32.31240428790198,0.7424675149902059,5.7757644394110965,建仓后期,62.5,"位置分位32.3%（中低位）, 低位涨5.8%",2026-09-18
sz002685,华东重机,5.66,20.147874306839185,2.6832890543974393,4.621072088724584,建仓后期,100.0,"位置分位20.1%（低位）, 低位放量（量比2.68）, 当日涨6.59%, MA20之上, 价升量增",2026-09-18
sz300706,阿石创,51.25,31.847235538510706,0.9585565023206288,-2.23197252956887,建仓后期,57.14285714285714,"位置分位31.8%（中低位）, MA20之上",2026-09-18
sz000929,兰州黄河,9.03,38.22314049586776,1.0797472106766908,0.556792873051213,建仓后期,50.0,位置分位38.2%（中低位）,2026-09-18
sz300719,安达维尔,11.89,26.47058823529413,0.9418478162881406,3.122289679098016,建仓后期,75.0,位置分位26.5%（低位）,2026-09-18
sz000909,*ST数源,5.56,59.99999999999998,0.48664768658073587,29.90654205607475,洗盘,63.63636363636363,"位置分位60.0%（中位）, 中位缩量（量比0.49）, 连续3天缩量",2026-09-18
sz300721,怡达股份,22.84,33.93103448275862,0.8657376407958154,0.4397537379067785,建仓后期,57.14285714285714,"位置分位33.9%（中低位）, MA20之上",2026-09-18
sz301516,中远通,19.55,47.29411764705883,0.8271817470193263,-19.281585466556557,建仓后期,40.0,"位置分位47.3%（中低位）, MA20之上",2026-09-18
sz002819,东方中科,21.4,29.40088757396449,0.4055094206120409,2.3433763749402123,建仓初期,62.5,"低位缩量（量比0.41）, MA20之下（低位）, 连续3天缩量",2026-09-18
sz002093,国脉科技,7.4,37.03703703703705,0.7350694112753537,11.61387631975868,建仓后期,66.66666666666666,"位置分位37.0%（中低位）, 低位涨11.6%, MA20之上",2026-09-18
sz300436,广生堂,86.56,5.571128241065183,1.2369373434914568,-7.044673539518903,建仓初期,91.66666666666666,"位置分位5.6%（极低位）, MA20之下（低位）, MA60之下（低位）",2026-09-18
sz301019,宁波色母,15.55,31.38181204656657,1.8030016395510153,3.1851360318513633,建仓后期,46.666666666666664,"位置分位31.4%（中低位）, 当日涨4.08%, MA20之上, 价升量增",2026-09-18
sz002578,闽发铝业,3.94,63.235294117647044,0.8741502082649459,5.630026809651474,洗盘,60.0,位置分位63.2%（中位）,2026-09-18
sz000682,东方电子,10.72,4.612343509773793,1.3253524189881174,-6.644605068361925,建仓初期,91.66666666666666,"位置分位4.6%（极低位）, MA20之下（低位）, MA60之下（低位）",2026-09-18
sz001217,华尔泰,10.24,49.633251833740815,0.9727398470818766,2.297702297702302,建仓后期,50.0,位置分位49.6%（中低位）,2026-09-18
sz300072,海新能科,3.61,17.793594306049823,1.674364232191794,-5.249343832021002,建仓后期,87.5,"位置分位17.8%（低位）, 低位放量（量比1.67）, 当日涨3.14%, 价升量增",2026-09-18
sz301581,黄山谷捷,35.91,20.127795527156536,1.4125034501794094,-3.4677419354838874,建仓后期,70.0,"位置分位20.1%（低位）, 价升量增",2026-09-18
sz000089,深圳机场,6.46,46.95652173913042,1.2054929264633223,1.095461658841945,建仓后期,50.0,位置分位47.0%（中低位）,2026-09-18
sz300118,东方日升,9.19,6.086221470836846,1.5471303033655759,-6.032719836400817,建仓初期,57.89473684210527,"位置分位6.1%（极低位）, MA20之下（低位）, MA60之下（低位）",2026-09-18
sz300076,*ST宁视,4.23,16.254416961130758,1.2525876526387507,-6.208425720620828,建仓后期,66.66666666666666,位置分位16.3%（低位）,2026-09-18
sz000987,越秀资本,7.34,13.971962616822415,1.0145793769857276,-1.2113055181695809,建仓后期,66.66666666666666,位置分位14.0%（低位）,2026-09-18
sz300363,博腾股份,22.79,84.96441281138789,1.0972531833195225,4.111466423024206,拉升,50.0,"当日大涨3.26%, MA20之上, MA60之上",2026-09-18
sz300649,杭州园林,28.26,82.20011055831952,1.0800076192829635,11.43533123028392,拉升,60.0,"20日涨11.4%, 当日大涨3.18%, MA20之上, MA60之上",2026-09-18
sz301167,建研设计,12.75,22.17391304347825,0.8190756883216358,-11.273486430062626,建仓后期,66.66666666666666,位置分位22.2%（低位）,2026-09-18
sz000821,ST京机,7.5,19.6011590250554,0.7808418216766811,7.758620689655173,建仓后期,75.0,"位置分位19.6%（低位）, 低位涨7.8%, MA20之上",2026-09-18
sz301095,广立微,78.75,25.476758045292016,1.3817589403504424,5.974969721437219,建仓后期,92.3076923076923,"位置分位25.5%（低位）, 低位涨6.0%, 当日涨5.39%, MA20之上, 价升量增",2026-09-18
sz300757,罗博特科,620.6,74.09225818978669,1.084407103452309,22.988505747126435,拉升,57.14285714285714,"20日大涨23.0%, MA20之上, MA60之上",2026-09-18
sz002020,京新药业,11.4,3.027065527065526,1.3470842767409403,-13.505311077389981,建仓初期,91.66666666666666,"位置分位3.0%（极低位）, MA20之下（低位）, MA60之下（低位）",2026-09-18
sz301039,中集车辆,7.35,37.681159420289845,1.0105196429489267,-7.894736842105273,建仓后期,50.0,位置分位37.7%（中低位）,2026-09-18
sz002993,奥海科技,36.5,8.161350844277667,1.3661756972754582,-4.898384575299641,建仓初期,91.66666666666666,"位置分位8.2%（极低位）, MA20之下（低位）, MA60之下（低位）",2026-09-18
sz002295,精艺股份,10.03,51.86500888099466,0.7772395238216924,10.82872928176794,拉升,53.84615384615385,"20日涨10.8%, 当日大涨3.19%, MA60之上",2026-09-18
sz300942,易瑞生物,6.42,25.55066079295154,2.055212202577822,-4.464285714285712,建仓后期,85.71428571428571,"位置分位25.6%（低位）, 低位放量（量比2.06）, 价升量增",2026-09-18
sz300331,苏大维格,48.56,34.93574488338886,1.0897114033673445,0.10307153164296902,建仓后期,57.14285714285714,"位置分位34.9%（中低位）, MA20之上",2026-09-18
sz002538,ST司特,6.71,55.084745762711876,1.1270765224472026,-7.7028885832187015,洗盘,85.71428571428571,位置分位55.1%（中位）,2026-09-18
sz000709,河钢股份,2.06,32.75862068965516,0.9288070763087402,-0.4830917874396033,建仓后期,50.0,位置分位32.8%（中低位）,2026-09-18
sz300176,鸿特科技,4.35,7.390300230946847,1.1012342664756263,-7.051282051282053,建仓初期,100.0,"位置分位7.4%（极低位）, MA20之下（低位）, MA60之下（低位）",2026-09-18
sz300747,锐科激光,41.31,44.839965924303286,0.9584340041221464,12.776412776412775,建仓后期,66.66666666666666,"位置分位44.8%（中低位）, 低位涨12.8%, MA20之上",2026-09-18
sz301032,新柴股份,9.95,29.729729729729716,0.9917537261457028,-0.8964143426294807,建仓后期,75.0,位置分位29.7%（低位）,2026-09-18
sz002697,红旗连锁,4.68,43.062200956937794,1.1595840261400585,4.697986577181208,建仓后期,50.0,位置分位43.1%（中低位）,2026-09-18
sz002598,ST章鼓,7.04,32.64705882352942,1.7463048551686267,7.480916030534354,建仓后期,46.666666666666664,"位置分位32.6%（中低位）, 低位涨7.5%, MA20之上, 价升量增",2026-09-18
sz000895,双汇发展,23.29,17.365269461077848,1.044191537535859,-6.465863453815259,建仓后期,66.66666666666666,位置分位17.4%（低位）,2026-09-18
sz300467,迅游科技,33.2,37.599510104102905,0.9265528669683903,1.250381213784702,建仓后期,50.0,位置分位37.6%（中低位）,2026-09-18
sz300110,华仁药业,2.74,30.275229357798178,1.2707161406478165,-4.195804195804184,建仓后期,57.14285714285714,"位置分位30.3%（中低位）, 价升量增",2026-09-18
sz301008,宏昌科技,45.21,83.86339542632138,1.1241572943315474,12.183622828784129,拉升,60.0,"20日涨12.2%, 当日大涨6.10%, MA20之上, MA60之上",2026-09-18
sz000510,新金路,18.6,38.94389438943895,1.3092644331707637,11.644657863145266,建仓后期,75.0,"位置分位38.9%（中低位）, 低位涨11.6%, 当日涨4.38%, MA20之上, 价升量增",2026-09-18
sz002099,海翔药业,5.36,17.625899280575545,0.7097092726612734,2.2900763358778646,建仓初期,53.84615384615385,"MA20之下（低位）, 连续3天缩量, 价跌量缩",2026-09-18
sz301141,中科磁业,37.08,20.206896551724135,1.0858610051926652,-9.912536443148685,建仓后期,66.66666666666666,位置分位20.2%（低位）,2026-09-18
sz300697,电工合金,14.99,41.02228047182177,1.0544203603640907,-7.583230579531435,建仓后期,62.5,"位置分位41.0%（中低位）, 当日涨3.09%",2026-09-18
sz002843,泰嘉股份,16.41,13.166345536287738,0.8923015588676593,0.489895897121873,建仓后期,87.5,"位置分位13.2%（低位）, MA20之上",2026-09-18
sz300316,晶盛机电,42.72,25.440451021846368,1.3619608832125665,0.4467434751939754,建仓后期,90.9090909090909,"位置分位25.4%（低位）, 当日涨5.85%, MA20之上, 价升量增",2026-09-18
sz300875,捷强装备,32.42,27.096273291925467,0.5973161232458043,0.5583126550868478,建仓初期,62.5,"低位缩量（量比0.60）, MA20之下（低位）, 连续3天缩量",2026-09-18
sz002775,文科股份,3.24,23.239436619718315,0.8362035768338661,-8.474576271186436,建仓后期,66.66666666666666,位置分位23.2%（低位）,2026-09-18
sz301238,瑞泰新材,16.15,14.658925979680681,0.7776484184149252,1.5723270440251462,建仓后期,87.5,"位置分位14.7%（低位）, MA20之上",2026-09-18
sz300213,佳讯飞鸿,6.3,28.3625730994152,0.9961672294911468,0.9615384615384551,建仓后期,75.0,位置分位28.4%（低位）,2026-09-18
sz000965,天保基建,3.27,31.147540983606543,1.0916039090131011,3.8095238095238133,建仓后期,50.0,位置分位31.1%（中低位）,2026-09-18
sz002687,乔治白,6.36,85.81818181818183,0.9066613689792018,3.583061889250825,出货,72.72727272727273,位置分位85.8%（极高位）,2026-09-18
sz000736,中交发展,4.52,44.2396313364055,1.425870333676336,3.9080459770114926,建仓后期,66.66666666666666,"位置分位44.2%（中低位）, 当日涨3.67%, 价升量增",2026-09-18
sz003037,三和管桩,5.7,23.770491803278695,1.000906451935803,1.0638297872340514,建仓后期,75.0,位置分位23.8%（低位）,2026-09-18
sz002185,华天科技,18.03,43.47154262168427,1.5565164676822973,3.501722158438573,建仓后期,46.666666666666664,"位置分位43.5%（中低位）, 当日涨10.01%, MA20之上, 价升量增",2026-09-18
sz300194,福安药业,3.78,51.923076923076884,1.211022246551523,-3.81679389312978,洗盘,100.0,位置分位51.9%（中位）,2026-09-18
sz300199,翰宇药业,23.5,53.48837209302325,1.117565903297995,1.7316017316017254,洗盘,66.66666666666666,位置分位53.5%（中位）,2026-09-18
sz300961,深水海纳,11.9,48.6211901306241,0.6407722609876444,2.852203975799482,洗盘,78.57142857142857,"中位缩量（量比0.64）, 连续3天缩量",2026-09-18
sz002245,蔚蓝锂芯,18.25,59.42076413319152,1.1186530550926777,-0.27322404371585085,洗盘,66.66666666666666,位置分位59.4%（中位）,2026-09-18
sz002198,ST嘉应,3.66,14.75728155339806,0.978055207937369,8.605341246290802,建仓后期,100.0,"位置分位14.8%（低位）, 低位涨8.6%, MA20之上",2026-09-18
sz300241,瑞丰光电,5.96,35.23573200992555,1.1367827398706005,4.013961605584634,建仓后期,57.14285714285714,"位置分位35.2%（中低位）, MA20之上",2026-09-18
sz000798,中水渔业,10.15,54.29497568881686,0.8425231040046941,16.399082568807337,拉升,57.14285714285714,"20日大涨16.4%, MA20之上, MA60之上",2026-09-18
sz002986,宇新股份,13.06,40.21937842778796,1.1749670860681234,-1.8045112781954902,建仓后期,50.0,位置分位40.2%（中低位）,2026-09-18
sz000751,锌业股份,4.63,21.70818505338079,0.8075223700130196,-9.922178988326845,建仓后期,66.66666666666666,位置分位21.7%（低位）,2026-09-18
sz002489,浙江永强,3.13,38.181818181818166,1.1800337220843304,15.498154981549813,建仓后期,70.0,"位置分位38.2%（中低位）, 低位涨15.5%, MA20之上",2026-09-18
sz002239,奥特佳,2.49,19.210526315789515,1.0788716622980097,0.8097165991902842,建仓后期,66.66666666666666,位置分位19.2%（低位）,2026-09-18
sz301063,海锅股份,17.07,20.94653812445224,1.0384805130735077,-5.324459234608989,建仓后期,66.66666666666666,位置分位20.9%（低位）,2026-09-18
sz000597,东北制药,4.66,35.96214511041011,1.2023172623381557,-6.986027944111769,建仓后期,50.0,位置分位36.0%（中低位）,2026-09-18
sz300376,易事特,4.23,4.713560551124031,1.0908915257467895,-4.729729729729729,建仓初期,100.0,"位置分位4.7%（极低位）, MA20之下（低位）, MA60之下（低位）",2026-09-18
sz300541,先进数通,9.53,6.129597197898417,1.1105686502060907,-2.556237218813906,建仓初期,100.0,"位置分位6.1%（极低位）, MA20之下（低位）, MA60之下（低位）",2026-09-18
sz301528,多浦乐,74.88,72.06611570247932,0.7636303806840384,33.57117374241882,拉升,64.70588235294117,"20日大涨33.6%, 当日大涨5.32%, MA20之上, MA60之上",2026-09-18
sz001280,中国铀业,63.8,26.077382824787666,1.1168858275934044,-4.818737878561844,建仓后期,66.66666666666666,位置分位26.1%（低位）,2026-09-18
sz002279,久其软件,6.79,44.73684210526315,0.5376779858302285,8.121019108280251,洗盘,61.53846153846154,中位缩量（量比0.54）,2026-09-18
sz000887,中鼎股份,19.54,45.105820105820094,1.2345824882323677,-12.806782686300764,建仓后期,57.14285714285714,"位置分位45.1%（中低位）, 价升量增",2026-09-18
sz002686,亿利达,6.22,37.005649717514125,0.9518027990932441,-7.440476190476191,建仓后期,50.0,位置分位37.0%（中低位）,2026-09-18
sz300665,飞鹿股份,8.72,30.569948186528507,0.9746178715913131,-7.4309978768577425,建仓后期,50.0,位置分位30.6%（中低位）,2026-09-18
sz301002,崧盛股份,27.33,7.312883435582816,0.9971591261521667,-2.2532188841201806,建仓初期,84.61538461538461,"位置分位7.3%（极低位）, MA20之下（低位）, MA60之下（低位）",2026-09-18
sz002352,顺丰控股,30.78,13.857724078412053,0.9067454342784391,-3.890588896521583,建仓后期,66.66666666666666,位置分位13.9%（低位）,2026-09-18
sz301090,华润材料,6.89,23.030303030303028,1.0753378389732249,1.3235294117647038,建仓后期,75.0,位置分位23.0%（低位）,2026-09-18
sz002923,润都股份,10.92,19.114688128772634,1.2766631904405312,-3.1914893617021227,建仓后期,75.0,位置分位19.1%（低位）,2026-09-18
sz300275,梅安森,8.96,38.452787258248044,0.8968345893881781,-1.6465422612513565,建仓后期,50.0,位置分位38.5%（中低位）,2026-09-18
sz300319,麦捷科技,21.56,47.73642518918441,0.8512683812540578,17.87862219792236,建仓后期,70.0,"位置分位47.7%（中低位）, 低位涨17.9%, MA20之上",2026-09-18
sz002670,国盛证券,11.69,26.56249999999999,1.0132578268527812,9.45692883895131,建仓后期,80.0,"位置分位26.6%（低位）, 低位涨9.5%",2026-09-18
sz002813,路畅科技,21.65,40.13282732447816,0.814069185101655,6.335952848722982,建仓后期,66.66666666666666,"位置分位40.1%（中低位）, 低位涨6.3%, MA20之上",2026-09-18
sz300032,金龙机电,3.9,26.332288401253916,1.1593484276475954,2.631578947368424,建仓后期,100.0,"位置分位26.3%（低位）, MA20之上",2026-09-18
sz002593,日上集团,4.59,44.04761904761903,1.025907629184438,3.378378378378366,建仓后期,57.14285714285714,"位置分位44.0%（中低位）, MA20之上",2026-09-18
sz002102,ST能特,2.71,51.49253731343284,0.66568286219336,22.624434389140273,洗盘,57.89473684210527,"位置分位51.5%（中位）, 中位缩量（量比0.67）",2026-09-18
sz300689,澄天伟业,66.8,67.98732171156892,1.159404052831849,23.956207088513633,拉升,57.14285714285714,"20日大涨24.0%, MA20之上, MA60之上",2026-09-18
sz000920,沃顿科技,13.16,44.15584415584416,3.2646038615141437,14.434782608695654,建仓后期,52.94117647058824,"位置分位44.2%（中低位）, 低位涨14.4%, 当日涨4.20%, MA20之上, 价升量增",2026-09-18
sz300503,昊志机电,66.9,30.49524620405848,1.241053831199303,-3.9483129935391235,建仓后期,62.5,"位置分位30.5%（中低位）, MA20之上, 价升量增",2026-09-18
sz300624,万兴科技,50.48,22.266666666666666,0.9495102550516084,-1.483216237314608,建仓后期,66.66666666666666,位置分位22.3%（低位）,2026-09-18
sz000681,视觉中国,16.32,10.137795275590562,1.082413574563239,-4.022582921665496,建仓后期,66.66666666666666,位置分位10.1%（低位）,2026-09-18
sz002547,*ST春兴,2.48,35.820895522388064,0.7001178834065218,-5.343511450381684,洗盘,66.66666666666666,连续3天缩量,2026-09-18
sz300097,智云股份,10.85,74.4,2.065521035201081,2.358490566037736,出货,57.89473684210527,"位置分位74.4%（中高位）, 高位放量（量比2.07）",2026-09-18
sz002207,*ST准油,5.62,16.91542288557214,0.7890625750295316,-2.2608695652173894,建仓初期,57.14285714285714,"MA20之下（低位）, MA60之下（低位）, 连续3天缩量, 价跌量缩",2026-09-18
sz002913,奥士康,84.06,92.54101487981687,1.256119554930822,39.24134503892663,拉升,55.55555555555556,"20日大涨39.2%, MA20之上, MA60之上, 价升量增",2026-09-18
sz002362,汉王科技,16.55,38.03763440860216,0.7397810321321125,4.813172894236869,建仓后期,57.14285714285714,"位置分位38.0%（中低位）, MA20之上",2026-09-18
sz300196,长海股份,20.51,31.168105637379384,0.828844970232811,17.515613361599737,建仓后期,70.0,"位置分位31.2%（中低位）, 低位涨17.5%, MA20之上",2026-09-18
sz000156,华数传媒,7.03,62.16216216216218,1.5382234818992992,8.320493066255779,拉升,68.42105263157895,"中位放量（量比1.54）, 20日涨8.3%, MA20之上, MA60之上, 价升量增",2026-09-18
sz002741,光华科技,25.38,35.10061919504644,0.8232685263286529,-2.534562211981567,建仓后期,57.14285714285714,"位置分位35.1%（中低位）, MA20之上",2026-09-18
sz002197,证通电子,6.57,38.30985915492959,1.2141280678222641,-0.15197568389057428,建仓后期,57.14285714285714,"位置分位38.3%（中低位）, 价升量增",2026-09-18
sz300598,诚迈科技,30.41,29.472241261137768,0.9038547873642967,-7.65259641664136,建仓后期,75.0,位置分位29.5%（低位）,2026-09-18
sz002668,TCL智家,9.05,14.885777450257926,0.6223319611271342,-2.1621621621621547,建仓初期,62.5,"低位缩量（量比0.62）, MA20之下（低位）, MA60之下（低位）, 价跌量缩",2026-09-18
sz002225,濮耐股份,3.53,11.279657720731217,1.2803709126629796,-2.2160664819944618,建仓后期,66.66666666666666,位置分位11.3%（低位）,2026-09-18
sz002154,报 喜 鸟,3.87,43.5897435897436,0.7417153857814611,-4.914004914004918,建仓后期,50.0,位置分位43.6%（中低位）,2026-09-18
sz300264,佳创视讯,6.02,3.98481973434535,1.1304709332468696,-6.376360808709178,建仓初期,100.0,"位置分位4.0%（极低位）, MA20之下（低位）, MA60之下（低位）",2026-09-18
sz002930,宏川智慧,9.07,15.476190476190485,0.9690300097075851,4.013761467889903,建仓后期,75.0,位置分位15.5%（低位）,2026-09-18
sz000793,ST华闻,2.09,7.200720072007205,1.0916993157960868,-4.12844036697249,建仓初期,100.0,"位置分位7.2%（极低位）, MA20之下（低位）, MA60之下（低位）",2026-09-18
sz300355,蒙草生态,2.78,9.604519774011296,0.8976145949486717,-4.467353951890045,建仓初期,100.0,"位置分位9.6%（极低位）, MA20之下（低位）, MA60之下（低位）",2026-09-18
sz300026,红日药业,3.2,34.5132743362832,1.2786888579211204,-5.882352941176463,建仓后期,57.14285714285714,"位置分位34.5%（中低位）, 价升量增",2026-09-18
sz300521,爱司凯,25.0,55.103550295857985,0.9198652770716829,7.250107250107256,拉升,60.0,"20日涨7.3%, 当日大涨3.09%, MA20之上, MA60之上",2026-09-18
sz002791,坚朗五金,14.48,22.673656618610753,1.0758347429580053,-2.8187919463087243,建仓后期,66.66666666666666,位置分位22.7%（低位）,2026-09-18
sz001308,康冠科技,18.09,28.376327769347515,1.3534600260069876,3.1356898517673932,建仓后期,100.0,"位置分位28.4%（低位）, MA20之上, 价升量增",2026-09-18
sz003816,中国广核,4.24,46.60869565217392,0.985518447179315,10.416666666666677,建仓后期,62.5,"位置分位46.6%（中低位）, 低位涨10.4%",2026-09-18
sz300283,温州宏丰,14.31,36.19471342580477,1.0141744491491305,6.631892697466473,建仓后期,66.66666666666666,"位置分位36.2%（中低位）, 低位涨6.6%, MA20之上",2026-09-18
sz301133,金钟股份,26.94,24.596901675624412,0.9616657791338639,-4.400283889283174,建仓后期,66.66666666666666,位置分位24.6%（低位）,2026-09-18
sz000930,中粮科技,5.17,31.37254901960785,0.7851381848598118,9.53389830508475,洗盘,54.54545454545454,连续3天缩量,2026-09-18
sz000966,长源电力,4.06,18.22429906542055,0.9197356630428443,2.267002518891673,建仓后期,66.66666666666666,位置分位18.2%（低位）,2026-09-18
sz001328,登康口腔,29.98,52.93569431500465,0.8898405197873597,5.563380281690147,洗盘,50.0,位置分位52.9%（中位）,2026-09-18
sz301372,科净源,33.71,55.68828213879409,1.1368111878775742,13.425302826379552,拉升,60.0,"20日涨13.4%, 当日大涨5.02%, MA20之上, MA60之上",2026-09-18
sz300855,图南股份,34.92,46.29990262901656,0.5836002224608776,3.252513305736255,洗盘,66.66666666666666,中位缩量（量比0.58）,2026-09-18
sz001208,华菱线缆,14.1,22.39789196310935,1.4052808809306205,3.8291605301914546,建仓后期,90.9090909090909,"位置分位22.4%（低位）, 当日涨3.37%, MA20之上, 价升量增",2026-09-18
sz002255,海陆重工,7.68,6.707616707616699,1.1301479696469503,0.16955784531107213,建仓初期,100.0,"位置分位6.7%（极低位）, MA20之下（低位）, MA60之下（低位）",2026-09-18
sz002809,红墙股份,8.18,30.52434456928838,0.9216450199187299,-3.0805687203791448,建仓后期,50.0,位置分位30.5%（中低位）,2026-09-18
sz000068,华控赛格,3.23,43.75000000000001,0.7431989417380802,5.211726384364826,建仓后期,62.5,"位置分位43.8%（中低位）, 低位涨5.2%",2026-09-18
sz300459,汤姆猫,3.58,25.563909774436077,1.0482065928937783,3.7681159420289823,建仓后期,66.66666666666666,位置分位25.6%（低位）,2026-09-18
sz002139,拓邦股份,9.62,20.98867716100524,0.5993477621986482,1.2631578947368338,建仓初期,61.111111111111114,"低位缩量（量比0.60）, MA60之下（低位）, 连续3天缩量, 价跌量缩",2026-09-18
sz300254,仟源医药,8.67,21.03990326481258,1.2772582866091275,-2.3648648648648742,建仓后期,77.77777777777779,"位置分位21.0%（低位）, 价升量增",2026-09-18
sz000862,银星能源,5.62,32.46376811594203,0.8538062781300778,9.126213592233004,建仓后期,66.66666666666666,"位置分位32.5%（中低位）, 低位涨9.1%, MA20之上",2026-09-18
sz301105,鸿铭股份,48.74,50.37369207772796,0.7548863183087355,2.9355860612460414,洗盘,66.66666666666666,位置分位50.4%（中位）,2026-09-18
sz301563,云汉芯城,115.99,11.25404376784015,1.4473054908434515,-5.252409736971089,建仓后期,75.0,"位置分位11.3%（低位）, 当日涨4.32%, 价升量增",2026-09-18
sz300086,康芝药业,6.27,17.494600431965434,1.1148615206044996,-5.287009063444117,建仓后期,66.66666666666666,位置分位17.5%（低位）,2026-09-18
sz000882,华联股份,1.58,67.39130434782611,1.6875107054045626,10.489510489510499,拉升,72.72727272727273,"中位放量（量比1.69）, 20日涨10.5%, 当日大涨3.95%, MA20之上, MA60之上, 价升量增",2026-09-18
sz300027,ST华谊,1.74,37.34939759036146,0.8167341673225463,-3.333333333333336,建仓后期,50.0,位置分位37.3%（中低位）,2026-09-18
sz002420,毅昌科技,6.02,40.54878048780486,1.0428631424898034,3.25900514579759,建仓后期,50.0,位置分位40.5%（中低位）,2026-09-18
sz300212,*ST易录,7.9,28.4660766961652,0.4970914020666235,2.9986962190352076,建仓初期,57.14285714285714,"低位缩量（量比0.50）, MA20之下（低位）, MA60之下（低位）",2026-09-18
sz300507,苏奥传感,6.49,19.200000000000017,0.9936530449878882,2.204724409448828,建仓后期,87.5,"位置分位19.2%（低位）, MA20之上",2026-09-18
sz002063,远光软件,5.35,25.711159737417926,0.9921142550547837,1.1342155009451722,建仓后期,66.66666666666666,位置分位25.7%（低位）,2026-09-18
sz300841,康华生物,51.55,46.4788732394366,1.435908807052158,-8.76106194690266,建仓后期,62.5,"位置分位46.5%（中低位）, MA20之上, 价升量增",2026-09-18
sz300600,国瑞科技,10.46,32.775453277545346,0.7258342696075533,5.02008032128514,洗盘,54.54545454545454,连续3天缩量,2026-09-18
sz002486,嘉麟杰,2.81,70.08547008547008,1.0195045486852918,9.338521400778218,出货,60.0,位置分位70.1%（中高位）,2026-09-18
sz301552,科力装备,24.23,32.265003226500326,1.040707175753974,-0.6560065600656012,建仓后期,50.0,位置分位32.3%（中低位）,2026-09-18
sz301051,信濠光电,17.9,50.72133637053909,0.9034584020724205,-13.106796116504867,洗盘,66.66666666666666,位置分位50.7%（中位）,2026-09-18
sz300856,科思股份,10.38,6.918238993710695,1.0287769083095393,-5.032021957913988,建仓初期,100.0,"位置分位6.9%（极低位）, MA20之下（低位）, MA60之下（低位）",2026-09-18
sz300812,易天股份,19.86,26.321974148061102,1.4526872327385187,2.1604938271604843,建仓后期,88.88888888888889,"位置分位26.3%（低位）, MA20之上, 价升量增",2026-09-18
sz301298,东利机械,12.06,27.944111776447112,0.8297257663701583,-6.656346749226001,建仓后期,66.66666666666666,位置分位27.9%（低位）,2026-09-18
sz002168,ST惠程,3.64,20.720720720720728,1.5484561755983712,-5.208333333333327,建仓后期,78.57142857142857,"位置分位20.7%（低位）, 低位放量（量比1.55）",2026-09-18
sz301267,华厦眼科,14.88,13.706293706293726,1.2111808294037951,-7.231920199501237,建仓后期,70.0,"位置分位13.7%（低位）, 价升量增",2026-09-18
sz002570,贝因美,4.39,25.47169811320753,0.8477161824192398,-1.348314606741584,建仓后期,75.0,位置分位25.5%（低位）,2026-09-18
sz000901,航天科技,14.37,14.182692307692305,1.2455366708921853,5.197657393850652,建仓后期,90.9090909090909,"位置分位14.2%（低位）, 低位涨5.2%, MA20之上, 价升量增",2026-09-18
sz002970,锐明技术,43.52,2.6726647261180343,1.3195822520734748,-13.753468093539434,建仓初期,100.0,"位置分位2.7%（极低位）, MA20之下（低位）, MA60之下（低位）",2026-09-18
sz300716,*ST泉为,18.42,34.759358288770066,0.5858976164489667,-3.205465055176035,洗盘,72.72727272727273,中位缩量（量比0.59）,2026-09-18
sz002345,潮宏基,8.94,15.921787709497215,0.8211004140717202,-10.330992978936822,建仓后期,66.66666666666666,位置分位15.9%（低位）,2026-09-18
sz002801,微光股份,26.52,14.760112888052667,1.1007288629737608,-0.41680748000450846,建仓后期,66.66666666666666,位置分位14.8%（低位）,2026-09-18
sz300769,德方纳米,42.0,7.3814762952590485,0.882524401407544,-10.92258748674443,建仓初期,100.0,"位置分位7.4%（极低位）, MA20之下（低位）, MA60之下（低位）",2026-09-18
sz300726,宏达电子,58.47,34.04139433551198,0.9646492114054852,10.654806964420883,建仓后期,66.66666666666666,"位置分位34.0%（中低位）, 低位涨10.7%, MA20之上",2026-09-18
sz000551,创元科技,12.36,8.42911877394635,1.4956493452140893,-1.2779552715654963,建仓初期,69.23076923076923,"位置分位8.4%（极低位）, MA60之下（低位）",2026-09-18
sz002597,金禾实业,21.81,53.62227143309075,0.7636024821219115,9.984871406959156,洗盘,60.0,"位置分位53.6%（中位）, 连续3天缩量",2026-09-18
sz001896,豫能控股,12.11,5.317460317460317,0.6649404437879959,1.59395973154362,建仓初期,94.44444444444444,"位置分位5.3%（极低位）, 低位缩量（量比0.66）, MA60之下（低位）, 连续3天缩量",2026-09-18
sz001322,箭牌家居,6.15,25.451180009255005,0.9613072742324443,-2.070063694267514,建仓后期,66.66666666666666,位置分位25.5%（低位）,2026-09-18
sz301515,港通医疗,18.77,37.13991769547325,0.6578336773718656,-3.8422131147540983,洗盘,72.72727272727273,中位缩量（量比0.66）,2026-09-18
sz300593,新雷能,32.6,57.01792741582861,1.0549869170386332,5.433376455368692,拉升,60.0,"20日涨5.4%, 当日大涨3.56%, MA20之上, MA60之上",2026-09-18
sz300857,协创数据,267.89,58.411219387222566,1.075119646909957,8.27775756840871,洗盘,50.0,位置分位58.4%（中位）,2026-09-18
sz300450,先导智能,32.53,11.620592617116376,0.8391426874531763,-4.069595989383649,建仓后期,87.5,"位置分位11.6%（低位）, MA20之上",2026-09-18
sz000589,贵州轮胎,4.24,22.429906542056088,0.8626501468436668,0.23640661938533772,建仓后期,66.66666666666666,位置分位22.4%（低位）,2026-09-18
sz002548,金新农,4.01,25.70093457943925,0.8100630902212093,-1.715686274509811,建仓后期,66.66666666666666,位置分位25.7%（低位）,2026-09-18
sz300218,安利股份,12.39,27.210884353741516,1.0340433506152789,-1.4319809069212386,建仓后期,66.66666666666666,位置分位27.2%（低位）,2026-09-18
sz300864,南大环境,25.6,63.02158273381296,0.8224747066078115,6.224066390041493,洗盘,60.0,位置分位63.0%（中位）,2026-09-18
sz002590,万安科技,9.64,21.693625118934357,1.4856703861537244,3.3226152197213343,建仓后期,75.0,位置分位21.7%（低位）,2026-09-18
sz301107,瑜欣电子,23.67,71.18380062305297,1.8002529898804047,17.70263550472403,拉升,54.166666666666664,"20日大涨17.7%, 当日大涨4.09%, MA20之上, MA60之上, 价升量增",2026-09-18
sz000807,云铝股份,27.37,40.3781760882411,1.193415306403573,5.757341576506962,建仓后期,66.66666666666666,"位置分位40.4%（中低位）, 低位涨5.8%, MA20之上",2026-09-18
sz300489,光智科技,224.62,62.98733286418015,1.3644450990250698,3.726622027245437,拉升,57.14285714285714,"MA20之上, MA60之上, 连续3天放量, 价升量增",2026-09-18
sz301228,实朴检测,56.88,36.98384201077201,0.8692389843304057,-3.2981978918735084,建仓后期,50.0,位置分位37.0%（中低位）,2026-09-18
sz002606,大连电瓷,12.68,27.741935483870968,1.2803756931559693,-6.860584692228596,建仓后期,70.0,"位置分位27.7%（低位）, 价升量增",2026-09-18
sz300187,永清环保,4.55,15.95744680851063,0.9375261071017743,-0.21929824561403044,建仓后期,66.66666666666666,位置分位16.0%（低位）,2026-09-18
sz000753,漳州发展,5.37,32.716927453769564,1.4898817393991868,15.236051502145923,建仓后期,62.5,"位置分位32.7%（中低位）, 低位涨15.2%, 当日涨3.87%, MA20之上, 价升量增",2026-09-18
sz300795,米奥会展,12.06,37.716894977168955,1.3599065449935566,-11.97080291970802,建仓后期,57.14285714285714,"位置分位37.7%（中低位）, 价升量增",2026-09-18
sz300148,天舟文化,3.47,31.543624161073836,1.1094985876345185,3.2738095238095335,建仓后期,50.0,位置分位31.5%（中低位）,2026-09-18
sz300084,海默科技,10.22,28.816793893129777,0.9047964305633017,-2.387774594078319,建仓后期,66.66666666666666,位置分位28.8%（低位）,2026-09-18
sz300245,ST天玑,5.91,11.730205278592376,0.5817451680226345,5.347593582887697,建仓初期,52.94117647058824,"低位缩量（量比0.58）, MA20之下（低位）, 价跌量缩",2026-09-18
sz300377,赢时胜,14.06,24.23025435073629,1.1278623413595872,0.5003573981415317,建仓后期,66.66666666666666,位置分位24.2%（低位）,2026-09-18
sz301131,聚赛龙,31.98,25.919117647058826,0.8893835797954099,-6.491228070175445,建仓后期,66.66666666666666,位置分位25.9%（低位）,2026-09-18
sz301281,科源制药,50.51,69.21720733427361,1.0056888792364957,14.639128461189276,洗盘,50.0,位置分位69.2%（中位）,2026-09-18
sz300281,金明精机,6.69,50.297619047619065,0.7061164007302676,5.023547880690742,洗盘,50.0,位置分位50.3%（中位）,2026-09-18
sz300197,节能铁汉,1.97,25.595238095238088,0.8333850524496828,-2.4752475247524774,建仓后期,75.0,位置分位25.6%（低位）,2026-09-18
sz001325,元创股份,36.91,13.787924301592058,0.88924089949062,-3.224960671211337,建仓后期,75.0,位置分位13.8%（低位）,2026-09-18
sz000533,顺钠股份,11.23,41.70168067226891,1.423674861592636,4.757462686567162,建仓后期,66.66666666666666,"位置分位41.7%（中低位）, 当日涨3.79%, 价升量增",2026-09-18
sz300250,初灵信息,15.0,23.87218045112781,1.1150617733345467,0.2673796791443793,建仓后期,75.0,位置分位23.9%（低位）,2026-09-18
sz300127,银河磁体,24.03,22.67593397046047,0.9792046193017779,-2.751922298664507,建仓后期,66.66666666666666,位置分位22.7%（低位）,2026-09-18
sz300014,亿纬锂能,51.56,16.54805499896359,2.0626052869913094,-7.199424046076314,建仓后期,93.75,"位置分位16.5%（低位）, 低位放量（量比2.06）, 当日涨6.90%, MA20之上, 价升量增",2026-09-18
sz001236,弘业期货,7.84,33.735632183908024,0.8186479310948063,4.116865869853912,建仓后期,50.0,位置分位33.7%（中低位）,2026-09-18
sz002632,道明光学,9.54,39.846743295019145,1.2001874040377616,13.167259786476862,建仓后期,75.0,"位置分位39.8%（中低位）, 低位涨13.2%, 当日涨5.18%, MA20之上, 价升量增",2026-09-18
sz300849,锦盛新材,21.72,47.47967479674796,1.2419739874876523,5.079825834542802,建仓后期,70.0,"位置分位47.5%（中低位）, 低位涨5.1%, MA20之上, 价升量增",2026-09-18
sz002157,正邦科技,3.03,33.67346938775507,0.7656990240177022,3.4129692832764382,建仓后期,50.0,位置分位33.7%（中低位）,2026-09-18
sz301073,君亭酒店,17.75,16.641452344931917,0.9812459153818791,-1.6075388026607493,建仓后期,66.66666666666666,位置分位16.6%（低位）,2026-09-18
sz000953,中哲精化,5.88,40.43478260869564,1.0878017890138396,-5.920000000000002,建仓后期,50.0,位置分位40.4%（中低位）,2026-09-18
sz300175,朗源股份,5.52,47.38955823293171,0.9891693475788048,-6.9139966273187206,建仓后期,50.0,位置分位47.4%（中低位）,2026-09-18
sz002107,沃华医药,6.86,50.23333333333335,0.981908144712326,9.760000000000005,洗盘,50.0,位置分位50.2%（中位）,2026-09-18
sz002631,德尔未来,13.23,100.0,1.6761411506712973,38.679245283018886,拉升,50.0,"20日大涨38.7%, 当日大涨9.98%, MA20之上, MA60之上, 价升量增",2026-09-18
sz301023,奕帆传动,28.55,21.65407085812295,1.0618552297144324,-2.592971682019782,建仓后期,87.5,"位置分位21.7%（低位）, MA20之上",2026-09-18
sz000700,模塑科技,11.91,27.10583153347732,1.1908849609854768,9.06593406593407,建仓后期,90.0,"位置分位27.1%（低位）, 低位涨9.1%, MA20之上",2026-09-18
sz000839,国安股份,2.82,35.97122302158273,0.7563648785600443,5.223880597014913,建仓后期,72.72727272727273,"位置分位36.0%（中低位）, 低位涨5.2%, 当日涨3.30%, MA20之上",2026-09-18
sz301043,绿岛风,49.67,64.62160176340927,0.8993125054390393,12.937698954070044,洗盘,50.0,位置分位64.6%（中位）,2026-09-18
sz000411,英特集团,9.9,44.52316076294279,1.0870956568881394,2.3784901758014523,建仓后期,50.0,位置分位44.5%（中低位）,2026-09-18
sz300071,福石控股,4.14,40.9090909090909,0.9604750375439215,4.020100502512555,建仓后期,50.0,位置分位40.9%（中低位）,2026-09-18
sz002055,ST得润,6.66,53.125,0.8113406257680709,10.264900662251657,洗盘,50.0,位置分位53.1%（中位）,2026-09-18
sz002354,天娱数科,7.6,44.758064516129025,0.935284837292652,4.972375690607727,建仓后期,50.0,位置分位44.8%（中低位）,2026-09-18
sz301066,万事利,12.07,23.435225618631733,1.6796092309225938,1.173512154233031,建仓后期,87.5,"位置分位23.4%（低位）, 低位放量（量比1.68）, 当日涨4.23%, 价升量增",2026-09-18
sz002738,中矿资源,44.04,3.3404132071828485,0.9707646349965603,-18.895027624309392,建仓初期,100.0,"位置分位3.3%（极低位）, 低位跌-18.9%, MA20之下（低位）, MA60之下（低位）",2026-09-18
sz000811,冰轮环境,41.52,59.56180042867351,1.7708485452907938,1.243599122165338,拉升,66.66666666666666,"中位放量（量比1.77）, 当日大涨7.40%, MA20之上, 价升量增",2026-09-18
sz002895,川恒股份,30.79,27.60736196319018,0.9329882017094212,-7.814371257485028,建仓后期,66.66666666666666,位置分位27.6%（低位）,2026-09-18
sz300533,冰川网络,14.18,14.429038439860213,1.2737855147797175,-0.14084507042253222,建仓后期,70.0,"位置分位14.4%（低位）, 价升量增",2026-09-18
sz002235,安妮股份,8.13,26.37540453074435,0.8880146248793482,-6.766055045871558,建仓后期,66.66666666666666,位置分位26.4%（低位）,2026-09-18
sz002347,泰尔股份,5.9,26.213592233009713,0.9646264010959481,-1.502504173622702,建仓后期,75.0,位置分位26.2%（低位）,2026-09-18
sz301359,东南电子,18.38,47.26947179946284,0.6892732271065204,9.66587112171836,洗盘,57.14285714285714,中位缩量（量比0.69）,2026-09-18
sz002446,盛路通信,8.13,25.09157509157511,0.86045771078235,-4.577464788732381,建仓后期,66.66666666666666,位置分位25.1%（低位）,2026-09-18
sz002012,凯恩股份,7.35,51.37420718816067,0.9160172166427547,9.212481426448726,洗盘,50.0,位置分位51.4%（中位）,2026-09-18
sz300707,威唐工业,11.64,25.501477219717,0.9659474450417626,-3.801652892561976,建仓后期,75.0,位置分位25.5%（低位）,2026-09-18
sz002481,双塔食品,4.23,46.086956521739175,0.7472546394019012,1.9277108433734955,洗盘,66.66666666666666,连续3天缩量,2026-09-18
sz301502,华阳智能,52.36,24.31192660550459,1.2576428887904298,1.2570102494681852,建仓后期,88.88888888888889,"位置分位24.3%（低位）, MA20之上, 价升量增",2026-09-18
sz002676,顺威股份,5.35,23.262032085561472,1.2689191696386237,5.522682445759356,建仓后期,100.0,"位置分位23.3%（低位）, 低位涨5.5%, MA20之上, 价升量增",2026-09-18
sz001213,中铁特货,3.49,17.989417989418033,0.7633807865229825,0.2873563218390871,建仓后期,66.66666666666666,位置分位18.0%（低位）,2026-09-18
sz002398,垒知集团,4.17,33.908387864366446,0.9567923053848167,1.9559902200489014,建仓后期,50.0,位置分位33.9%（中低位）,2026-09-18
sz002691,*ST冀凯,4.28,23.68972746331238,0.6621073838535851,0.4694835680751282,建仓初期,53.84615384615385,"低位缩量（量比0.66）, MA20之下（低位）",2026-09-18
sz301297,富乐德,47.64,51.34484563055991,0.9835698172288596,36.2700228832952,拉升,57.14285714285714,"20日大涨36.3%, MA20之上, MA60之上",2026-09-18
sz300425,中建环能,3.96,21.33712660028449,0.9195764811894571,-1.7369727047146473,建仓后期,75.0,位置分位21.3%（低位）,2026-09-18
sz001215,千味央厨,30.45,12.045454545454541,1.136275590785827,-3.8522260814651164,建仓后期,66.66666666666666,位置分位12.0%（低位）,2026-09-18
sz000890,法尔胜,7.68,17.59336099585062,0.6485384048184852,5.205479452054793,建仓初期,55.55555555555556,"低位缩量（量比0.65）, MA20之下（低位）, 连续3天缩量",2026-09-18
sz002880,卫光生物,20.8,24.451754385964914,0.9827316136530153,-1.5151515151515165,建仓后期,66.66666666666666,位置分位24.5%（低位）,2026-09-18
sz002979,雷赛智能,55.18,49.21464707299447,1.2373862601054078,-0.4330566582461241,建仓后期,62.5,"位置分位49.2%（中低位）, MA20之上, 价升量增",2026-09-18
sz300584,海辰药业,31.25,17.568897637795278,0.9759188846641318,-5.015197568389054,建仓后期,87.5,"位置分位17.6%（低位）, MA20之上",2026-09-18
sz300300,海峡创新,9.45,36.2776025236593,1.1602734101655836,27.875507442489848,建仓后期,75.0,"位置分位36.3%（中低位）, 低位涨27.9%, 当日涨7.39%, MA20之上",2026-09-18
sz002342,巨力索具,7.88,9.288448547624405,0.9330313673965825,4.787234042553196,建仓初期,90.0,"位置分位9.3%（极低位）, MA60之下（低位）",2026-09-18
sz300453,三鑫医疗,9.01,19.786096256684456,0.6954067175783545,-8.89787664307382,建仓初期,57.14285714285714,"低位缩量（量比0.70）, MA20之下（低位）, MA60之下（低位）",2026-09-18
sz300366,ST创意,5.4,65.04854368932041,0.5048496237433534,5.263157894736851,洗盘,64.70588235294117,"位置分位65.0%（中位）, 中位缩量（量比0.50）",2026-09-18
sz002629,仁智股份,4.25,10.189573459715646,0.7949325886767711,-10.337552742616039,建仓后期,54.54545454545454,位置分位10.2%（低位）,2026-09-18
sz300626,华瑞股份,28.88,34.73204520597884,1.1101129317424625,-7.554417413572341,建仓后期,66.66666666666666,"位置分位34.7%（中低位）, 当日涨5.40%, MA20之上",2026-09-18
sz300906,日月明,28.61,46.14485981308411,0.8641094124148094,-6.442119032047086,建仓后期,50.0,位置分位46.1%（中低位）,2026-09-18
sz300804,广康生化,45.45,63.44850948509486,0.887698673575931,5.330243337195839,洗盘,50.0,位置分位63.4%（中位）,2026-09-18
sz000630,铜陵有色,6.09,17.872340425531917,0.9615283047264508,-7.587253414264036,建仓后期,66.66666666666666,位置分位17.9%（低位）,2026-09-18
sz002875,安奈儿,12.94,14.7076923076923,1.0817333000858893,-1.8209408194233705,建仓后期,66.66666666666666,位置分位14.7%（低位）,2026-09-18
sz301186,超达装备,35.73,31.755485893416914,1.470171268186505,3.8059267867518747,建仓后期,62.5,"位置分位31.8%（中低位）, MA20之上, 价升量增",2026-09-18
sz002114,罗平锌电,7.23,35.32008830022076,1.1752751089033964,-1.2295081967213095,建仓后期,50.0,位置分位35.3%（中低位）,2026-09-18
sz000166,申万宏源,4.4,41.525423728813585,1.0533884640181927,-0.22675736961450763,建仓后期,50.0,位置分位41.5%（中低位）,2026-09-18
sz002165,红 宝 丽,7.06,33.808553971486745,0.8720805004469008,-8.549222797927463,建仓后期,50.0,位置分位33.8%（中低位）,2026-09-18
sz003036,泰坦股份,54.78,38.52942622547814,1.0714644877435575,3.125000000000007,建仓后期,57.14285714285714,"位置分位38.5%（中低位）, MA20之上",2026-09-18
sz300932,三友联众,10.85,54.85714285714285,0.856112467039726,4.126679462571974,洗盘,85.71428571428571,位置分位54.9%（中位）,2026-09-18
sz001201,东瑞股份,14.62,92.1940928270042,1.2256661542172667,23.27150084317032,拉升,55.55555555555556,"20日大涨23.3%, MA20之上, MA60之上, 价升量增",2026-09-18
sz002112,三变科技,14.67,20.940959409594097,1.3054664032072003,-6.560509554140123,建仓后期,70.0,"位置分位20.9%（低位）, 价升量增",2026-09-18
sz300158,振东制药,5.35,42.3076923076923,2.51177276909113,2.4904214559386952,建仓后期,46.666666666666664,"位置分位42.3%（中低位）, 当日涨3.28%, MA20之上, 价升量增",2026-09-18
sz300938,信测标准,32.5,27.578147823546594,1.3826325940353799,16.071428571428573,建仓后期,92.85714285714286,"位置分位27.6%（低位）, 低位涨16.1%, 当日涨4.27%, MA20之上, 价升量增",2026-09-18
sz002421,达实智能,3.17,20.47872340425532,0.9431879858351924,2.2580645161290267,建仓后期,66.66666666666666,位置分位20.5%（低位）,2026-09-18
sz300437,清水源,10.7,21.615201900237512,1.040965389700455,-2.8156221616712123,建仓后期,66.66666666666666,位置分位21.6%（低位）,2026-09-18
sz301087,可孚医疗,52.8,60.35648432698216,0.9216631681949463,9.931292941911298,洗盘,50.0,位置分位60.4%（中位）,2026-09-18
sz002936,郑州银行,1.74,38.461538461538495,0.8592859487555927,-0.571428571428572,建仓后期,50.0,位置分位38.5%（中低位）,2026-09-18
sz000685,中山公用,10.91,36.67763157894736,1.0088950335097981,-0.6375227686703122,建仓后期,50.0,位置分位36.7%（中低位）,2026-09-18
sz001323,慕思股份,17.2,25.73766961016583,1.0724549136741113,-6.52173913043478,建仓后期,66.66666666666666,位置分位25.7%（低位）,2026-09-18
sz000925,众合科技,8.12,34.598411297440414,0.9150189784612632,-0.36809815950921637,建仓后期,50.0,位置分位34.6%（中低位）,2026-09-18
sz002116,中国海诚,7.15,27.803099361896095,1.0078676157758713,1.4184397163120643,建仓后期,75.0,位置分位27.8%（低位）,2026-09-18
sz300652,雷迪克,26.8,13.685272360457299,2.55833387421302,-7.458563535911603,建仓后期,82.35294117647058,"位置分位13.7%（低位）, 低位放量（量比2.56）, 当日涨4.24%, 价升量增",2026-09-18
sz301117,ST佳缘,13.49,3.4022988505747134,0.8214546036955079,-24.042792792792795,建仓初期,100.0,"位置分位3.4%（极低位）, 低位跌-24.0%, MA20之下（低位）, MA60之下（低位）",2026-09-18
sz300657,弘信电子,37.1,30.717054263565903,0.8131010523723459,5.909220667998858,建仓后期,66.66666666666666,"位置分位30.7%（中低位）, 低位涨5.9%, MA20之上",2026-09-18
sz300957,贝泰妮,31.59,15.166762507188034,1.5592143409354464,-0.28409090909090867,建仓后期,78.57142857142857,"位置分位15.2%（低位）, 低位放量（量比1.56）",2026-09-18
sz002160,常铝股份,3.91,21.008403361344538,0.9107215944137106,-1.262626262626258,建仓后期,75.0,位置分位21.0%（低位）,2026-09-18
sz300884,狄耐克,12.11,62.07627118644067,1.1226949200061498,-1.943319838056682,洗盘,85.71428571428571,位置分位62.1%（中位）,2026-09-18
sz300820,英杰电气,71.43,57.906471639725545,1.0871356711035514,35.51508252703473,拉升,64.70588235294117,"20日大涨35.5%, 当日大涨4.28%, MA20之上, MA60之上",2026-09-18
sz300200,高盟新材,8.52,23.63636363636363,0.9596607304205894,0.3533568904593564,建仓后期,66.66666666666666,位置分位23.6%（低位）,2026-09-18
sz000062,深圳华强,23.09,13.016845329249618,1.3073274316759054,3.1263957123715915,建仓后期,70.0,"位置分位13.0%（低位）, 价升量增",2026-09-18
sz300257,开山股份,19.15,11.121408711770151,1.6248965907606565,10.374639769452433,建仓后期,94.44444444444444,"位置分位11.1%（低位）, 低位放量（量比1.62）, 低位涨10.4%, 当日涨7.52%, MA20之上, 价升量增",2026-09-18
sz301536,星宸科技,125.77,73.95019927785204,1.6521113807138383,7.403928266438943,拉升,50.0,"20日涨7.4%, 当日大涨11.43%, MA20之上, MA60之上, 价升量增",2026-09-18
sz000680,山推股份,9.38,7.415545179895671,0.7873506069532261,-7.948969578017652,建仓初期,100.0,"位置分位7.4%（极低位）, MA20之下（低位）, MA60之下（低位）",2026-09-18
sz300430,*ST益通,4.84,6.858710562414265,0.6690743949567378,10.75514874141876,建仓初期,83.33333333333334,"位置分位6.9%（极低位）, 低位缩量（量比0.67）, 价跌量缩",2026-09-18
sz300234,开尔新材,11.95,96.17151607963247,1.594355190082547,25.39349422875131,拉升,50.0,"20日大涨25.4%, 当日大涨5.47%, MA20之上, MA60之上, 价升量增",2026-09-18
sz300221,银禧科技,14.14,50.20576131687243,0.7232017774275458,-1.805555555555554,洗盘,66.66666666666666,位置分位50.2%（中位）,2026-09-18
sz300572,安车检测,24.68,46.76616915422885,0.6830913538786677,29.48583420776496,洗盘,53.333333333333336,中位缩量（量比0.68）,2026-09-18
sz000672,上峰材料,15.02,25.497944988934545,1.0047070175824373,8.557386527898231,建仓后期,90.0,"位置分位25.5%（低位）, 低位涨8.6%, MA20之上",2026-09-18
sz300894,火星人,10.43,42.73684210526314,0.7388369012519762,-6.45739910313902,建仓后期,50.0,位置分位42.7%（中低位）,2026-09-18
sz301607,富特科技,44.47,43.05904522613064,0.9667885637482494,-0.8693713776192612,建仓后期,57.14285714285714,"位置分位43.1%（中低位）, MA20之上",2026-09-18
sz002792,通宇通讯,31.4,29.700313105710446,0.9982928501694748,-0.6014561570117166,建仓后期,100.0,"位置分位29.7%（低位）, MA20之上",2026-09-18
sz000011,深物业A,9.14,76.09254498714654,1.118347837813172,12.978986402966635,拉升,50.0,"20日涨13.0%, MA20之上, MA60之上",2026-09-18
sz300756,金马游乐,33.05,56.059021726501676,1.7082225345372064,14.162348877374779,拉升,72.72727272727273,"中位放量（量比1.71）, 20日涨14.2%, 当日大涨7.31%, MA20之上, MA60之上, 价升量增",2026-09-18
sz000524,岭南控股,9.0,16.579563885384754,0.8901001815401153,-7.6923076923076925,建仓后期,66.66666666666666,位置分位16.6%（低位）,2026-09-18
sz300040,九洲集团,5.83,20.963172804532586,0.9299984349157604,0.5172413793103492,建仓后期,72.72727272727273,"位置分位21.0%（低位）, 当日涨3.00%",2026-09-18
sz001872,招商港口,23.09,71.48955633480712,0.9313099682845558,1.094570928196147,出货,85.71428571428571,位置分位71.5%（中高位）,2026-09-18
sz000755,山西高速,4.69,45.945945945945994,0.8695031532299301,-1.8828451882845159,建仓后期,50.0,位置分位45.9%（中低位）,2026-09-18
sz003017,大洋生物,22.2,33.53174603174603,1.0867471988795518,-0.981266726137388,建仓后期,50.0,位置分位33.5%（中低位）,2026-09-18
sz002712,思美传媒,4.99,52.57731958762887,0.9417699458801174,6.396588486140721,洗盘,60.0,位置分位52.6%（中位）,2026-09-18
sz300672,国科微,185.49,25.883310088331008,1.4292350434603942,13.57457751653197,建仓后期,100.0,"位置分位25.9%（低位）, 低位涨13.6%, 当日涨6.39%, MA20之上, 连续3天放量, 价升量增",2026-09-18
sz301230,泓博医药,35.21,65.90317542946383,2.1441397192365246,-1.4277715565509463,拉升,68.42105263157895,"中位放量（量比2.14）, 当日大涨10.76%, MA20之上, MA60之上, 价升量增",2026-09-18
sz001278,一彬科技,16.15,30.374238468233237,0.9364547604337545,0.7485963817841387,建仓后期,50.0,位置分位30.4%（中低位）,2026-09-18
sz301113,雅艺科技,17.25,52.242203505577045,1.2080783174085978,3.54141656662665,洗盘,54.54545454545454,位置分位52.2%（中位）,2026-09-18
sz300752,隆利科技,13.28,67.27989487516425,0.8926046120016675,18.571428571428573,拉升,64.70588235294117,"20日大涨18.6%, 当日大涨3.27%, MA20之上, MA60之上",2026-09-18
sz002552,宝鼎科技,54.24,60.94711917916338,0.6259464733890616,-1.6322089227421084,洗盘,78.57142857142857,"位置分位60.9%（中位）, 中位缩量（量比0.63）",2026-09-18
sz300490,华自科技,10.77,9.674796747967477,0.8985926330420969,-6.510416666666667,建仓初期,100.0,"位置分位9.7%（极低位）, MA20之下（低位）, MA60之下（低位）",2026-09-18
sz000629,钒钛股份,2.89,3.478260869565221,0.9872599098295098,-5.245901639344252,建仓初期,100.0,"位置分位3.5%（极低位）, MA20之下（低位）, MA60之下（低位）",2026-09-18
sz002126,银轮股份,39.37,10.956411676291419,1.2538618388531884,-1.7469428500124853,建仓后期,70.0,"位置分位11.0%（低位）, 价升量增",2026-09-18
sz301596,瑞迪智驱,46.84,30.290456431535283,1.262833278552232,-2.9222797927461066,建仓后期,57.14285714285714,"位置分位30.3%（中低位）, 价升量增",2026-09-18
sz300353,东土科技,16.7,13.559322033898297,1.4541454413198653,-7.273736812881744,建仓后期,70.0,"位置分位13.6%（低位）, 价升量增",2026-09-18
sz000529,广弘控股,4.86,40.127388535031855,0.8885350318471338,-0.8163265306122455,建仓后期,50.0,位置分位40.1%（中低位）,2026-09-18
sz300179,四方达,45.34,55.462619643011124,0.9325583216576596,26.754263349175282,拉升,57.14285714285714,"20日大涨26.8%, MA20之上, MA60之上",2026-09-18
sz300217,东方电热,4.05,7.891770011273939,1.0825436066474385,-5.5944055944055995,建仓初期,100.0,"位置分位7.9%（极低位）, MA20之下（低位）, MA60之下（低位）",2026-09-18
sz300042,朗科科技,40.12,10.795698924731175,1.5101748085773843,-0.29821073558649236,建仓后期,93.75,"位置分位10.8%（低位）, 低位放量（量比1.51）, 当日涨3.08%, MA20之上, 价升量增",2026-09-18
sz002153,石基信息,7.57,17.447916666666664,1.0125748666331544,-1.4322916666666594,建仓后期,66.66666666666666,位置分位17.4%（低位）,2026-09-18
sz300341,麦克奥迪,12.98,32.6923076923077,1.9926875779968312,1.4855355746677192,建仓后期,46.666666666666664,"位置分位32.7%（中低位）, 当日涨4.68%, MA20之上, 价升量增",2026-09-18
sz301622,英思特,37.27,8.549751969652759,0.8824932944990208,-7.495656490444269,建仓初期,100.0,"位置分位8.5%（极低位）, MA20之下（低位）, MA60之下（低位）",2026-09-18
sz002573,清新环境,3.12,24.752475247524757,0.9398109661685388,-1.5772870662460512,建仓后期,66.66666666666666,位置分位24.8%（低位）,2026-09-18
sz301559,中集环科,12.82,17.794533459000952,1.043504597415507,-1.7624521072796968,建仓后期,66.66666666666666,位置分位17.8%（低位）,2026-09-18
sz002599,盛通股份,5.49,22.648083623693392,1.0686548670169547,-5.017301038062285,建仓后期,66.66666666666666,位置分位22.6%（低位）,2026-09-18
sz301041,金百泽,35.97,78.27148650416429,1.106700064590324,40.50781249999999,拉升,64.70588235294117,"20日大涨40.5%, 当日大涨6.20%, MA20之上, MA60之上",2026-09-18
sz002669,康达新材,13.76,41.883116883116884,0.5497585017642774,11.960943856794147,洗盘,57.14285714285714,中位缩量（量比0.55）,2026-09-18
sz002608,江苏国信,7.36,18.93095768374166,0.8777320579276439,5.5954088952654315,建仓后期,100.0,"位置分位18.9%（低位）, 低位涨5.6%, MA20之上",2026-09-18
sz001318,阳光乳业,11.4,45.78313253012048,1.3012263562668884,2.8880866425992804,建仓后期,57.14285714285714,"位置分位45.8%（中低位）, 价升量增",2026-09-18
sz300618,寒锐钴业,31.99,7.474226804123709,1.1410771000099011,-8.573878250928846,建仓初期,100.0,"位置分位7.5%（极低位）, MA20之下（低位）, MA60之下（低位）",2026-09-18
sz000517,荣安地产,2.0,43.95604395604396,1.412323831036308,-15.611814345991565,建仓后期,33.33333333333333,位置分位44.0%（中低位）,2026-09-18
sz002075,沙钢股份,3.56,20.43343653250775,1.1478404278925276,-3.783783783783787,建仓后期,66.66666666666666,位置分位20.4%（低位）,2026-09-18
sz000039,中集集团,9.15,31.192368839427676,1.107520627609015,-2.034261241970016,建仓后期,50.0,位置分位31.2%（中低位）,2026-09-18
sz002679,福建金森,10.92,52.116788321167896,1.3199014594363432,18.309859154929573,拉升,62.5,"20日大涨18.3%, MA20之上, MA60之上, 价升量增",2026-09-18
sz001209,洪兴股份,18.53,49.137833878057045,1.8576683881945526,3.7513997760358437,拉升,53.333333333333336,"中位放量（量比1.86）, 连续3天放量",2026-09-18
sz002886,沃特股份,26.4,56.62337662337662,0.8171327967859967,24.293785310734467,拉升,57.14285714285714,"20日大涨24.3%, MA20之上, MA60之上",2026-09-18
sz300925,法本信息,13.98,8.290415776912452,1.118232237504669,-3.1185031185031136,建仓初期,100.0,"位置分位8.3%（极低位）, MA20之下（低位）, MA60之下（低位）",2026-09-18
sz000088,盐 田 港,4.48,66.66666666666669,0.8054030757747922,0.9009009009009016,洗盘,85.71428571428571,位置分位66.7%（中位）,2026-09-18
sz000937,冀中能源,4.41,34.6820809248555,0.6895762386836826,-6.170212765957447,洗盘,78.57142857142857,"中位缩量（量比0.69）, 连续3天缩量",2026-09-18
sz300120,经纬辉开,7.68,32.950819672131146,2.261025032786104,-14.66666666666667,建仓后期,42.857142857142854,"位置分位33.0%（中低位）, 当日涨8.17%, 价升量增",2026-09-18
sz300220,金运激光,10.95,36.604361370716504,0.9408191115057052,0.6433823529411627,建仓后期,50.0,位置分位36.6%（中低位）,2026-09-18
sz301299,卓创资讯,46.91,29.040852575488447,1.3274096455013031,8.56283267762091,建仓后期,100.0,"位置分位29.0%（低位）, 低位涨8.6%, 当日涨3.33%, MA20之上, 价升量增",2026-09-18
sz300601,康泰生物,12.15,28.128031037827366,1.7249882164793224,-6.753645433614727,建仓后期,82.35294117647058,"位置分位28.1%（低位）, 低位放量（量比1.72）, 当日涨3.23%, 价升量增",2026-09-18
sz300760,迈瑞医疗,156.87,62.110960757780795,0.9754422558491903,2.4490595611285264,洗盘,85.71428571428571,位置分位62.1%（中位）,2026-09-18
sz002187,广百股份,5.59,49.302325581395344,0.7952410908246443,5.273069679849346,洗盘,54.54545454545454,连续3天缩量,2026-09-18
sz002730,电光科技,24.1,31.395348837209312,1.1847822175109357,13.411764705882359,建仓后期,66.66666666666666,"位置分位31.4%（中低位）, 低位涨13.4%, MA20之上",2026-09-18
sz002572,索菲亚,7.3,2.285714285714288,1.2270102162798107,-9.765142150803461,建仓初期,91.66666666666666,"位置分位2.3%（极低位）, MA20之下（低位）, MA60之下（低位）",2026-09-18
sz000838,*ST发展,2.27,48.57142857142858,0.9498394293847159,-19.21708185053381,建仓后期,33.33333333333333,位置分位48.6%（中低位）,2026-09-18
sz002200,交投生态,6.44,34.49612403100776,0.9095678015989062,-3.88059701492537,建仓后期,50.0,位置分位34.5%（中低位）,2026-09-18
sz300434,金石亚药,12.25,70.0381679389313,2.6889815789221156,3.462837837837839,出货,78.57142857142857,"位置分位70.0%（中高位）, 高位放量（量比2.69）",2026-09-18
sz002579,中京电子,19.89,73.84500745156484,0.9041384875936302,33.849259757738906,拉升,57.14285714285714,"20日大涨33.8%, MA20之上, MA60之上",2026-09-18
sz000534,万泽股份,23.87,6.151940545004137,1.0436464858434544,-11.690714021457639,建仓初期,100.0,"位置分位6.2%（极低位）, MA20之下（低位）, MA60之下（低位）",2026-09-18
sz301568,思泰克,73.05,34.211865269156405,1.050837608775759,0.20576131687241628,建仓后期,57.14285714285714,"位置分位34.2%（中低位）, MA20之上",2026-09-18
sz002164,宁波东力,10.49,13.743218806509944,1.687711830747233,-5.6654676258992716,建仓后期,85.0,"位置分位13.7%（低位）, 低位放量（量比1.69）, 当日涨3.96%, 连续3天放量, 价升量增",2026-09-18
sz301289,国缆检测,43.63,26.148969889064993,1.1207046164526204,1.3002089621546373,建仓后期,66.66666666666666,位置分位26.1%（低位）,2026-09-18
sz002529,海源复材,6.57,28.333333333333343,0.7702378504352595,-6.676136363636361,建仓后期,54.54545454545454,位置分位28.3%（低位）,2026-09-18
sz002053,云南能投,9.63,24.00793650793652,0.7216020319319436,5.708013172338105,建仓后期,100.0,"位置分位24.0%（低位）, 低位涨5.7%, MA20之上",2026-09-18
sz000852,石化机械,5.46,24.27536231884058,0.6858529476344443,3.802281368821296,建仓初期,53.84615384615385,"低位缩量（量比0.69）, MA20之下（低位）",2026-09-18
sz002586,围海股份,3.79,25.000000000000007,0.7616148646834395,-13.86363636363637,建仓后期,66.66666666666666,位置分位25.0%（低位）,2026-09-18
sz300378,鼎捷数智,36.87,58.83646761244912,1.1062574183868616,17.233704292527815,拉升,57.14285714285714,"20日大涨17.2%, MA20之上, MA60之上",2026-09-18
sz300058,蓝色光标,13.15,21.562500000000004,1.1861388105283464,-3.8742690058479488,建仓后期,66.66666666666666,位置分位21.6%（低位）,2026-09-18
sz002942,新农股份,16.43,31.775700934579444,0.8505617743313948,3.4634760705289604,建仓后期,50.0,位置分位31.8%（中低位）,2026-09-18
sz002376,新北洋,6.56,60.20066889632104,1.0805157003410562,-2.380952380952383,洗盘,85.71428571428571,位置分位60.2%（中位）,2026-09-18
sz002208,合肥城建,10.02,3.313609467455614,1.7179611425443002,-7.308048103607778,建仓初期,57.89473684210527,"位置分位3.3%（极低位）, MA20之下（低位）, MA60之下（低位）",2026-09-18
sz000554,泰山石油,6.36,26.746268656716417,0.6652782947670686,-1.8518518518518534,建仓初期,53.84615384615385,"低位缩量（量比0.67）, MA20之下（低位）",2026-09-18
sz002929,润建股份,52.2,15.92547020566005,1.2463090318093117,-2.702702702702695,建仓后期,88.88888888888889,"位置分位15.9%（低位）, MA20之上, 价升量增",2026-09-18
sz300020,ST银江,4.01,76.43312101910827,0.5969211217668041,16.56976744186046,拉升,57.89473684210527,"20日大涨16.6%, 当日大涨4.16%, MA20之上, MA60之上",2026-09-18
sz300530,领湃科技,19.37,39.467680608365036,0.778552102246431,7.075732448866784,建仓后期,62.5,"位置分位39.5%（中低位）, 低位涨7.1%",2026-09-18
sz002377,国创高新,3.12,53.57142857142857,0.6603228224912899,15.12915129151292,洗盘,57.89473684210527,"位置分位53.6%（中位）, 中位缩量（量比0.66）",2026-09-18
sz300401,花园生物,16.45,45.219435736677106,1.2748648002826404,6.541450777202071,建仓后期,53.84615384615385,"位置分位45.2%（中低位）, 低位涨6.5%, MA20之上, 价升量增",2026-09-18
sz300243,瑞丰高材,21.95,82.65940902021772,1.2487834773267719,30.966587112171823,拉升,59.09090909090909,"20日大涨31.0%, 当日大涨3.44%, MA20之上, MA60之上, 价升量增",2026-09-18
sz002175,*ST东智,2.53,35.761589403973495,0.4871942585483775,-2.316602316602319,洗盘,72.72727272727273,中位缩量（量比0.49）,2026-09-18
sz300159,新研股份,2.89,17.112299465240653,1.0704178251688785,-1.3651877133105812,建仓后期,66.66666666666666,位置分位17.1%（低位）,2026-09-18
sz002726,ST龙大,2.38,49.40711462450593,0.7056966775635466,-14.079422382671483,建仓后期,50.0,位置分位49.4%（中低位）,2026-09-18
sz000021,深科技,36.95,28.553981436248172,1.4189463311389066,-2.5065963060685905,建仓后期,90.9090909090909,"位置分位28.6%（低位）, 当日涨4.06%, MA20之上, 价升量增",2026-09-18
sz300465,高伟达,11.41,22.651222651222643,1.142013751193874,-8.279742765273307,建仓后期,66.66666666666666,位置分位22.7%（低位）,2026-09-18
sz301266,宇邦新材,24.49,28.82801607479701,0.8054438359689212,13.222376329172445,建仓后期,100.0,"位置分位28.8%（低位）, 低位涨13.2%, MA20之上",2026-09-18
sz000553,安道麦A,5.59,22.433460076045623,0.7204825229112686,0.7207207207207215,建仓后期,75.0,位置分位22.4%（低位）,2026-09-18
sz300399,天利科技,19.55,51.697699890470986,1.0257321510229238,4.489577765900587,洗盘,85.71428571428571,位置分位51.7%（中位）,2026-09-18
sz001282,三联锻造,15.57,19.273301737756714,0.9737663109416397,-2.1370207416719036,建仓后期,66.66666666666666,位置分位19.3%（低位）,2026-09-18
sz002228,合兴包装,3.17,27.93296089385474,0.912177918732555,1.6025641025640969,建仓后期,75.0,位置分位27.9%（低位）,2026-09-18
sz002485,ST雪发,5.88,75.52083333333334,1.0920978776983874,-1.5075376884422087,出货,85.71428571428571,位置分位75.5%（中高位）,2026-09-18
sz300057,万顺新材,6.54,23.861566484517297,0.8885122956639697,-0.1526717557251876,建仓后期,66.66666666666666,位置分位23.9%（低位）,2026-09-18
sz000031,大悦城,2.23,17.54385964912282,1.549230000592579,3.720930232558143,建仓后期,100.0,"位置分位17.5%（低位）, 低位放量（量比1.55）, 当日涨3.72%, MA20之上, 价升量增",2026-09-18
sz000605,渤海股份,5.78,29.98154981549817,0.8348034274193549,-1.8675721561969345,建仓后期,75.0,位置分位30.0%（低位）,2026-09-18
sz002456,欧菲光,7.02,11.357340720221586,1.054718863242987,-0.9873060648801169,建仓后期,66.66666666666666,位置分位11.4%（低位）,2026-09-18
sz002785,万里石,39.39,32.719759579263716,1.7254836965055218,20.902394106814004,建仓后期,55.55555555555556,"位置分位32.7%（中低位）, 低位涨20.9%, 当日涨6.72%, MA20之上, 价升量增",2026-09-18
sz000550,江铃汽车,16.69,39.657534246575395,1.333357508068318,3.4717916924984644,建仓后期,50.0,位置分位39.7%（中低位）,2026-09-18
sz001256,炜冈科技,21.76,11.635220125786168,0.7972152364595473,-6.328024106758496,建仓后期,66.66666666666666,位置分位11.6%（低位）,2026-09-18
sz300272,开能健康,5.63,14.358974358974347,1.0313513513513513,-4.088586030664399,建仓后期,66.66666666666666,位置分位14.4%（低位）,2026-09-18
sz300301,ST长方,3.47,41.6666666666667,0.8919470524767615,3.892215568862286,建仓后期,57.14285714285714,"位置分位41.7%（中低位）, MA20之上",2026-09-18
sz300193,佳士科技,7.8,44.87179487179487,0.9235468330118868,1.6949152542372867,建仓后期,50.0,位置分位44.9%（中低位）,2026-09-18
sz001223,欧克科技,45.41,67.40387887036405,0.8953546835719751,11.627335299901665,拉升,60.0,"20日涨11.6%, 当日大涨3.72%, MA20之上, MA60之上",2026-09-18
sz002469,三维化学,6.03,19.89100817438693,1.0317151700860152,-7.087827426810477,建仓后期,75.0,位置分位19.9%（低位）,2026-09-18
sz001296,长江材料,19.31,36.7852161785216,1.0042581545220768,-0.8217770929635344,建仓后期,50.0,位置分位36.8%（中低位）,2026-09-18
sz000596,古井贡酒,93.78,60.219178082191796,1.162233155436958,3.4528405956977335,洗盘,85.71428571428571,位置分位60.2%（中位）,2026-09-18
sz300898,熊猫乳品,19.48,25.947521865889232,0.9666264614905744,-5.9391598261709335,建仓后期,66.66666666666666,位置分位25.9%（低位）,2026-09-18
sz300729,乐歌股份,10.88,40.223463687150876,1.8303855115441643,7.722772277227734,拉升,44.44444444444444,"中位放量（量比1.83）, 连续3天放量",2026-09-18
sz300030,阳普医疗,6.56,28.023598820058982,0.917194232740882,-3.9531478770131843,建仓后期,75.0,位置分位28.0%（低位）,2026-09-18
sz301237,和顺科技,39.85,28.032068611913868,0.9347391273757953,3.0994515160923117,建仓后期,87.5,"位置分位28.0%（低位）, MA20之上",2026-09-18
sz300723,一品红,33.77,16.655100624566288,1.3500624590432504,-8.108843537414957,建仓后期,66.66666666666666,位置分位16.7%（低位）,2026-09-18
sz000564,供销大集,1.52,36.36363636363637,0.9063229356024455,6.2937062937062995,建仓后期,62.5,"位置分位36.4%（中低位）, 低位涨6.3%",2026-09-18
sz002052,同洲电子,8.39,19.665271966527204,0.9806589190242709,1.6969696969697037,建仓后期,66.66666666666666,位置分位19.7%（低位）,2026-09-18
sz300085,银之杰,31.41,34.5066931085771,1.32003730286146,7.201365187713309,建仓后期,75.0,"位置分位34.5%（中低位）, 低位涨7.2%, 当日涨5.58%, MA20之上, 价升量增",2026-09-18
sz000803,山高环能,7.23,43.4920634920635,1.2002187081526507,-2.560646900269535,建仓后期,57.14285714285714,"位置分位43.5%（中低位）, 价升量增",2026-09-18
sz002122,ST汇洲,2.76,69.79166666666666,0.8441113109472894,0.3636363636363559,洗盘,85.71428571428571,位置分位69.8%（中位）,2026-09-18
sz002092,中泰化学,4.42,20.10723860589812,0.9035674217725235,-0.896860986547086,建仓后期,75.0,位置分位20.1%（低位）,2026-09-18
sz002658,雪迪龙,7.36,17.585301837270343,1.0101596359237783,-2.516556291390722,建仓后期,66.66666666666666,位置分位17.6%（低位）,2026-09-18
sz301309,万得凯,30.18,32.15369059656218,1.2755811015664478,1.7532029669588656,建仓后期,50.0,位置分位32.2%（中低位）,2026-09-18
sz000858,五 粮 液,70.0,5.833333333333353,1.3433510686319945,-1.6715830875122877,建仓初期,91.66666666666666,"位置分位5.8%（极低位）, MA20之下（低位）, MA60之下（低位）",2026-09-18
sz002388,新亚制程,7.23,96.87500000000003,1.3627233774443088,19.306930693069322,出货,52.38095238095239,"位置分位96.9%（极高位）, 高位连续放量",2026-09-18
sz301367,瑞迈特,44.22,42.75686024250158,1.1553601554112776,1.3755158184319154,建仓后期,50.0,位置分位42.8%（中低位）,2026-09-18
sz002121,科陆电子,4.8,8.294930875576027,0.6251350846196978,-2.834008097166003,建仓初期,100.0,"位置分位8.3%（极低位）, 低位缩量（量比0.63）, MA20之下（低位）, MA60之下（低位）",2026-09-18
sz002368,太极股份,13.07,2.9691211401425184,1.5773112865178733,-6.375358166189116,建仓初期,68.75,"位置分位3.0%（极低位）, MA20之下（低位）, MA60之下（低位）",2026-09-18
sz300483,首华燃气,23.65,66.51162790697673,0.7963926672890418,3.0950305143853414,洗盘,85.71428571428571,位置分位66.5%（中位）,2026-09-18
sz002760,凤形股份,17.07,25.630914826498426,0.7172300378453297,-2.5128498001142274,建仓后期,54.54545454545454,位置分位25.6%（低位）,2026-09-18
sz001382,新亚电缆,16.52,21.40141227593698,1.0677905578108555,-1.9584569732937793,建仓后期,75.0,位置分位21.4%（低位）,2026-09-18
sz301130,西点药业,27.02,28.397790055248624,1.2222602951604538,-13.894200127469725,建仓后期,77.77777777777779,"位置分位28.4%（低位）, 价升量增",2026-09-18
sz301120,新特电气,14.89,19.923126201153114,1.4411988341148143,0.7442489851150285,建仓后期,90.9090909090909,"位置分位19.9%（低位）, 当日涨3.12%, MA20之上, 价升量增",2026-09-18
sz002082,ST万邦,9.57,3.7531577047997144,0.7667485522718736,-2.4464831804281366,建仓初期,90.0,"位置分位3.8%（极低位）, MA60之下（低位）",2026-09-18
sz000722,湖南发展,14.26,51.50273224043717,0.6017023416240794,11.406249999999993,洗盘,70.0,"位置分位51.5%（中位）, 中位缩量（量比0.60）, 连续3天缩量",2026-09-18
sz301148,嘉戎技术,59.69,47.216853498260534,1.1101376153718334,15.031798034303328,建仓后期,70.0,"位置分位47.2%（中低位）, 低位涨15.0%, MA20之上",2026-09-18
sz002128,电投能源,27.66,47.69953051643195,1.1580863475933045,1.991150442477873,建仓后期,50.0,位置分位47.7%（中低位）,2026-09-18
sz300933,中辰股份,6.62,35.36895674300254,0.8505208709498802,5.582137161084538,建仓后期,62.5,"位置分位35.4%（中低位）, 低位涨5.6%",2026-09-18
sz002042,华孚时尚,3.84,24.9033920137398,1.6853330419802715,2.3999999999999964,建仓后期,85.71428571428571,"位置分位24.9%（低位）, 低位放量（量比1.69）, 价升量增",2026-09-18
sz301159,三维天地,30.91,31.675783192441575,0.9992970230454183,-2.9817953546767084,建仓后期,50.0,位置分位31.7%（中低位）,2026-09-18
sz300142,沃森生物,13.31,40.14717906786591,1.236475897778566,-17.329192546583855,建仓后期,40.0,"位置分位40.1%（中低位）, 价升量增",2026-09-18
sz003016,欣贺股份,7.43,54.85074626865669,1.3951019827726312,7.681159420289846,拉升,57.14285714285714,"20日涨7.7%, MA20之上, MA60之上, 价升量增",2026-09-18
sz301231,荣信文化,28.12,41.20171673819743,1.3397195687152867,3.802141011443341,建仓后期,70.0,"位置分位41.2%（中低位）, 当日涨3.38%, MA20之上, 价升量增",2026-09-18
sz002024,ST易购,1.16,11.428571428571379,1.2276127124522842,-1.6949152542372898,建仓后期,70.0,"位置分位11.4%（低位）, 价升量增",2026-09-18
sz301195,北路智控,26.39,23.153846153846157,1.2076777623175996,-0.037878787878780344,建仓后期,100.0,"位置分位23.2%（低位）, MA20之上, 连续3天放量, 价升量增",2026-09-18
sz300581,晨曦航空,10.27,33.94160583941604,0.7765175227323367,4.052684903748737,洗盘,66.66666666666666,连续3天缩量,2026-09-18
sz002998,优彩资源,7.81,44.362745098039206,0.6998038959058268,-1.513240857503154,洗盘,78.57142857142857,"中位缩量（量比0.70）, 连续3天缩量",2026-09-18
sz000417,合百集团,5.7,10.825199645075427,1.0482308442372128,2.1505376344086042,建仓后期,66.66666666666666,位置分位10.8%（低位）,2026-09-18
sz000628,高新发展,60.48,78.75881523272213,1.4587407683214701,33.362734288864374,拉升,68.42105263157895,"20日大涨33.4%, 当日大涨7.63%, MA20之上, MA60之上, 价升量增",2026-09-18
sz000563,陕国投Ａ,2.94,30.88235294117646,0.9567187577622566,0.0,建仓后期,50.0,位置分位30.9%（中低位）,2026-09-18
sz301600,慧翰股份,78.1,8.186900958466442,0.9312184433647709,-8.117647058823536,建仓初期,100.0,"位置分位8.2%（极低位）, MA20之下（低位）, MA60之下（低位）",2026-09-18
sz002009,天奇股份,15.58,6.94805194805195,0.9983952315451627,-5.747126436781615,建仓初期,100.0,"位置分位6.9%（极低位）, MA20之下（低位）, MA60之下（低位）",2026-09-18
sz300644,南京聚隆,19.35,6.561461794019954,1.1767224302529171,-9.06954887218045,建仓初期,100.0,"位置分位6.6%（极低位）, MA20之下（低位）, MA60之下（低位）",2026-09-18
sz002800,天顺股份,14.77,33.03437967115097,0.7964934499544861,4.381625441696108,建仓后期,50.0,位置分位33.0%（中低位）,2026-09-18
sz002537,海联金汇,5.75,21.221864951768495,1.0745534741565623,-0.1736111111111074,建仓后期,66.66666666666666,位置分位21.2%（低位）,2026-09-18
sz300506,名家汇,4.74,17.088607594936708,1.1558564375816678,-8.846153846153845,建仓后期,66.66666666666666,位置分位17.1%（低位）,2026-09-18
sz000078,ST海王,1.52,9.057971014492752,1.0473027248244995,-6.172839506172845,建仓初期,100.0,"位置分位9.1%（极低位）, MA20之下（低位）, MA60之下（低位）",2026-09-18
sz300565,科信技术,9.92,26.01626016260163,0.8585905613234632,3.0114226375908526,建仓后期,75.0,位置分位26.0%（低位）,2026-09-18
sz002248,华东数控,9.62,33.483483483483475,1.93724467371643,-3.510531594784367,拉升,45.45454545454545,中位放量（量比1.94）,2026-09-18
sz000875,电投绿能,4.86,5.60957367240091,0.9021303649627036,-1.6194331983805683,建仓初期,100.0,"位置分位5.6%（极低位）, MA20之下（低位）, MA60之下（低位）",2026-09-18
sz300333,兆日科技,11.63,65.20618556701032,1.0518039161798305,5.248868778280543,拉升,53.84615384615385,"20日涨5.2%, 当日大涨4.12%, MA60之上",2026-09-18
sz301025,读客文化,10.28,63.3297062023939,0.945850761174816,14.095449500554935,洗盘,50.0,位置分位63.3%（中位）,2026-09-18
sz301038,深水规院,16.88,36.249564308121286,0.9773223705901747,6.230333543108864,建仓后期,62.5,"位置分位36.2%（中低位）, 低位涨6.2%",2026-09-18
sz301291,明阳电气,34.33,7.920792079207918,0.6363325614052376,-9.752891692954787,建仓初期,93.33333333333333,"位置分位7.9%（极低位）, 低位缩量（量比0.64）, MA60之下（低位）",2026-09-18
sz300274,阳光电源,87.89,4.392669674924023,1.4096314778508547,-22.276264591439688,建仓初期,82.35294117647058,"位置分位4.4%（极低位）, 低位跌-22.3%, MA20之下（低位）, MA60之下（低位）",2026-09-18
sz301007,德迈仕,32.52,43.0979576238801,0.702173779362932,19.734904270986757,建仓后期,53.84615384615385,"位置分位43.1%（中低位）, 低位涨19.7%, MA20之上",2026-09-18
sz002592,ST八菱,6.4,28.828828828828833,0.9962682165721211,-5.32544378698224,建仓后期,75.0,位置分位28.8%（低位）,2026-09-18
sz300803,指南针,82.0,25.401498929336174,1.295793833265094,0.14655593551539395,建仓后期,75.0,"位置分位25.4%（低位）, 当日涨3.72%, 价升量增",2026-09-18
sz002184,海得控制,9.72,25.210084033613466,1.0243052891623574,-2.8971028971028887,建仓后期,75.0,位置分位25.2%（低位）,2026-09-18
sz300259,新天科技,3.97,5.10752688172044,1.2514666425986856,-1.7326732673267287,建仓初期,100.0,"位置分位5.1%（极低位）, MA20之下（低位）, MA60之下（低位）",2026-09-18
sz002470,金正大,2.12,25.64102564102565,0.7388573430305984,9.278350515463925,建仓后期,80.0,"位置分位25.6%（低位）, 低位涨9.3%",2026-09-18
sz002043,兔 宝 宝,11.02,9.813936519518426,1.054395697359044,-15.438919582565994,建仓初期,100.0,"位置分位9.8%（极低位）, 低位跌-15.4%, MA20之下（低位）, MA60之下（低位）",2026-09-18
sz002432,九安医疗,62.12,18.430300663803198,1.1720365182465442,-12.135785007072144,建仓后期,66.66666666666666,位置分位18.4%（低位）,2026-09-18
sz300480,光力科技,32.92,46.08000000000001,0.8881228604764789,0.30469226081657963,建仓后期,66.66666666666666,"位置分位46.1%（中低位）, 当日涨3.00%, MA20之上",2026-09-18
sz002081,金 螳 螂,4.92,33.52059925093633,1.1990591590287065,-4.466019417475736,建仓后期,50.0,位置分位33.5%（中低位）,2026-09-18
sz300166,东方国信,12.11,4.11877394636015,1.2400883980772213,-8.04859529233106,建仓初期,91.66666666666666,"位置分位4.1%（极低位）, MA20之下（低位）, MA60之下（低位）",2026-09-18
sz300678,中科信息,21.38,7.013815090329438,1.0658344166602942,-1.201478743068399,建仓初期,100.0,"位置分位7.0%（极低位）, MA20之下（低位）, MA60之下（低位）",2026-09-18
sz301329,信音电子,20.88,28.462887200467556,0.766597405478049,8.074534161490677,建仓后期,81.81818181818183,"位置分位28.5%（低位）, 低位涨8.1%, MA20之上",2026-09-18
sz000983,山西焦煤,6.44,33.62068965517242,0.9674910095422744,-12.021857923497265,建仓后期,50.0,位置分位33.6%（中低位）,2026-09-18
sz000425,徐工机械,7.45,6.573541495480695,0.9182283818186664,-6.991260923845188,建仓初期,100.0,"位置分位6.6%（极低位）, MA20之下（低位）, MA60之下（低位）",2026-09-18
sz000830,鲁西化工,11.75,7.0567986230636865,0.8324902783806807,-1.3434089000839642,建仓初期,100.0,"位置分位7.1%（极低位）, MA20之下（低位）, MA60之下（低位）",2026-09-18
sz002334,英威腾,6.56,18.279569892473113,1.0683896648813127,1.5479876160990658,建仓后期,66.66666666666666,位置分位18.3%（低位）,2026-09-18
sz301070,开勒股份,66.93,47.150679375380264,1.0481747615542791,-3.098306066309522,建仓后期,57.14285714285714,"位置分位47.2%（中低位）, MA20之上",2026-09-18
sz301209,联合化学,61.55,68.27880512091036,1.4520976078855632,2.9953145917001325,拉升,57.14285714285714,"当日大涨3.01%, MA20之上, MA60之上, 价升量增",2026-09-18
sz002701,奥瑞金,4.38,17.910447761194035,0.9725143193753368,-5.603448275862065,建仓后期,66.66666666666666,位置分位17.9%（低位）,2026-09-18
sz002940,昂利康,23.16,3.16373407298258,1.1846165575127428,-12.239484653277758,建仓初期,100.0,"位置分位3.2%（极低位）, MA20之下（低位）, MA60之下（低位）",2026-09-18
sz300022,吉峰科技,8.01,24.5508982035928,1.0034203188591526,-1.233045622688035,建仓后期,75.0,位置分位24.6%（低位）,2026-09-18
sz300018,中元股份,12.05,35.130970724191066,1.6551371435728301,3.433476394849788,建仓后期,46.666666666666664,"位置分位35.1%（中低位）, 当日涨4.87%, MA20之上, 价升量增",2026-09-18
sz001314,亿道信息,54.38,54.60353756136931,1.694390296729478,1.0029717682020787,拉升,68.42105263157895,"中位放量（量比1.69）, 当日大涨7.13%, MA20之上, MA60之上, 价升量增",2026-09-18
sz002201,九鼎新材,10.64,40.05805515239478,0.8251803299933256,31.68316831683169,建仓后期,70.0,"位置分位40.1%（中低位）, 低位涨31.7%, MA20之上",2026-09-18
sz000999,华润三九,23.6,29.85074626865672,1.272201979686864,-2.2369511184755555,建仓后期,66.66666666666666,位置分位29.9%（低位）,2026-09-18
sz000676,智度股份,6.7,53.03030303030303,1.066503915850182,3.554868624420408,洗盘,85.71428571428571,位置分位53.0%（中位）,2026-09-18
sz300580,贝斯特,18.44,6.268221574344043,1.2115380152438924,-7.984031936127735,建仓初期,100.0,"位置分位6.3%（极低位）, MA20之下（低位）, MA60之下（低位）",2026-09-18
sz002969,嘉美包装,11.46,11.626575028636891,1.1026132859457483,-13.247539742619226,建仓后期,66.66666666666666,位置分位11.6%（低位）,2026-09-18
sz001285,瑞立科密,43.0,26.5858785705453,1.5483776673487284,6.409304627567443,建仓后期,87.5,"位置分位26.6%（低位）, 低位放量（量比1.55）, 低位涨6.4%, 价升量增",2026-09-18
sz300767,震安科技,21.72,60.997732426303855,1.7727036774475966,14.738510301109345,拉升,72.72727272727273,"中位放量（量比1.77）, 20日涨14.7%, 当日大涨7.00%, MA20之上, MA60之上, 价升量增",2026-09-18
sz300667,必创科技,14.88,31.520644511581075,0.7324498798458516,1.7783857729138275,建仓后期,57.14285714285714,"位置分位31.5%（中低位）, MA20之上",2026-09-18
sz000777,中核科技,16.73,17.011494252873568,1.0611822172757064,-0.7121661721068308,建仓后期,66.66666666666666,位置分位17.0%（低位）,2026-09-18
sz300880,迦南智能,20.39,35.77154308617235,1.3359463229920947,4.779033915724561,建仓后期,62.5,"位置分位35.8%（中低位）, MA20之上, 价升量增",2026-09-18
sz003031,中瓷电子,135.5,46.685333736945665,1.2203317064352857,-4.604336806533365,建仓后期,57.14285714285714,"位置分位46.7%（中低位）, MA20之上",2026-09-18
sz000301,东方盛虹,13.68,68.68008948545861,0.9500317655892035,0.14641288433381827,洗盘,85.71428571428571,位置分位68.7%（中位）,2026-09-18
sz300886,华业香料,22.86,35.41147132169576,0.7301235144532668,-6.845965770171149,建仓后期,50.0,位置分位35.4%（中低位）,2026-09-18
sz301082,久盛电气,9.89,34.034653465346544,0.9086778919605667,4.545454545454542,建仓后期,50.0,位置分位34.0%（中低位）,2026-09-18
sz001335,信凯科技,32.44,22.60189378344997,1.1339380148072178,3.5098915124441543,建仓后期,87.5,"位置分位22.6%（低位）, MA20之上",2026-09-18
sz002210,飞马国际,2.16,9.285714285714306,0.9372915960132104,-2.702702702702705,建仓初期,100.0,"位置分位9.3%（极低位）, MA20之下（低位）, MA60之下（低位）",2026-09-18
sz002493,荣盛石化,12.85,49.163179916317986,0.9332248440227343,-6.613372093023257,建仓后期,50.0,位置分位49.2%（中低位）,2026-09-18
sz002329,皇氏集团,3.61,44.4915254237288,0.8525129697668707,-2.4324324324324405,建仓后期,50.0,位置分位44.5%（中低位）,2026-09-18
sz000802,北京文化,3.93,17.94871794871795,0.9545242670975903,-1.5037593984962419,建仓后期,66.66666666666666,位置分位17.9%（低位）,2026-09-18
sz002383,合众思壮,7.96,42.18009478672985,0.7846066943220859,16.715542521994127,建仓后期,70.0,"位置分位42.2%（中低位）, 低位涨16.7%, MA20之上",2026-09-18
sz300753,爱朋医疗,20.36,26.76493405740884,0.791971615737292,-8.081264108352142,建仓后期,66.66666666666666,位置分位26.8%（低位）,2026-09-18
sz300417,南华仪器,11.36,40.81632653061224,0.9480234639298979,2.3423423423423406,建仓后期,50.0,位置分位40.8%（中低位）,2026-09-18
sz301248,杰创智能,56.37,23.551843108770655,1.2231433451912679,-8.266883645240041,建仓后期,75.0,"位置分位23.6%（低位）, 当日涨3.34%, 价升量增",2026-09-18
sz000537,绿发电力,7.53,15.73498964803314,0.8010425086808586,-0.9210526315789395,建仓后期,66.66666666666666,位置分位15.7%（低位）,2026-09-18
sz301139,*ST元道,3.31,5.610179294389822,1.069675347555897,4.746835443037972,建仓初期,100.0,"位置分位5.6%（极低位）, MA20之下（低位）, MA60之下（低位）",2026-08-28
sz301275,汉朔科技,41.44,23.434065934065906,1.131430755223847,0.0,建仓后期,66.66666666666666,位置分位23.4%（低位）,2026-09-18
sz300001,特锐德,32.5,33.18366474235621,1.1048426709815364,-10.394265232974918,建仓后期,50.0,位置分位33.2%（中低位）,2026-09-18
sz002414,高德红外,12.43,20.360824742268026,1.4276563064842447,-8.062130177514792,建仓后期,70.0,"位置分位20.4%（低位）, 价升量增",2026-09-18
sz301330,熵基科技,25.73,30.263726761781246,0.8022715962278653,7.656903765690385,建仓后期,66.66666666666666,"位置分位30.3%（中低位）, 低位涨7.7%, MA20之上",2026-09-18
sz002211,ST宏达,3.82,57.51633986928104,1.309453799162276,0.0,洗盘,66.66666666666666,位置分位57.5%（中位）,2026-09-18
sz300077,国民技术,22.18,36.384053902302085,2.4752924333060755,14.270994332818132,建仓后期,52.94117647058824,"位置分位36.4%（中低位）, 低位涨14.3%, 当日涨10.90%, MA20之上, 价升量增",2026-09-18
sz000503,国新健康,6.7,27.111111111111125,1.057768541727196,-2.4745269286753993,建仓后期,66.66666666666666,位置分位27.1%（低位）,2026-09-18
sz300290,ST荣科,7.14,25.921787709497202,0.6718499759374531,14.606741573033693,建仓初期,52.63157894736842,"低位缩量（量比0.67）, 连续3天缩量, 价跌量缩",2026-09-18
sz000698,ST沈化,3.65,69.16666666666669,1.8062028823643121,3.107344632768358,拉升,62.5,"中位放量（量比1.81）, MA20之上, MA60之上, 价升量增",2026-09-18
sz000933,神火股份,26.81,43.55625717566015,0.9182882968904166,3.9953452288595717,建仓后期,50.0,位置分位43.6%（中低位）,2026-09-18
sz000066,中国长城,14.12,7.996832937450514,1.284925166210994,-1.0511562718990917,建仓初期,91.66666666666666,"位置分位8.0%（极低位）, MA20之下（低位）, MA60之下（低位）",2026-09-18
sz000543,皖能电力,7.35,10.905660377358478,0.7145060906518181,-0.5412719891745607,建仓后期,66.66666666666666,位置分位10.9%（低位）,2026-09-18
sz302132,中航成飞,59.14,31.533071269868408,0.8948868573812089,4.04644616467276,建仓后期,50.0,位置分位31.5%（中低位）,2026-09-18
sz002609,捷顺科技,7.63,35.99114064230342,0.8940769271558935,-0.3916449086161912,建仓后期,50.0,位置分位36.0%（中低位）,2026-09-18
sz301208,中亦科技,29.92,43.33333333333335,0.975248938948743,0.23450586264656711,建仓后期,50.0,位置分位43.3%（中低位）,2026-09-18
sz002827,高争民爆,68.1,92.54032258064515,0.9723559395755037,23.81818181818181,拉升,50.0,"20日大涨23.8%, MA20之上, MA60之上",2026-09-18
sz300409,道氏技术,17.09,10.324955978869852,0.8393284562122527,-7.018498367791073,建仓后期,66.66666666666666,位置分位10.3%（低位）,2026-09-18
sz300822,贝仕达克,11.42,23.011844331641278,1.2624170301104445,0.0,建仓后期,81.81818181818183,"位置分位23.0%（低位）, 当日涨3.07%, 价升量增",2026-09-18
sz300825,阿尔特,13.11,50.582524271844655,1.0156578515903787,24.03027436140018,拉升,57.14285714285714,"20日大涨24.0%, MA20之上, MA60之上",2026-09-18
sz002689,ST远智,2.91,33.33333333333334,0.960925062462112,1.7482517482517577,建仓后期,50.0,位置分位33.3%（中低位）,2026-09-18
sz002877,智能自控,7.36,32.32000000000002,1.2113313227057303,0.40927694406548765,建仓后期,50.0,位置分位32.3%（中低位）,2026-09-18
sz300950,德固特,20.54,69.77225672877844,2.2979574566296113,22.920406941950915,拉升,75.0,"中位放量（量比2.30）, 20日大涨22.9%, 当日大涨10.61%, MA20之上, MA60之上, 价升量增",2026-09-18
sz002440,闰土股份,12.12,58.87678379622524,1.2153758232445604,-1.4634146341463534,洗盘,54.54545454545454,位置分位58.9%（中位）,2026-09-18
sz002892,科力尔,8.65,4.168837936425226,1.0048827249080634,-3.995560488346276,建仓初期,100.0,"位置分位4.2%（极低位）, MA20之下（低位）, MA60之下（低位）",2026-09-18
sz301539,宏鑫科技,14.95,35.0877192982456,0.6164256495403823,2.3972602739726003,洗盘,78.57142857142857,"中位缩量（量比0.62）, 连续3天缩量",2026-09-18
sz000561,烽火电子,7.86,34.85714285714286,0.8843784108564338,5.929919137466313,建仓后期,66.66666666666666,"位置分位34.9%（中低位）, 低位涨5.9%, MA20之上",2026-09-18
sz300777,中简科技,21.16,2.648756030649886,1.0854384791789145,-8.714408973252802,建仓初期,100.0,"位置分位2.6%（极低位）, MA20之下（低位）, MA60之下（低位）",2026-09-18
sz301009,可靠股份,8.75,22.238880559720133,1.0691941427535636,-3.1007751937984427,建仓后期,66.66666666666666,位置分位22.2%（低位）,2026-09-18
sz300953,震裕科技,98.4,13.908045977011504,1.096746298943873,-1.6098390160983893,建仓后期,87.5,"位置分位13.9%（低位）, MA20之上",2026-09-18
sz300053,航宇微,12.36,14.50151057401812,1.5533844214513057,3.8655462184873866,建仓后期,94.73684210526315,"位置分位14.5%（低位）, 低位放量（量比1.55）, 当日涨4.30%, MA20之上, 连续3天放量, 价升量增",2026-09-18
sz000758,中色股份,5.98,22.085889570552155,0.9387869586916022,-1.4827018121911013,建仓后期,66.66666666666666,位置分位22.1%（低位）,2026-09-18
sz301251,威尔高,77.08,87.19143794234421,0.90080711105727,61.42408376963351,拉升,50.0,"20日大涨61.4%, MA20之上, MA60之上",2026-09-18
sz002981,朝阳科技,25.73,65.86378737541528,1.8214162691166131,9.256900212314223,拉升,76.0,"中位放量（量比1.82）, 20日涨9.3%, 当日大涨3.33%, MA20之上, MA60之上, 连续3天放量, 价升量增",2026-09-18
sz300062,中能电气,6.47,33.01204819277108,0.8285877968656621,4.019292604501608,建仓后期,57.14285714285714,"位置分位33.0%（中低位）, MA20之上",2026-09-18
sz300515,三德科技,15.64,56.354515050167244,1.233317594457346,-4.750304506699154,洗盘,66.66666666666666,位置分位56.4%（中位）,2026-09-18
sz300210,森远股份,7.42,6.5573770491803325,0.9261955048047059,-13.114754098360649,建仓初期,100.0,"位置分位6.6%（极低位）, MA20之下（低位）, MA60之下（低位）",2026-09-18
sz300912,凯龙高科,19.56,6.166495375128465,0.8925175243166875,-0.6602336211274888,建仓初期,100.0,"位置分位6.2%（极低位）, MA20之下（低位）, MA60之下（低位）",2026-09-18
sz300486,东杰智能,18.09,18.018630584075616,0.7914192714722673,-20.167696381288618,建仓初期,57.14285714285714,"低位跌-20.2%, MA20之下（低位）, MA60之下（低位）, 价跌量缩",2026-09-18
sz300155,安居宝,4.27,38.02083333333331,1.3155062459363371,-3.6117381489842018,建仓后期,50.0,位置分位38.0%（中低位）,2026-09-18
sz002363,隆基机械,6.7,34.375000000000014,0.9457892987122061,4.037267080745338,建仓后期,50.0,位置分位34.4%（中低位）,2026-09-18
sz300009,安科生物,8.16,28.928571428571438,1.4435100752455043,-9.030100334448166,建仓后期,70.0,"位置分位28.9%（低位）, 价升量增",2026-09-18
sz002468,申通快递,14.9,41.55597722960151,1.6642059610593338,5.003523608174778,建仓后期,42.857142857142854,"位置分位41.6%（中低位）, 低位涨5.0%, MA20之上",2026-09-18
sz300512,中亚股份,7.32,35.327635327635335,0.8947766997199534,1.3850415512465448,建仓后期,57.14285714285714,"位置分位35.3%（中低位）, MA20之上",2026-09-18
sz002615,哈尔斯,6.25,6.354515050167235,1.4195996209121478,-3.8461538461538463,建仓初期,91.66666666666666,"位置分位6.4%（极低位）, MA20之下（低位）, MA60之下（低位）",2026-09-18
sz002182,宝武镁业,11.55,14.660493827160515,1.1177790199733557,-2.8595458368376776,建仓后期,66.66666666666666,位置分位14.7%（低位）,2026-09-18
sz301280,珠城科技,45.01,47.13861805849936,0.8870808434984443,6.709340919867232,建仓后期,66.66666666666666,"位置分位47.1%（中低位）, 低位涨6.7%, MA20之上",2026-09-18
sz002960,青鸟智控,8.7,43.72805617618894,1.829362464328949,3.0805687203791448,建仓后期,46.666666666666664,"位置分位43.7%（中低位）, 当日涨3.94%, MA20之上, 价升量增",2026-09-18
sz300628,亿联网络,41.46,87.4015748031496,1.1125461254612545,-0.6470165348669927,出货,72.72727272727273,位置分位87.4%（极高位）,2026-09-18
sz300768,迪普科技,14.82,33.521730656792045,0.8031297011430077,1.3679890560875587,建仓后期,57.14285714285714,"位置分位33.5%（中低位）, MA20之上",2026-09-18
sz000019,深粮控股,7.15,54.982817869415804,1.2990686254154213,12.421383647798741,拉升,60.0,"20日涨12.4%, 当日大涨3.92%, MA60之上, 价升量增",2026-09-18
sz301067,显盈科技,32.55,63.06620209059233,1.0650037792894935,11.282051282051272,洗盘,50.0,位置分位63.1%（中位）,2026-09-18
sz300642,透景生命,16.96,64.11385606874332,1.2114646819266957,24.149037405753614,拉升,57.14285714285714,"20日大涨24.1%, MA60之上, 价升量增",2026-09-18
sz002405,四维图新,6.04,3.7593984962406095,1.0796396344955337,-4.430379746835446,建仓初期,100.0,"位置分位3.8%（极低位）, MA20之下（低位）, MA60之下（低位）",2026-09-18
sz300916,朗特智能,25.6,36.711990111248454,1.2971583629751644,-1.538461538461533,建仓后期,62.5,"位置分位36.7%（中低位）, MA20之上, 价升量增",2026-09-18
sz301520,万邦医药,72.08,74.65648854961832,1.0874247344030767,1.3070976809557167,出货,75.0,"位置分位74.7%（中高位）, 当日大跌-3.93%",2026-09-18
sz002303,美盈森,5.7,93.22033898305084,1.080199698351845,21.01910828025478,拉升,50.0,"20日大涨21.0%, MA20之上, MA60之上",2026-09-18
sz300073,当升科技,38.91,9.244359228951948,0.7956158680533402,-5.809731299927392,建仓初期,100.0,"位置分位9.2%（极低位）, MA20之下（低位）, MA60之下（低位）",2026-09-18
sz300965,恒宇信通,41.41,13.643007958421308,1.0110456054753676,-4.716981132075482,建仓后期,66.66666666666666,位置分位13.6%（低位）,2026-09-18
sz002600,领益智造,12.58,21.01063829787234,0.7070838315451692,2.9459901800327284,建仓后期,63.63636363636363,"位置分位21.0%（低位）, MA20之上",2026-09-18
sz300163,先锋新材,7.34,72.33560090702946,1.370203766715158,9.226190476190478,拉升,64.70588235294117,"20日涨9.2%, 当日大涨8.90%, MA20之上, MA60之上, 价升量增",2026-09-18
sz300878,维康药业,32.32,51.14409400123686,1.2408390318561322,-3.0012004801920766,洗盘,75.0,位置分位51.1%（中位）,2026-09-18
sz300119,瑞普生物,16.76,44.88188976377954,1.5323185216917203,-6.4732142857142865,拉升,45.45454545454545,中位放量（量比1.53）,2026-09-18
sz002985,北摩高科,27.41,23.016826923076934,0.8680177953534355,8.726695755652516,建仓后期,80.0,"位置分位23.0%（低位）, 低位涨8.7%",2026-09-18
sz002123,梦网科技,7.63,16.06648199445983,1.066041041530671,-4.744069912609238,建仓后期,66.66666666666666,位置分位16.1%（低位）,2026-09-18
sz002724,海洋王,7.13,86.66666666666667,1.9180627541157227,15.746753246753242,出货,55.172413793103445,"位置分位86.7%（极高位）, 高位放量（量比1.92）, 高位连续放量",2026-09-18
sz002008,大族激光,99.6,36.273962404615666,1.4490221275375978,9.570957095709558,建仓后期,75.0,"位置分位36.3%（中低位）, 低位涨9.6%, 当日涨5.05%, MA20之上, 价升量增",2026-09-18
sz002134,天津普林,27.1,58.18992989165076,1.36481394643659,27.469426152398867,拉升,68.42105263157895,"20日大涨27.5%, 当日大涨9.98%, MA20之上, MA60之上, 价升量增",2026-09-18
sz002277,友阿股份,5.54,24.060150375939845,1.0089048851416897,-5.299145299145293,建仓后期,66.66666666666666,位置分位24.1%（低位）,2026-09-18
sz002574,明牌珠宝,5.03,54.123711340206206,0.9244497742663658,6.567796610169502,洗盘,60.0,位置分位54.1%（中位）,2026-09-18
sz300311,任子行,5.75,45.55984555984555,0.8121825995292995,4.166666666666675,建仓后期,57.14285714285714,"位置分位45.6%（中低位）, MA20之上",2026-09-18
sz002016,世荣兆业,4.54,25.16411378555799,1.385823964466809,0.4424778761062049,建仓后期,77.77777777777779,"位置分位25.2%（低位）, 价升量增",2026-09-18
sz002458,益生股份,8.39,39.521696252465496,0.7371695966013085,-5.624296962879639,洗盘,66.66666666666666,连续3天缩量,2026-09-18
sz000514,渝 开 发,4.2,36.871508379888276,1.4540808010245663,5.263157894736841,建仓后期,70.0,"位置分位36.9%（中低位）, 低位涨5.3%, MA20之上, 价升量增",2026-09-18
sz300087,ST荃银,5.71,25.879396984924625,0.8958807691551814,4.387568555758688,建仓后期,75.0,位置分位25.9%（低位）,2026-09-18
sz300269,联建光电,4.63,19.68085106382978,1.1430834804483245,-3.9419087136929543,建仓后期,66.66666666666666,位置分位19.7%（低位）,2026-09-18
sz002867,周大生,10.33,4.166666666666691,0.8559087780933587,-16.08448415922015,建仓初期,100.0,"位置分位4.2%（极低位）, 低位跌-16.1%, MA20之下（低位）, MA60之下（低位）",2026-09-18
sz300357,我武生物,19.45,8.74316939890711,1.1602904490961115,-21.095334685598377,建仓初期,100.0,"位置分位8.7%（极低位）, 低位跌-21.1%, MA20之下（低位）, MA60之下（低位）",2026-09-18
sz300806,斯迪克,57.91,46.906251581024335,0.8808510338990402,15.704295704295705,建仓后期,70.0,"位置分位46.9%（中低位）, 低位涨15.7%, MA20之上",2026-09-18
sz301321,翰博高新,48.87,79.6286610878661,0.8062119138423237,25.083184028666487,拉升,57.14285714285714,"20日大涨25.1%, MA20之上, MA60之上",2026-09-18
sz002735,王子新材,12.95,33.359497645211924,1.3844082023020188,11.637931034482756,建仓后期,75.0,"位置分位33.4%（中低位）, 低位涨11.6%, 当日涨7.38%, MA20之上, 价升量增",2026-09-18
sz002873,新天药业,8.03,16.442451420029887,0.9791543472078652,-4.8578199052132724,建仓后期,66.66666666666666,位置分位16.4%（低位）,2026-09-18
sz000795,英洛华,8.17,9.049773755656117,1.143223999066184,-2.8537455410225947,建仓初期,100.0,"位置分位9.0%（极低位）, MA20之下（低位）, MA60之下（低位）",2026-09-18
sz002166,莱茵生物,6.61,15.979081929110997,0.9997873962640392,-1.9287833827893157,建仓后期,66.66666666666666,位置分位16.0%（低位）,2026-09-18
sz300861,美畅股份,16.15,14.633064814130506,1.1180209376001373,-3.293413173652699,建仓后期,66.66666666666666,位置分位14.6%（低位）,2026-09-18
sz002348,高乐股份,10.62,37.770193401592714,0.8424348768061566,-6.266548984995595,建仓后期,50.0,位置分位37.8%（中低位）,2026-09-18
sz300149,睿智医药,9.25,34.81989708404802,1.683841806846696,-10.886319845857424,拉升,41.66666666666667,中位放量（量比1.68）,2026-09-18
sz000656,金科股份,1.25,42.85714285714285,1.4636822694025995,0.8064516129032264,建仓后期,62.5,"位置分位42.9%（中低位）, MA20之上, 价升量增",2026-09-18
sz300888,稳健医疗,28.75,37.805755395683455,1.203099606660857,0.781715567707782,建仓后期,57.14285714285714,"位置分位37.8%（中低位）, 价升量增",2026-09-18
sz000409,云鼎科技,8.89,31.778425655976694,0.7272802514236842,5.082742316784866,建仓后期,62.5,"位置分位31.8%（中低位）, 低位涨5.1%",2026-09-18
sz301088,戎美股份,12.91,31.677687221282486,1.390429064182328,3.445512820512818,建仓后期,50.0,位置分位31.7%（中低位）,2026-09-18
sz300497,富祥股份,21.38,71.4137214137214,1.1981803720320494,23.79849449913144,拉升,57.14285714285714,"20日大涨23.8%, MA20之上, MA60之上",2026-09-18
sz000096,广聚能源,7.97,34.86111111111111,1.1901659838534764,0.1256281407035149,建仓后期,50.0,位置分位34.9%（中低位）,2026-09-18
sz301057,汇隆新材,21.03,24.07712430965993,1.0481131764369649,-2.4129930394431534,建仓后期,72.72727272727273,"位置分位24.1%（低位）, 当日涨4.42%",2026-09-18
sz003011,海象新材,19.2,33.93727582084061,0.9782347965508971,-7.021791767554476,建仓后期,50.0,位置分位33.9%（中低位）,2026-09-18
sz300680,隆盛科技,20.56,12.511671335200733,1.5440572367520198,0.3416300634455846,建仓后期,92.85714285714286,"位置分位12.5%（低位）, 低位放量（量比1.54）, MA20之上, 价升量增",2026-09-18
sz000060,中金岭南,6.19,10.420168067226905,0.975632401266299,-7.3353293413173555,建仓后期,66.66666666666666,位置分位10.4%（低位）,2026-09-18
sz002396,星网锐捷,38.9,87.8340646190666,1.0631122551857042,17.274645764244788,拉升,50.0,"20日大涨17.3%, MA20之上, MA60之上",2026-09-18
sz002779,中坚科技,82.99,62.16558867137976,1.061263005081055,11.02341137123745,洗盘,50.0,位置分位62.2%（中位）,2026-09-18
sz300092,科新机电,11.34,17.066290550070516,0.9207523133813409,-2.7444253859348224,建仓后期,66.66666666666666,位置分位17.1%（低位）,2026-09-18
sz301072,中捷精工,50.91,96.57232704402514,2.2909221595683293,17.22311766060326,拉升,50.0,"20日大涨17.2%, 当日大涨14.97%, MA20之上, MA60之上, 价升量增",2026-09-18
sz000158,常山北明,12.8,12.38913135294947,1.1930007736487374,1.026045777426999,建仓后期,66.66666666666666,位置分位12.4%（低位）,2026-09-18
sz301382,蜂助手,37.41,38.65577422948384,1.4242885296790597,-8.555365436323639,建仓后期,62.5,"位置分位38.7%（中低位）, MA20之上, 价升量增",2026-09-18
sz301626,苏州天脉,320.07,66.19362658451593,1.1906522880183232,25.081089530657707,拉升,57.14285714285714,"20日大涨25.1%, MA20之上, MA60之上",2026-09-18
sz002953,日丰股份,10.54,52.91392343330894,0.8715360173752161,-2.5878003696857776,洗盘,85.71428571428571,位置分位52.9%（中位）,2026-09-18
sz301086,鸿富瀚,165.79,55.60019064478791,1.2186758015696084,33.82032448139478,拉升,68.42105263157895,"20日大涨33.8%, 当日大涨6.40%, MA20之上, MA60之上, 价升量增",2026-09-18
sz002976,瑞玛精密,26.9,73.95525538201771,0.8616832080775629,16.500649631875266,拉升,57.14285714285714,"20日大涨16.5%, MA20之上, MA60之上",2026-09-18
sz002802,洪汇新材,11.96,31.29327056217116,0.8612361150669325,-3.5483870967741895,建仓后期,50.0,位置分位31.3%（中低位）,2026-09-18
sz002927,泰永长征,19.45,53.04414003044139,1.2418363659896672,20.582765034097957,拉升,68.42105263157895,"20日大涨20.6%, MA20之上, MA60之上, 连续3天放量, 价升量增",2026-09-18
sz301216,万凯新材,17.38,15.492102065613603,0.8073460120314092,5.269533615990293,建仓后期,72.72727272727273,"位置分位15.5%（低位）, 低位涨5.3%",2026-09-18
sz002671,龙泉股份,3.92,22.466960352422902,0.9595612720612721,-0.5076142131979701,建仓后期,75.0,位置分位22.5%（低位）,2026-09-18
sz300785,值得买,34.05,11.997531054702554,1.0469613971219562,-4.888268156424582,建仓后期,66.66666666666666,位置分位12.0%（低位）,2026-09-18
sz300979,华利集团,32.37,28.731836195508574,0.9405112255041881,0.4032258064515988,建仓后期,100.0,"位置分位28.7%（低位）, MA20之上",2026-09-18
sz002286,保龄宝,7.7,16.566265060240955,0.7930688706337741,-2.2842639593908594,建仓初期,57.14285714285714,"MA20之下（低位）, MA60之下（低位）, 连续3天缩量, 价跌量缩",2026-09-18
sz000029,深深房Ａ,22.27,28.93462469733657,1.5480534501553247,-2.152899824253084,建仓后期,87.5,"位置分位28.9%（低位）, 低位放量（量比1.55）, 当日涨5.40%, 价升量增",2026-09-18
sz300407,凯发电气,10.57,30.22148623473402,0.7391251051454706,-13.784665579119082,洗盘,66.66666666666666,连续3天缩量,2026-09-18
sz301192,泰祥股份,18.75,23.55853697492413,0.888137283735918,-5.967903711133406,建仓后期,66.66666666666666,位置分位23.6%（低位）,2026-09-18
sz301638,南网数字,22.06,12.624330527926542,1.495423570283271,-0.7647323436797198,建仓后期,88.88888888888889,"位置分位12.6%（低位）, MA20之上, 价升量增",2026-09-18
sz002369,卓翼科技,5.68,33.56164383561642,1.0478247222904555,-4.377104377104389,建仓后期,50.0,位置分位33.6%（中低位）,2026-09-18
sz000691,亚太实业,9.35,33.93939393939392,1.013046583444821,-11.03710751665081,建仓后期,50.0,位置分位33.9%（中低位）,2026-09-18
sz002270,华明装备,18.35,9.475465313028772,1.0099276105807355,-4.724818276220145,建仓初期,100.0,"位置分位9.5%（极低位）, MA20之下（低位）, MA60之下（低位）",2026-09-18
sz002501,*ST利源,1.3,11.340206185567018,0.7163407322233554,0.0,建仓后期,100.0,"位置分位11.3%（低位）, MA20之上",2026-09-18
sz301035,润丰股份,52.63,38.6875699888018,1.1893689328281762,1.3421138774960097,建仓后期,50.0,位置分位38.7%（中低位）,2026-09-18
sz001311,多利科技,16.69,24.159047059810423,1.2275082564628175,-6.130483689538806,建仓后期,66.66666666666666,位置分位24.2%（低位）,2026-09-18
sz300930,屹通新材,24.68,23.4256926952141,1.189603214465093,-2.56612712198973,建仓后期,66.66666666666666,位置分位23.4%（低位）,2026-09-18
sz000516,国际医学,4.24,29.37062937062939,0.9796300113905496,1.1933174224343632,建仓后期,100.0,"位置分位29.4%（低位）, MA20之上",2026-09-18
sz002984,森麒麟,12.9,5.351170568561879,0.7827492137001327,-7.857142857142854,建仓初期,100.0,"位置分位5.4%（极低位）, MA20之下（低位）, MA60之下（低位）",2026-09-18
sz300419,ST浩丰,7.54,33.423913043478265,0.7735977272941776,-15.659955257270688,建仓后期,33.33333333333333,位置分位33.4%（中低位）,2026-09-18
sz003029,吉大正元,17.73,37.24747474747476,0.7328634131218693,6.486486486486498,建仓后期,50.0,"位置分位37.2%（中低位）, 低位涨6.5%, MA20之上",2026-09-18
sz301503,智迪科技,21.29,30.35732464623841,1.1314209628816372,-3.534209333937477,建仓后期,50.0,位置分位30.4%（中低位）,2026-09-18
sz002651,利君股份,8.33,42.168674698795186,0.6608310092479754,6.385696040868455,洗盘,68.75,"中位缩量（量比0.66）, 连续3天缩量",2026-09-18
sz300426,华智数媒,7.33,70.60518731988473,1.0999724184753783,18.608414239482208,拉升,57.14285714285714,"20日大涨18.6%, MA20之上, MA60之上",2026-09-18
sz300669,沪宁股份,22.58,21.177802944507352,1.1046162410817622,-5.443886097152432,建仓后期,66.66666666666666,位置分位21.2%（低位）,2026-09-18
sz301326,捷邦科技,108.8,29.025720966484798,1.4762236978160934,-0.8384979948961008,建仓后期,100.0,"位置分位29.0%（低位）, 当日涨5.67%, MA20之上, 价升量增",2026-09-18
sz002524,光正眼科,3.94,53.956834532374096,0.946616423828148,-2.233250620347402,洗盘,85.71428571428571,位置分位54.0%（中位）,2026-09-18
sz002790,瑞尔特,6.48,25.98425196850394,0.6894856667067305,10.016977928692713,建仓后期,53.333333333333336,"位置分位26.0%（低位）, 低位涨10.0%",2026-09-18
sz002626,金达威,16.13,62.34317699285851,0.8708302226439582,-3.006614552014432,洗盘,85.71428571428571,位置分位62.3%（中位）,2026-09-18
sz000568,泸州老窖,71.92,8.445772843723311,0.9088742048621762,-10.971367738261764,建仓初期,100.0,"位置分位8.4%（极低位）, MA20之下（低位）, MA60之下（低位）",2026-09-18
sz301509,金凯生科,29.86,19.09297052154195,1.559807753669432,-3.11486048020766,建仓后期,100.0,"位置分位19.1%（低位）, 低位放量（量比1.56）, MA20之上, 价升量增",2026-09-18
sz000333,美的集团,84.4,76.2259929144136,1.1675419288947528,0.11862396204034226,出货,85.71428571428571,位置分位76.2%（中高位）,2026-09-18
sz002980,华盛昌,128.03,90.50523533597641,1.4659928131936462,30.058919138561563,拉升,61.904761904761905,"20日大涨30.1%, 当日大涨10.00%, MA20之上, MA60之上, 价升量增",2026-09-18
sz300136,信维通信,59.51,7.020343039489431,1.2104828260927047,-2.378608923884519,建仓初期,69.23076923076923,"位置分位7.0%（极低位）, MA60之下（低位）",2026-09-18
sz002491,通鼎互联,23.78,45.10682288077188,0.8490339397414536,12.169811320754727,建仓后期,66.66666666666666,"位置分位45.1%（中低位）, 低位涨12.2%, MA20之上",2026-09-18
sz000935,四川双马,21.24,8.581560283687924,1.2257053619541391,-6.596306068601583,建仓初期,78.57142857142857,"位置分位8.6%（极低位）, MA20之下（低位）, MA60之下（低位）",2026-09-18
sz002947,恒铭达,66.63,31.113105924596045,1.4625203532250206,16.486013986013972,建仓后期,76.92307692307693,"位置分位31.1%（中低位）, 低位涨16.5%, 当日涨4.17%, MA20之上, 价升量增",2026-09-18
sz301205,联特科技,323.64,75.90747330960853,1.392859038083951,6.882430647291933,拉升,64.70588235294117,"20日涨6.9%, 当日大涨7.74%, MA20之上, MA60之上, 价升量增",2026-09-18
sz300460,ST惠伦,8.8,31.69398907103827,1.205998416302918,0.8018327605956505,建仓后期,62.5,"位置分位31.7%（中低位）, MA20之上, 价升量增",2026-09-18
sz301603,乔锋智能,127.28,63.350166541313,1.025490789872151,6.057828514290472,拉升,60.0,"20日涨6.1%, 当日大涨3.35%, MA20之上, MA60之上",2026-09-18
sz301320,豪江智能,13.86,41.474654377880185,0.7829196555153516,5.079605761940864,建仓后期,66.66666666666666,"位置分位41.5%（中低位）, 低位涨5.1%, MA20之上",2026-09-18
sz000558,天府文旅,3.59,32.941176470588225,0.9870744134986371,5.27859237536656,建仓后期,62.5,"位置分位32.9%（中低位）, 低位涨5.3%",2026-09-18
sz002343,慈文传媒,5.55,56.595744680851055,0.7712716165197115,11.22244488977955,洗盘,60.0,"位置分位56.6%（中位）, 连续3天缩量",2026-09-18
sz000582,北部湾港,9.81,2.7538726333907078,0.7479517854472026,-10.082493125572865,建仓初期,100.0,"位置分位2.8%（极低位）, MA20之下（低位）, MA60之下（低位）, 价跌量缩",2026-09-18
sz301193,家联科技,20.84,46.90402476780186,1.971296105386926,15.393133997785169,建仓后期,55.55555555555556,"位置分位46.9%（中低位）, 低位涨15.4%, 当日涨10.32%, MA20之上, 价升量增",2026-09-18
sz002858,力盛体育,11.33,20.622568093385215,0.8008693875071113,-2.327586206896548,建仓后期,75.0,位置分位20.6%（低位）,2026-09-18
sz002519,银河电子,6.1,34.989200863930876,0.7765850873614977,15.311909262759919,建仓后期,53.84615384615385,"位置分位35.0%（中低位）, 低位涨15.3%, MA20之上",2026-09-18
sz001378,德冠新材,23.57,98.6469864698647,1.2212229585217909,17.205370462456493,拉升,54.166666666666664,"20日大涨17.2%, 当日大涨3.06%, MA20之上, MA60之上, 价升量增",2026-09-18
sz002546,新联电子,7.61,38.9655172413793,1.336548907708216,-4.5169385194479235,建仓后期,57.14285714285714,"位置分位39.0%（中低位）, 价升量增",2026-09-18
sz002364,中恒电气,36.16,31.15563298490127,1.0376532759553454,-7.7315641745343235,建仓后期,50.0,位置分位31.2%（中低位）,2026-09-18
sz000878,云南铜业,16.75,39.65267727930535,0.9477279474393341,1.0253317249698535,建仓后期,50.0,位置分位39.7%（中低位）,2026-09-18
sz000536,华映科技,3.51,36.5079365079365,1.7226941758095031,9.00621118012421,建仓后期,50.0,"位置分位36.5%（中低位）, 低位涨9.0%, 当日涨3.24%, 价升量增",2026-09-18
sz001211,双枪科技,25.88,30.772106935875858,1.0687798655106056,6.414473684210521,建仓后期,72.72727272727273,"位置分位30.8%（中低位）, 低位涨6.4%, 当日涨9.99%, MA20之上",2026-09-18
sz300347,泰格医药,57.39,86.58642462509866,1.0323031893732335,5.554533750229912,出货,57.14285714285714,位置分位86.6%（极高位）,2026-09-18
sz000668,荣丰控股,21.04,69.65127238454286,1.4718152375077114,-5.31053105310531,洗盘,66.66666666666666,位置分位69.7%（中位）,2026-09-18
sz301168,通灵股份,40.43,43.47237269772482,1.1984186746987953,-5.382635150947806,建仓后期,50.0,位置分位43.5%（中低位）,2026-09-18
sz002337,赛象科技,4.64,25.48036758563072,0.8446577490679101,0.21598272138228483,建仓后期,75.0,位置分位25.5%（低位）,2026-09-18
sz002158,汉钟精机,28.37,37.2093023255814,1.7553304915086858,7.666034155597721,建仓后期,45.0,"位置分位37.2%（中低位）, 低位涨7.7%, 当日涨4.84%, MA20之上, 价升量增",2026-09-18
sz300783,三只松鼠,16.65,25.91349739000744,1.0055653541189309,-0.8928571428571555,建仓后期,66.66666666666666,位置分位25.9%（低位）,2026-09-18
sz301311,昆船智能,13.62,28.543689320388328,1.0627964950017925,1.0385756676557774,建仓后期,75.0,位置分位28.5%（低位）,2026-09-18
sz301512,智信精密,30.78,37.09283971875449,1.088280808626661,-1.2195121951219479,建仓后期,50.0,位置分位37.1%（中低位）,2026-09-18
sz000915,华特达因,24.03,14.013605442176882,0.7803473068998865,1.392405063291147,建仓初期,50.0,"MA20之下（低位）, MA60之下（低位）, 连续3天缩量",2026-09-18
sz300923,研奥股份,23.14,46.983226237169326,0.509549778375417,-6.315789473684205,洗盘,72.72727272727273,中位缩量（量比0.51）,2026-09-18
sz301369,联动科技,138.35,29.756484547461366,1.324856520878686,2.8624535315985087,建仓后期,90.9090909090909,"位置分位29.8%（低位）, 当日涨5.46%, MA20之上, 价升量增",2026-09-18
sz002015,协鑫能科,15.92,23.481652471543416,0.7541088306987167,12.50883392226148,建仓后期,66.66666666666666,"位置分位23.5%（低位）, 低位涨12.5%",2026-09-18
sz002872,ST天圣,5.88,84.32432432432432,1.0126666592657556,10.943396226415096,拉升,50.0,"20日涨10.9%, MA20之上, MA60之上",2026-09-18
sz002040,南 京 港,9.28,54.25188374596338,0.6340462356800656,4.269662921348303,洗盘,78.57142857142857,"位置分位54.3%（中位）, 中位缩量（量比0.63）",2026-09-18
sz301588,美新科技,28.0,21.186348862405197,1.1640382480230214,1.8181818181818181,建仓后期,66.66666666666666,位置分位21.2%（低位）,2026-09-18
sz000756,新华制药,13.34,47.593582887700514,2.351842703584225,-1.6949152542372912,建仓后期,46.666666666666664,"位置分位47.6%（中低位）, 当日涨4.55%, MA20之上, 价升量增",2026-09-18
sz002787,华源控股,26.04,61.979609175870856,1.0547134228600068,18.633257403189067,拉升,64.70588235294117,"20日大涨18.6%, 当日大涨3.25%, MA20之上, MA60之上",2026-09-18
sz300862,蓝盾光电,54.97,91.45089285714286,1.3815734074354764,-2.7079646017699135,拉升,50.0,"当日大涨9.87%, MA20之上, MA60之上, 价升量增",2026-09-18
sz300872,天阳科技,15.16,15.157894736842103,1.5016832836980447,0.0,建仓后期,80.0,"位置分位15.2%（低位）, 低位放量（量比1.50）, 价升量增",2026-09-18
sz002221,东华能源,5.62,13.39491916859123,0.9062151475210383,-1.2302284710017624,建仓后期,75.0,位置分位13.4%（低位）,2026-09-18
sz001338,永顺泰,9.07,18.511796733212336,0.8816866632306937,2.3702031602708904,建仓后期,75.0,位置分位18.5%（低位）,2026-09-18
sz000779,甘咨询,8.84,24.088541666666664,1.1286648954294989,-9.1469681397739,建仓后期,66.66666666666666,位置分位24.1%（低位）,2026-09-18
sz301323,新莱福,76.16,40.1849856321839,0.6598013161225007,4.357358180323366,洗盘,66.66666666666666,中位缩量（量比0.66）,2026-09-18
sz301368,丰立智能,37.69,13.281919451585239,1.5379998628163796,-5.633450175262895,建仓后期,82.35294117647058,"位置分位13.3%（低位）, 低位放量（量比1.54）, 当日涨3.54%, 价升量增",2026-09-18
sz002316,亚联发展,4.26,34.53815261044176,0.8766792554626383,-4.269662921348323,建仓后期,50.0,位置分位34.5%（中低位）,2026-09-18
sz301498,乖宝宠物,37.18,4.019873532068656,1.4141077276963991,-2.568134171907749,建仓初期,100.0,"位置分位4.0%（极低位）, MA20之下（低位）, MA60之下（低位）",2026-09-18
sz002188,中天服务,5.37,40.36144578313253,0.7286662906529847,-1.828153564899445,建仓后期,50.0,位置分位40.4%（中低位）,2026-09-18
sz300204,舒泰神,19.85,5.437500000000008,1.2750329611295121,-10.504959422903509,建仓初期,91.66666666666666,"位置分位5.4%（极低位）, MA20之下（低位）, MA60之下（低位）",2026-09-18
sz002627,三峡旅游,6.77,45.76043068640645,0.8416971708150418,3.99385560675883,建仓后期,50.0,位置分位45.8%（中低位）,2026-09-18
sz001268,联合精密,24.05,46.519448492321494,1.1615174900317031,18.00785083415114,建仓后期,66.66666666666666,"位置分位46.5%（中低位）, 低位涨18.0%",2026-09-18
sz300784,利安科技,40.81,32.38366571699906,1.0252712875158863,0.14723926380368657,建仓后期,50.0,位置分位32.4%（中低位）,2026-09-18
sz002381,双箭股份,5.45,30.270270270270288,0.6787174117797672,-0.909090909090906,洗盘,72.72727272727273,中位缩量（量比0.68）,2026-09-18
sz002461,珠江啤酒,8.36,31.64983164983163,0.9091391240866803,-1.4150943396226532,建仓后期,50.0,位置分位31.6%（中低位）,2026-09-18
sz003013,地铁设计,19.17,86.62337662337666,1.222101763515467,2.6780931976432774,拉升,50.0,"当日大涨5.33%, MA20之上, MA60之上, 价升量增",2026-09-18
sz301682,宏明电子,113.36,10.922026728199212,0.8788616249244965,-8.136142625607784,建仓后期,87.5,"位置分位10.9%（低位）, MA20之上",2026-09-18
sz300610,晨化股份,10.08,38.839285714285715,0.8975838820535691,-3.2629558541266785,建仓后期,50.0,位置分位38.8%（中低位）,2026-09-18
sz000899,赣能股份,9.37,2.99351405288541,0.6637885739850594,-5.923694779116482,建仓初期,100.0,"位置分位3.0%（极低位）, 低位缩量（量比0.66）, MA20之下（低位）, MA60之下（低位）",2026-09-18
sz300382,斯莱克,16.4,42.635658914728666,1.0778671059317173,-6.712172923777018,建仓后期,62.5,"位置分位42.6%（中低位）, 当日涨6.70%",2026-09-18
sz002952,亚世光电,18.96,16.354344122657597,0.97753673602766,-4.339051463168514,建仓后期,66.66666666666666,位置分位16.4%（低位）,2026-09-18
sz300828,锐新科技,16.93,29.4506324334529,0.9665512760311447,-0.2357100766057699,建仓后期,75.0,位置分位29.5%（低位）,2026-09-18
sz300348,长亮科技,9.38,19.060090208060533,1.2439817756858351,0.0,建仓后期,75.0,位置分位19.1%（低位）,2026-09-18
sz301080,百普赛斯,109.48,88.48217479432455,1.468414521129486,10.675293166194907,拉升,57.89473684210527,"20日涨10.7%, 当日大涨10.27%, MA20之上, MA60之上, 价升量增",2026-09-18
sz300375,鹏翎股份,4.05,30.322580645161278,0.8931145478310795,1.758793969849242,建仓后期,50.0,位置分位30.3%（中低位）,2026-09-18
sz002868,绿康生化,23.0,9.350104821802937,0.7650546384561729,4.1195110909913994,建仓初期,100.0,"位置分位9.4%（极低位）, MA20之下（低位）, MA60之下（低位）, 连续3天缩量",2026-09-18
sz301419,阿莱德,47.87,82.77477477477477,1.6560351774714492,18.519435503837574,拉升,54.166666666666664,"20日大涨18.5%, 当日大涨13.03%, MA20之上, MA60之上, 价升量增",2026-09-18
sz301357,北方长龙,97.98,51.07289107289109,0.8432990869755828,10.4871447902571,拉升,60.0,"20日涨10.5%, 当日大涨3.02%, MA20之上, MA60之上",2026-09-18
sz000761,本钢板材,2.27,14.173228346456707,0.9348037006394162,-2.5751072961373414,建仓后期,66.66666666666666,位置分位14.2%（低位）,2026-09-18
sz000783,长江证券,8.45,46.352941176470566,1.1270692582339863,-1.7441860465116321,建仓后期,50.0,位置分位46.4%（中低位）,2026-09-18
sz300937,药易购,24.58,44.36310395314787,1.2932990523557635,-5.895865237366013,建仓后期,57.14285714285714,"位置分位44.4%（中低位）, 价升量增",2026-09-18
sz002258,利尔化学,14.69,58.90151515151515,1.080936044273383,0.685400959561341,洗盘,85.71428571428571,位置分位58.9%（中位）,2026-09-18
sz301013,利和兴,40.0,29.09531747234429,0.8418268848311282,-4.671115347950431,建仓后期,87.5,"位置分位29.1%（低位）, MA20之上",2026-09-18
sz300619,金银河,25.96,29.952273849360918,1.0341207450572483,-2.7715355805243385,建仓后期,66.66666666666666,位置分位30.0%（低位）,2026-09-18
sz300025,华星创业,5.5,70.76271186440677,0.8941608911585622,7.212475633528268,出货,60.0,位置分位70.8%（中高位）,2026-09-18
sz000737,北方铜业,14.4,50.96322241681261,0.8700892942364629,-2.040816326530605,洗盘,85.71428571428571,位置分位51.0%（中位）,2026-09-18
sz002731,*ST萃华,0.77,0.0,0.4115739846034277,-60.71428571428571,建仓初期,100.0,"位置分位0.0%（极低位）, 低位缩量（量比0.41）, 低位跌-60.7%, MA20之下（低位）, MA60之下（低位）, 连续3天缩量, 价跌量缩",2026-08-31
sz002859,洁美科技,68.5,39.20507845127796,0.7583253409768662,1.6773044381772233,建仓后期,57.14285714285714,"位置分位39.2%（中低位）, MA20之上",2026-09-18
sz002594,比亚迪,84.3,22.84881838782775,1.2282061740164523,-6.8199403117055395,建仓后期,66.66666666666666,位置分位22.8%（低位）,2026-09-18
sz001319,铭科精技,22.04,57.113402061855666,0.6484131863065279,11.651469098277612,洗盘,70.0,"位置分位57.1%（中位）, 中位缩量（量比0.65）, 连续3天缩量",2026-09-18
sz300605,恒锋信息,9.94,33.28912466843501,0.7992343110425544,-2.7397260273972712,建仓后期,50.0,位置分位33.3%（中低位）,2026-09-18
sz300935,盈建科,27.01,31.88521323236349,0.9619664940338535,-10.503644797879383,建仓后期,50.0,位置分位31.9%（中低位）,2026-09-18
sz300801,泰和科技,21.78,18.337129840546712,1.0277787471645436,-4.347826086956514,建仓后期,66.66666666666666,位置分位18.3%（低位）,2026-09-18
sz002911,佛燃能源,11.21,32.08191126279865,0.7268309741534092,4.668534080298786,洗盘,66.66666666666666,连续3天缩量,2026-09-18
sz000823,超声电子,23.38,64.83214089157951,0.9074465710372813,54.83443708609271,拉升,57.14285714285714,"20日大涨54.8%, MA20之上, MA60之上",2026-09-18
sz300810,中科海讯,25.04,33.516819571865454,0.7075481509214193,4.638529043042204,洗盘,66.66666666666666,连续3天缩量,2026-09-18
sz002375,亚厦股份,3.74,30.909090909090907,1.1893368222750609,3.8888888888888924,建仓后期,50.0,位置分位30.9%（中低位）,2026-09-18
sz000623,吉林敖东,17.56,52.6056338028169,1.1314958418588124,-2.281580411797441,洗盘,100.0,位置分位52.6%（中位）,2026-09-18
sz300691,联合光电,14.8,39.381003201707586,1.0292923659110003,2.280580511402903,建仓后期,57.14285714285714,"位置分位39.4%（中低位）, MA20之上",2026-09-18
sz300637,扬帆新材,9.3,40.06734006734008,0.9892560097898907,2.7624309392265194,建仓后期,50.0,位置分位40.1%（中低位）,2026-09-18
sz002903,宇环数控,30.76,30.731707317073177,1.0968764801479367,-8.832246591582692,建仓后期,57.14285714285714,"位置分位30.7%（中低位）, MA20之上",2026-09-18
sz300169,天晟新材,5.5,53.90625,0.8221736517898244,-0.9009009009008978,洗盘,85.71428571428571,位置分位53.9%（中位）,2026-09-18
sz300129,泰胜风能,7.71,14.932126696832581,1.1393732678486614,3.212851405622493,建仓后期,90.0,"位置分位14.9%（低位）, 当日涨3.91%, MA20之上",2026-09-18
sz300840,酷特智能,19.5,41.9435215946844,1.0599009674017699,2.84810126582278,建仓后期,57.14285714285714,"位置分位41.9%（中低位）, MA20之上",2026-09-18
sz300304,云意电气,11.5,17.179023508137433,1.802627007444537,-3.0354131534569935,建仓后期,93.75,"位置分位17.2%（低位）, 低位放量（量比1.80）, 当日涨5.60%, MA20之上, 价升量增",2026-09-18
sz002536,飞龙股份,53.64,72.36490101658643,0.9011004208358981,14.200553544815845,出货,60.0,位置分位72.4%（中高位）,2026-09-18
sz002666,德联集团,4.16,25.396825396825395,1.1563112763030816,-1.6548463356974061,建仓后期,75.0,位置分位25.4%（低位）,2026-09-18
sz002328,新朋股份,8.2,30.77327722251445,1.0135001720665475,14.525139664804456,建仓后期,62.5,"位置分位30.8%（中低位）, 低位涨14.5%",2026-09-18
sz300863,卡倍亿,44.04,27.43047830923248,2.054589509692132,2.7052238805970066,建仓后期,100.0,"位置分位27.4%（低位）, 低位放量（量比2.05）, 当日涨7.39%, MA20之上, 价升量增",2026-09-18
sz002085,万丰奥威,9.58,2.048417132216005,1.081030966067124,-6.353861192570872,建仓初期,100.0,"位置分位2.0%（极低位）, MA20之下（低位）, MA60之下（低位）",2026-09-18
sz301234,五洲医疗,114.15,98.9783653846154,1.3251117246875979,18.782518210197725,拉升,55.55555555555556,"20日大涨18.8%, MA20之上, MA60之上, 价升量增",2026-09-18
sz001389,广合科技,169.03,46.10718214678611,1.1220754296990152,8.387303622956084,建仓后期,66.66666666666666,"位置分位46.1%（中低位）, 低位涨8.4%, MA20之上",2026-09-18
sz002510,天汽模,5.82,30.038022813688215,1.2877156003534667,5.434782608695665,建仓后期,66.66666666666666,"位置分位30.0%（中低位）, 低位涨5.4%, MA20之上",2026-09-18
sz002906,华阳集团,27.54,49.31506849315068,1.0694245811042251,7.32657833203429,建仓后期,66.66666666666666,"位置分位49.3%（中低位）, 低位涨7.3%, MA20之上",2026-09-18
sz000159,国际实业,5.43,21.370967741935463,1.1881403731670106,-6.379310344827588,建仓后期,66.66666666666666,位置分位21.4%（低位）,2026-09-18
sz300796,贝斯美,6.8,23.919308357348708,0.9967298471029575,1.4925373134328304,建仓后期,75.0,位置分位23.9%（低位）,2026-09-18
sz002027,分众传媒,4.66,12.935323383084569,1.1062194120895055,-3.9175257731958664,建仓后期,66.66666666666666,位置分位12.9%（低位）,2026-09-18
sz000718,苏宁环球,2.01,44.303797468354404,1.4309920287535622,7.486631016042764,建仓后期,75.0,"位置分位44.3%（中低位）, 低位涨7.5%, 当日涨3.61%, MA20之上, 价升量增",2026-09-18
sz301522,上大股份,23.36,20.39737100551484,0.9170332917460109,2.6362038664323277,建仓后期,87.5,"位置分位20.4%（低位）, MA20之上",2026-09-18
sz002955,鸿合科技,37.05,75.77045696068011,0.8337578307115701,5.1959114139693305,拉升,50.0,"20日涨5.2%, MA20之上, MA60之上",2026-09-18
sz003043,华亚智能,65.15,22.499097146984486,1.3834767040740579,-9.046488901298325,建仓后期,75.0,"位置分位22.5%（低位）, 当日涨3.13%, 价升量增",2026-09-18
sz301031,中熔电气,96.56,40.90378522594631,0.9124769545069511,4.0741539124811395,建仓后期,57.14285714285714,"位置分位40.9%（中低位）, MA20之上",2026-09-18
sz002039,黔源电力,19.31,28.673835125448,0.9947516677953402,1.311647429171039,建仓后期,66.66666666666666,位置分位28.7%（低位）,2026-09-18
sz002831,裕同科技,28.12,38.43772326744463,1.0887578772976545,10.144927536231883,建仓后期,66.66666666666666,"位置分位38.4%（中低位）, 低位涨10.1%, MA20之上",2026-09-18
sz300996,普联软件,12.6,21.857410881801126,1.2764303029500206,-12.317327766179538,建仓后期,70.0,"位置分位21.9%（低位）, 价升量增",2026-09-18
sz000707,双环科技,4.44,14.644351464435164,0.9630047196808678,-4.103671706263488,建仓后期,66.66666666666666,位置分位14.6%（低位）,2026-09-18
sz002385,大北农,3.19,36.91275167785234,0.7788841499689415,0.3144654088050247,建仓后期,50.0,位置分位36.9%（中低位）,2026-09-18
sz002931,锋龙股份,41.31,3.691886964448507,0.9877076562162488,-14.347916234708677,建仓初期,100.0,"位置分位3.7%（极低位）, MA20之下（低位）, MA60之下（低位）",2026-09-18
sz002026,山东威达,11.44,53.86313465783664,0.7459110409710485,11.067961165048532,洗盘,60.0,位置分位53.9%（中位）,2026-09-18
sz300823,建科智能,13.97,25.01954652071931,0.7982647874113342,-7.176079734219269,建仓后期,66.66666666666666,位置分位25.0%（低位）,2026-09-18
sz300215,电科院,6.34,22.62349522623495,1.1139319729264563,5.315614617940204,建仓后期,80.0,"位置分位22.6%（低位）, 低位涨5.3%",2026-09-18
sz002971,和远气体,42.68,28.669950738916256,1.6959915897992404,-8.431667024243723,建仓后期,93.75,"位置分位28.7%（低位）, 低位放量（量比1.70）, 当日涨10.00%, MA20之上, 价升量增",2026-09-18
sz301592,六九一二,116.07,47.283601927230414,0.8819813285289783,11.391554702495192,建仓后期,72.72727272727273,"位置分位47.3%（中低位）, 低位涨11.4%, 当日涨3.51%, MA20之上",2026-09-18
sz301030,*ST仕净,6.48,3.6764705882353024,2.1270445482268143,-25.431530494821626,建仓初期,73.68421052631578,"位置分位3.7%（极低位）, 低位跌-25.4%, MA20之下（低位）, MA60之下（低位）",2026-09-18
sz000617,中油资本,6.88,7.2755121577637345,0.9708529461630803,-1.432664756446999,建仓初期,100.0,"位置分位7.3%（极低位）, MA20之下（低位）, MA60之下（低位）",2026-09-18
sz301305,朗坤科技,25.98,49.615653389238304,1.0388646748850434,6.475409836065582,建仓后期,72.72727272727273,"位置分位49.6%（中低位）, 低位涨6.5%, 当日涨5.01%, MA20之上",2026-09-18
sz000014,沙河股份,10.45,29.763560500695398,1.1621586845211156,3.567888999008914,建仓后期,75.0,位置分位29.8%（低位）,2026-09-18
sz301580,爱迪特,57.0,39.94611045418419,1.0862084923586195,11.024542267238013,建仓后期,72.72727272727273,"位置分位39.9%（中低位）, 低位涨11.0%, 当日涨3.43%, MA20之上",2026-09-18
sz301479,弘景光电,53.2,18.069044599266824,0.8075813893873366,10.190555095277551,建仓后期,100.0,"位置分位18.1%（低位）, 低位涨10.2%, MA20之上",2026-09-18
sz300192,科德教育,18.52,88.25952626158599,0.8126456880279038,16.04010025062656,拉升,50.0,"20日大涨16.0%, MA20之上, MA60之上",2026-09-18
sz300745,欣锐科技,28.12,12.533492110747247,1.0469757599462446,-2.9340697273041005,建仓后期,66.66666666666666,位置分位12.5%（低位）,2026-09-18
sz300238,冠昊生物,11.25,17.905405405405414,1.5981554769329736,-5.857740585774053,建仓后期,80.0,"位置分位17.9%（低位）, 低位放量（量比1.60）, 价升量增",2026-09-18
sz002407,多氟多,33.21,24.117463292721027,1.1381157409022948,-8.132780082987546,建仓后期,66.66666666666666,位置分位24.1%（低位）,2026-09-18
sz300564,筑博设计,12.18,21.428571428571423,0.8877989221960256,-1.9323671497584558,建仓后期,66.66666666666666,位置分位21.4%（低位）,2026-09-18
sz300851,交大思诺,23.36,18.571428571428566,0.8305197417910186,-4.26229508196721,建仓后期,75.0,位置分位18.6%（低位）,2026-09-18
sz300131,英唐智控,16.15,40.20700636942674,1.1674398472368788,-4.097387173396682,建仓后期,57.14285714285714,"位置分位40.2%（中低位）, MA20之上",2026-09-18
sz000962,东方钽业,60.0,35.56302341708006,0.9150297735993173,13.186191284663277,建仓后期,72.72727272727273,"位置分位35.6%（中低位）, 低位涨13.2%, 当日涨3.54%, MA20之上",2026-09-18
sz301169,零点有数,55.38,26.097152428810727,1.2688092945770815,6.45905420991926,建仓后期,100.0,"位置分位26.1%（低位）, 低位涨6.5%, 当日涨6.19%, MA20之上, 价升量增",2026-09-18
sz002507,涪陵榨菜,11.09,24.74226804123712,0.7457597529040488,-0.8936550491510246,建仓初期,50.0,"MA20之下（低位）, MA60之下（低位）, 连续3天缩量",2026-09-18
sz300424,航新科技,16.09,39.001692047377325,1.2048242903385693,14.764621968616265,建仓后期,60.0,"位置分位39.0%（中低位）, 低位涨14.8%, 当日涨3.87%, MA20之上, 价升量增",2026-09-18
sz301358,湖南裕能,53.89,2.6028928796031057,1.196545246073362,-19.90190249702735,建仓初期,100.0,"位置分位2.6%（极低位）, 低位跌-19.9%, MA20之下（低位）, MA60之下（低位）",2026-09-18
sz300493,润欣科技,12.85,19.58041958041958,1.2328933861864981,6.994171523730223,建仓后期,100.0,"位置分位19.6%（低位）, 低位涨7.0%, 当日涨3.55%, MA20之上, 价升量增",2026-09-18
sz002566,益盛药业,6.96,46.33204633204634,1.020593658295894,2.503681885125183,建仓后期,50.0,位置分位46.3%（中低位）,2026-09-18
sz300206,理邦仪器,11.42,11.162179908076162,1.0549745310302046,-5.853256389117896,建仓后期,66.66666666666666,位置分位11.2%（低位）,2026-09-18
sz000422,湖北宜化,11.84,3.5175879396984766,0.6893566335177309,-3.346938775510205,建仓初期,100.0,"位置分位3.5%（极低位）, 低位缩量（量比0.69）, MA20之下（低位）, MA60之下（低位）, 连续3天缩量",2026-09-18
sz002443,金洲管道,12.5,79.80869825138245,1.068390779567663,34.8435814455232,拉升,57.14285714285714,"20日大涨34.8%, MA20之上, MA60之上",2026-09-18
sz002862,实丰文化,15.38,48.74551971326164,0.6964726218556999,14.349442379182168,洗盘,57.14285714285714,中位缩量（量比0.70）,2026-09-18
sz002846,英联股份,11.85,34.276206322795346,1.2859944001947758,14.82558139534883,建仓后期,50.0,"位置分位34.3%（中低位）, 低位涨14.8%, MA20之上",2026-09-18
sz001258,立新能源,11.04,44.433872502378684,0.7375082049048673,-9.582309582309595,洗盘,66.66666666666666,连续3天缩量,2026-09-18
sz002380,科远智慧,26.84,5.501365587202497,1.3466986271518848,-1.5768243491015757,建仓初期,91.66666666666666,"位置分位5.5%（极低位）, MA20之下（低位）, MA60之下（低位）",2026-09-18
sz301353,普莱得,18.93,47.9222132191226,0.8645365682809565,-0.5254860746190301,建仓后期,50.0,位置分位47.9%（中低位）,2026-09-18
sz301589,诺瓦星云,159.7,51.328458925020726,0.972384432807143,17.21445033248681,拉升,57.14285714285714,"20日大涨17.2%, MA20之上, MA60之上",2026-09-18
sz002487,大金重工,39.6,12.166076601223047,0.8534728116293229,1.071975497702914,建仓后期,87.5,"位置分位12.2%（低位）, MA20之上",2026-09-18
sz000001,平安银行,11.7,81.81818181818178,1.0686785157330532,2.5416301489921045,出货,85.71428571428571,位置分位81.8%（中高位）,2026-09-18
sz002515,金字火腿,7.59,35.34072900158478,1.0794236778539108,-7.88834951456311,建仓后期,50.0,位置分位35.3%（中低位）,2026-09-18
sz300666,江丰电子,260.44,44.55789687174358,1.087352408785618,5.569517632752334,建仓后期,72.72727272727273,"位置分位44.6%（中低位）, 低位涨5.6%, 当日涨4.43%, MA20之上",2026-09-18
sz301365,矩阵股份,37.67,62.0057306590258,0.6512731740004467,-3.854007146503313,洗盘,100.0,"位置分位62.0%（中位）, 中位缩量（量比0.65）",2026-09-18
sz300715,凯伦股份,13.98,19.568916619398756,0.9093670139144997,-3.4530386740331496,建仓后期,75.0,位置分位19.6%（低位）,2026-09-18
sz002163,海南发展,7.73,11.532625189681344,1.2763688048140163,-2.522068095838579,建仓后期,75.0,"位置分位11.5%（低位）, 连续3天放量",2026-09-18
sz300798,锦鸡股份,8.28,34.102564102564095,1.1932314699573656,16.12903225806451,建仓后期,72.72727272727273,"位置分位34.1%（中低位）, 低位涨16.1%, 当日涨4.68%",2026-09-18
sz002181,粤 传 媒,9.44,16.446735395189002,0.952465107131781,14.147521160822249,建仓后期,100.0,"位置分位16.4%（低位）, 低位涨14.1%, MA20之上",2026-09-18
sz002268,电科网安,14.73,47.83783783783785,0.7679301829412042,8.46833578792342,建仓后期,66.66666666666666,"位置分位47.8%（中低位）, 低位涨8.5%, MA20之上",2026-09-18
sz301106,骏成科技,19.02,38.494018296973955,1.0865745889072402,-18.543897216274097,建仓后期,33.33333333333333,位置分位38.5%（中低位）,2026-09-18
sz002046,国机精工,64.23,64.92969396195203,0.8809556853241666,30.522251574883157,拉升,57.14285714285714,"20日大涨30.5%, MA20之上, MA60之上",2026-09-18
sz002950,奥美医疗,8.43,1.5556938394523905,1.3993361461799505,-9.452201933404949,建仓初期,100.0,"位置分位1.6%（极低位）, MA20之下（低位）, MA60之下（低位）",2026-09-18
sz300101,振芯科技,13.97,6.531738730450791,1.1695579300230463,-0.6401137980085337,建仓初期,100.0,"位置分位6.5%（极低位）, MA20之下（低位）, MA60之下（低位）",2026-09-18
sz301056,森赫股份,13.8,62.54335260115608,0.6622670631227728,25.683060109289617,洗盘,57.89473684210527,"位置分位62.5%（中位）, 中位缩量（量比0.66）",2026-09-18
sz000626,远大控股,8.85,68.84531590413944,0.8397606223270466,12.167300380228136,洗盘,60.0,位置分位68.8%（中位）,2026-09-18
sz002799,环球印务,6.66,29.729729729729737,0.9100234102922563,-1.479289940828397,建仓后期,75.0,位置分位29.7%（低位）,2026-09-18
sz002131,利欧股份,4.5,18.329514684440742,1.2429860693712007,-1.5317286652078836,建仓后期,70.0,"位置分位18.3%（低位）, 价升量增",2026-09-18
sz300279,和晶科技,6.01,26.02996254681647,0.9065753497184478,6.939501779359425,建仓后期,100.0,"位置分位26.0%（低位）, 低位涨6.9%, MA20之上",2026-09-18
sz300638,广和通,19.79,32.1784722936157,1.888278075694623,4.819915254237289,建仓后期,46.666666666666664,"位置分位32.2%（中低位）, 当日涨5.15%, MA20之上, 价升量增",2026-09-18
sz001979,招商蛇口,7.07,23.648293963254613,2.0391858150698545,-5.227882037533508,建仓后期,100.0,"位置分位23.6%（低位）, 低位放量（量比2.04）, 当日涨6.00%, MA20之上, 价升量增",2026-09-18
sz002138,顺络电子,52.52,42.98889121777406,1.1102953709869046,5.166199439327204,建仓后期,72.72727272727273,"位置分位43.0%（中低位）, 低位涨5.2%, 当日涨5.19%, MA20之上",2026-09-18
sz300386,飞天诚信,11.06,34.835355285961874,0.6833275723009563,-3.237095363079608,洗盘,72.72727272727273,中位缩量（量比0.68）,2026-09-18
sz300247,融捷健康,3.59,7.6923076923076845,1.2503621623690064,-2.7100271002710055,建仓初期,100.0,"位置分位7.7%（极低位）, MA20之下（低位）, MA60之下（低位）",2026-09-18
sz300546,雄帝科技,16.81,32.51379829402909,0.8214010697413058,-5.667789001122343,建仓后期,50.0,位置分位32.5%（中低位）,2026-09-18
sz300814,中富电路,145.81,50.15825169555389,1.058986485452347,4.560774471136618,洗盘,66.66666666666666,位置分位50.2%（中位）,2026-09-18
sz001231,农心科技,21.67,58.28157349896483,0.9530777175784152,3.2888465204957162,洗盘,66.66666666666666,位置分位58.3%（中位）,2026-09-18
sz002765,蓝黛科技,6.86,18.863636363636367,1.056091958069655,-2.695035460992901,建仓后期,66.66666666666666,位置分位18.9%（低位）,2026-09-18
sz300854,中兰环保,15.28,15.584988962472405,1.0005748617177148,-14.157303370786522,建仓后期,66.66666666666666,位置分位15.6%（低位）,2026-09-18
sz300122,智飞生物,12.75,29.525483304042165,1.399670803199623,-8.27338129496403,建仓后期,75.0,"位置分位29.5%（低位）, 当日涨3.24%, 价升量增",2026-09-18
sz002729,好利科技,13.94,22.96099290780142,1.1043367799451824,1.9751280175566905,建仓后期,87.5,"位置分位23.0%（低位）, MA20之上",2026-09-18
sz301687,新广益,52.15,18.45454545454545,0.8747955649248488,5.716602473140077,建仓后期,90.0,"位置分位18.5%（低位）, 低位涨5.7%, MA20之上",2026-09-18
sz002707,众信旅游,5.11,23.39449541284406,1.0184638437257605,-2.480916030534349,建仓后期,66.66666666666666,位置分位23.4%（低位）,2026-09-18
sz002436,兴森科技,42.88,65.87837837837839,1.0312157867955971,21.3012729844413,拉升,64.70588235294117,"20日大涨21.3%, 当日大涨4.08%, MA20之上, MA60之上",2026-09-18
sz300145,南方泵业,4.87,33.33333333333333,0.7230340702743397,15.95238095238095,建仓后期,70.0,"位置分位33.3%（中低位）, 低位涨16.0%, MA20之上",2026-09-18
sz300673,佩蒂股份,14.9,73.51269420234941,1.2277170937719961,15.503875968992247,拉升,52.63157894736842,"20日大涨15.5%, MA20之上, MA60之上, 价升量增",2026-09-18
sz002356,鹏飞绿能,2.7,23.809523809523828,0.939732719055307,-2.173913043478247,建仓后期,66.66666666666666,位置分位23.8%（低位）,2026-09-18
sz000893,亚钾国际,39.77,6.336470323572437,1.1716330365392402,-16.043909647456182,建仓初期,100.0,"位置分位6.3%（极低位）, 低位跌-16.0%, MA20之下（低位）, MA60之下（低位）",2026-09-18
sz000819,岳阳兴长,11.93,21.08345534407027,0.9572492827954617,0.1679261125104918,建仓后期,75.0,位置分位21.1%（低位）,2026-09-18
sz002305,*ST南置,2.02,38.96103896103896,1.343077083116613,-4.7169811320754755,建仓后期,57.14285714285714,"位置分位39.0%（中低位）, 价升量增",2026-09-18
sz300242,佳云科技,3.88,8.62944162436548,1.1016604211827397,-3.7220843672456665,建仓初期,100.0,"位置分位8.6%（极低位）, MA20之下（低位）, MA60之下（低位）",2026-09-18
sz002752,昇兴股份,6.26,35.217391304347814,0.8494780408810058,5.387205387205377,建仓后期,66.66666666666666,"位置分位35.2%（中低位）, 低位涨5.4%, MA20之上",2026-09-18
sz002124,天邦食品,2.25,17.600000000000016,0.8135741403746436,-0.8810572687224677,建仓后期,66.66666666666666,位置分位17.6%（低位）,2026-09-18
sz300901,中胤时尚,17.82,60.95238095238097,0.9536547993049077,-1.8722466960352415,洗盘,85.71428571428571,位置分位61.0%（中位）,2026-09-18
sz301392,汇成真空,178.5,38.35978835978836,1.2340755271129222,5.9221457393781085,建仓后期,75.0,"位置分位38.4%（中低位）, 低位涨5.9%, 当日涨3.73%, MA20之上, 价升量增",2026-09-18
sz003035,南网能源,5.68,14.02948402948402,0.6752238287989162,9.021113243761992,建仓初期,55.55555555555556,"低位缩量（量比0.68）, MA20之下（低位）, 连续3天缩量",2026-09-18
sz001336,楚环科技,19.17,53.63855927753861,1.359521807479984,2.4038461538461693,洗盘,54.54545454545454,位置分位53.6%（中位）,2026-09-18
sz002215,诺 普 信,9.67,51.7915309446254,0.8162971265248818,5.10869565217392,洗盘,60.0,位置分位51.8%（中位）,2026-09-18
sz002192,融捷股份,60.79,11.680026173728121,1.179857799325623,-16.163287822369334,建仓初期,50.0,"低位跌-16.2%, MA20之下（低位）, MA60之下（低位）",2026-09-18
sz300138,晨光生物,10.99,53.90070921985816,1.2859242060141585,0.09107468123861373,洗盘,85.71428571428571,位置分位53.9%（中位）,2026-09-18
sz002825,纳尔股份,9.55,53.38510070371271,0.9019439156538293,5.641592920354,洗盘,60.0,位置分位53.4%（中位）,2026-09-18
sz000520,凤凰航运,4.1,47.36842105263156,0.6250085886049962,-3.981264637002341,洗盘,78.57142857142857,"中位缩量（量比0.63）, 连续3天缩量",2026-09-18
sz300846,首都在线,20.17,17.594654788418712,1.4327824054809177,3.915507470376103,建仓后期,100.0,"位置分位17.6%（低位）, 当日涨3.17%, MA20之上, 价升量增",2026-09-18
sz000058,深 赛 格,7.03,42.974588938714525,1.005290774130692,4.925373134328359,建仓后期,50.0,位置分位43.0%（中低位）,2026-09-18
sz300516,久之洋,35.28,51.92468068296539,1.4423634124698936,13.258426966292145,拉升,64.70588235294117,"20日涨13.3%, 当日大涨3.80%, MA20之上, MA60之上, 价升量增",2026-09-18
sz000856,冀东装备,8.64,40.50632911392406,0.7766956776009324,1.2895662368112686,洗盘,66.66666666666666,连续3天缩量,2026-09-18
sz002512,ST达华,4.0,45.04132231404958,1.1487686311944258,-2.6763990267639977,建仓后期,62.5,"位置分位45.0%（中低位）, 当日涨3.09%",2026-09-18
sz002995,天地在线,16.82,22.413793103448278,0.9815842650030442,0.17867778439548027,建仓后期,66.66666666666666,位置分位22.4%（低位）,2026-09-18
sz300183,东软载波,10.91,28.085735402808577,0.7717394791150588,4.501915708812267,建仓后期,70.0,"位置分位28.1%（低位）, MA20之上",2026-09-18
sz002965,祥鑫科技,31.11,14.317745035233823,1.9379138569953223,-1.4258555133079827,建仓后期,93.75,"位置分位14.3%（低位）, 低位放量（量比1.94）, 当日涨10.01%, MA20之上, 价升量增",2026-09-18
sz301157,华塑科技,64.85,38.660008322929656,1.3963261898135264,3.0182684670373177,建仓后期,70.0,"位置分位38.7%（中低位）, 当日涨5.16%, MA20之上, 价升量增",2026-09-18
sz000591,太阳能,4.29,7.182087029995772,1.1320603696475613,1.9002375296912133,建仓初期,100.0,"位置分位7.2%（极低位）, MA20之下（低位）, MA60之下（低位）",2026-09-18
sz300724,捷佳伟创,54.11,5.972120102636431,1.598663593822459,-6.270569894335696,建仓初期,50.0,"位置分位6.0%（极低位）, MA60之下（低位）",2026-09-18
sz301071,力量钻石,71.1,48.52414438385402,0.9437748168066846,20.121642169285348,建仓后期,70.0,"位置分位48.5%（中低位）, 低位涨20.1%, MA20之上",2026-09-18
sz003019,宸展光电,27.54,26.07373622196883,1.0401600812176766,14.416285832987116,建仓后期,100.0,"位置分位26.1%（低位）, 低位涨14.4%, MA20之上",2026-09-18
sz002545,东方铁塔,15.93,5.987488829311885,0.9027546900973641,-8.553386911595878,建仓初期,100.0,"位置分位6.0%（极低位）, MA20之下（低位）, MA60之下（低位）",2026-09-18
sz002144,宏达高科,10.46,22.171253822629982,0.8480784035056552,-4.909090909090901,建仓后期,66.66666666666666,位置分位22.2%（低位）,2026-09-18
sz002038,双鹭药业,5.62,17.86492374727669,1.4947208580930962,-20.62146892655367,建仓后期,53.84615384615385,"位置分位17.9%（低位）, 价升量增",2026-09-18
sz300773,拉卡拉,14.93,19.115323854660332,1.0933988136433235,-1.8408941485864634,建仓后期,66.66666666666666,位置分位19.1%（低位）,2026-09-18
sz002425,凯撒文化,3.08,47.88732394366198,1.0475842535760915,0.6535947712418306,建仓后期,50.0,位置分位47.9%（中低位）,2026-09-18
sz300498,温氏股份,14.79,57.41035152799857,0.9471750394767496,8.830022075055183,洗盘,50.0,位置分位57.4%（中位）,2026-09-18
sz002399,海普瑞,9.35,27.28731942215087,2.0550058341518724,-10.697230181470879,建仓后期,78.57142857142857,"位置分位27.3%（低位）, 低位放量（量比2.06）",2026-09-18
sz300545,联得装备,27.42,19.143968871595334,1.0954976950807824,-19.542253521126753,建仓初期,50.0,"低位跌-19.5%, MA20之下（低位）, MA60之下（低位）",2026-09-18
sz002833,弘亚数控,18.32,48.598130841121495,1.6220266641089582,2.3463687150838086,建仓后期,38.46153846153847,"位置分位48.6%（中低位）, MA20之上, 价升量增",2026-09-18
sz300400,劲拓股份,36.88,66.66666666666669,0.9303126740724587,30.134086097388856,拉升,57.14285714285714,"20日大涨30.1%, MA20之上, MA60之上",2026-09-18
sz000612,焦作万方,11.4,46.8864468864469,0.6519942073181292,2.4258760107816673,洗盘,66.66666666666666,中位缩量（量比0.65）,2026-09-18
sz300573,兴齐眼药,36.12,6.7211386399578,1.39192068388581,-9.13207547169812,建仓初期,100.0,"位置分位6.7%（极低位）, MA20之下（低位）, MA60之下（低位）",2026-09-18
sz000498,山东路桥,5.05,39.85401459854016,1.8831803229884503,2.6422764227642253,建仓后期,38.46153846153847,"位置分位39.9%（中低位）, MA20之上, 价升量增",2026-09-18
sz300887,谱尼测试,6.81,16.335540838852083,1.0222495082093679,-4.6218487394958,建仓后期,66.66666666666666,位置分位16.3%（低位）,2026-09-18
sz300214,日科化学,10.15,42.24664224664224,0.7489171555458084,-21.31782945736434,建仓后期,33.33333333333333,位置分位42.2%（中低位）,2026-09-18
